arm	exchange_id	profiles	location_spread	mean_width	max_width	constant_across_profiles	all_fixed_within_profile
magnitude_g0.50	EX_2pg_e	47	1.868683024691944e-09	1.1555952001901636e-09	3.755159330707261e-09	True	True
magnitude_g0.50	EX_34hpp_e	47	1.4221896967306016e-08	9.223624563315928e-09	2.8567374665310052e-08	True	True
magnitude_g0.50	EX_3hanthrn_e	47	2.560976542588395e-09	1.6212318215154346e-09	4.918172037873217e-09	True	True
magnitude_g0.50	EX_3pg_e	47	1.9688228158961617e-09	1.1994861690714923e-09	3.953362229833302e-09	True	True
magnitude_g0.50	EX_4abut_e	47	6.027037363068409e-09	4.002482901165782e-09	1.2107391316785815e-08	True	True
magnitude_g0.50	EX_4hbz_e	47	1.1984003273636626e-09	9.090370526180003e-10	2.7178730919975996e-09	True	True
magnitude_g0.50	EX_L2aadp_e	47	1.985718545554428e-09	1.233238898137892e-09	3.9892829736239294e-09	True	True
magnitude_g0.50	EX_Lkynr_e	47	4.914813915276763e-09	3.2060513902506737e-09	9.87051622412358e-09	True	True
magnitude_g0.50	EX_acac_e	47	1.6913656534783193e-08	6.859210664627513e-09	3.390355794958073e-08	True	True
magnitude_g0.50	EX_ade_e	47	2.4921907067621047e-10	1.5615788224845451e-10	5.005260790230193e-10	True	True
magnitude_g0.50	EX_adn_e	47	1.932458197246199e-10	1.217688309926371e-10	3.880971066794763e-10	True	True
magnitude_g0.50	EX_ahcys_e	47	1.8839582842015728e-10	1.1340081007650657e-10	3.783335510534842e-10	True	True
magnitude_g0.50	EX_akg_e	47	4.8118051929728166e-08	2.603075115927434e-08	9.67235159233537e-08	True	True
magnitude_g0.50	EX_ala__L_e	47	0.13254243758984785	2.049438406593955e-07	2.12703905688727e-06	False	True
magnitude_g0.50	EX_amp_e	47	1.9720302263548505e-10	1.223857845173627e-10	3.95995552911614e-10	True	True
magnitude_g0.50	EX_anth_e	47	3.508426597152811e-09	2.3296259537549784e-09	7.0467713509249336e-09	True	True
magnitude_g0.50	EX_arg__L_e	47	2.7693386139837628e-08	1.8958720305246072e-08	5.943605130287466e-08	True	True
magnitude_g0.50	EX_asn__L_e	47	5.556388130871694	5.458603585924297e-07	7.859108729579845e-06	False	True
magnitude_g0.50	EX_asp__L_e	47	1.1812992914140943	2.0539754987900953e-07	1.6933716125849818e-06	False	True
magnitude_g0.50	EX_bilirub_e	47	4.5318346182372644e-10	1.7892511424578807e-10	7.628980824098915e-10	True	True
magnitude_g0.50	EX_cala_e	47	5.795939194072332e-10	3.940641768190355e-10	1.1645307579174857e-09	True	True
magnitude_g0.50	EX_chol_e	47	0.04418077614157989	6.67931198577171e-08	7.12422193016593e-07	False	True
magnitude_g0.50	EX_cholp_e	47	1.4190258354075326e-09	8.658630510218781e-10	2.8490997907514466e-09	True	True
magnitude_g0.50	EX_cit_e	47	2.7812790368521387	2.592719883278312e-07	4.5092260331225376e-06	False	True
magnitude_g0.50	EX_citr__L_e	47	8.871905654256439e-09	5.751772746105414e-09	1.7659584746603805e-08	True	True
magnitude_g0.50	EX_cmp_e	47	3.560004737495343e-10	2.356017904370298e-10	7.150740994451962e-10	True	True
magnitude_g0.50	EX_crn_e	47	9.266620491411165e-09	4.938962321145949e-09	1.859564397273426e-08	True	True
magnitude_g0.50	EX_cyst__L_e	47	8.095338911799522e-10	5.077826138956353e-10	1.6256150172967688e-09	True	True
magnitude_g0.50	EX_cytd_e	47	3.650296916516572e-10	2.334623182066685e-10	7.331810851244913e-10	True	True
magnitude_g0.50	EX_dad_2_e	47	2.0629917855892517e-10	1.2793122765289408e-10	4.1425650288634453e-10	True	True
magnitude_g0.50	EX_dcmp_e	47	2.9621386578316406e-10	1.85607004278389e-10	5.949129390615631e-10	True	True
magnitude_g0.50	EX_dcyt_e	47	3.4169819130263707e-10	2.1406342081347536e-10	6.860900373597834e-10	True	True
magnitude_g0.50	EX_dhap_e	47	1.0805162096837992e-09	6.663604602446874e-10	2.1694446058710783e-09	True	True
magnitude_g0.50	EX_dmgly_e	47	1.2988977210111964e-09	8.220063910721618e-10	2.6116635605036887e-09	True	True
magnitude_g0.50	EX_duri_e	47	3.65421743871329e-10	2.355121977275299e-10	7.338491211075762e-10	True	True
magnitude_g0.50	EX_ethamp_e	47	1.845420229084023e-09	1.1207138548560667e-09	3.704395714797475e-09	True	True
magnitude_g0.50	EX_fol_e	47	3.99636444165727e-08	1.870880135528891e-08	8.033988872695545e-08	True	True
magnitude_g0.50	EX_fum_e	47	0.3278597844187945	6.003275973682042e-07	1.964325304301684e-05	False	False
magnitude_g0.50	EX_g3pc_e	47	1.032504844528065e-09	6.428209787752858e-10	2.0736981282118557e-09	True	True
magnitude_g0.50	EX_glc__D_e	47	2.115390529411343e-09	1.2623981481912314e-09	4.246661688966924e-09	True	True
magnitude_g0.50	EX_glcur_e	47	4.604253154818364e-09	2.794368562778882e-09	9.242797866749052e-09	True	True
magnitude_g0.50	EX_gln__L_e	47	5.512140159974086	5.072491199085717e-07	9.817038415071977e-06	False	True
magnitude_g0.50	EX_glu__L_e	47	5.440083987071041	4.816711718086042e-07	4.083261263332361e-06	False	True
magnitude_g0.50	EX_gly_e	47	0.21754016787846941	3.3429114363892773e-07	4.956190582605657e-06	False	True
magnitude_g0.50	EX_glyald_e	47	3.1062534262920288e-09	1.936163874485123e-09	6.247606423496318e-09	True	True
magnitude_g0.50	EX_glyb_e	47	6.145758133846838e-09	3.6962486153659456e-09	1.2348541689448623e-08	True	True
magnitude_g0.50	EX_glyc3p_e	47	1.0309962594786685e-09	6.466749414191499e-10	2.0709435446716e-09	True	True
magnitude_g0.50	EX_gmp_e	47	2.4720988944574504e-10	1.5097561725870213e-10	4.964709087816883e-10	True	True
magnitude_g0.50	EX_gthox_e	47	5.759460974099007e-09	3.95398270355386e-09	1.1574971792176685e-08	True	True
magnitude_g0.50	EX_hcys__L_e	47	1.0119225232458404e-09	6.629518164912967e-10	2.032746135144621e-09	True	True
magnitude_g0.50	EX_hom__L_e	47	0.0	0.0	0.0	True	True
magnitude_g0.50	EX_hxan_e	47	3.070983225946959e-10	1.960919958002561e-10	6.169708615776368e-10	True	True
magnitude_g0.50	EX_icit_e	47	4.561187863164832e-08	2.598136313120701e-08	9.151005068776518e-08	True	True
magnitude_g0.50	EX_ile__L_e	47	2.4931131714645005e-08	1.4355083545026862e-08	5.013789805552449e-08	True	True
magnitude_g0.50	EX_imp_e	47	2.131844557277317e-10	1.3294375285511856e-10	4.281105525627277e-10	True	True
magnitude_g0.50	EX_ins_e	47	2.187126642292603e-10	1.352439471588115e-10	4.3942118548403376e-10	True	True
magnitude_g0.50	EX_lac__L_e	47	7.700909356343006	1.2120892224850364e-06	1.6900844691747352e-05	False	False
magnitude_g0.50	EX_lcts_e	47	6.365639809416229e-10	4.645387129033679e-10	1.2815870847943075e-09	True	True
magnitude_g0.50	EX_leu__L_e	47	2.4976579915403363e-08	1.4476407254970555e-08	5.013468262760057e-08	True	True
magnitude_g0.50	EX_lys__L_e	47	2.863181558510064e-08	1.837407681323493e-08	5.754373821886816e-08	True	True
magnitude_g0.50	EX_mal__L_e	47	5.529992046646172	1.0612939778568574e-06	1.7312203194563835e-05	False	False
magnitude_g0.50	EX_met__L_e	47	2.4954741328908625e-08	1.4353714643580766e-08	5.013395221187267e-08	True	True
magnitude_g0.50	EX_nac_e	47	4.1831180473492465e-09	2.6752504193879286e-09	8.40619622042974e-09	True	True
magnitude_g0.50	EX_ncam_e	47	2.0062711675470036e-08	1.3176127560225847e-08	4.0304235066106925e-08	True	True
magnitude_g0.50	EX_nicrnt_e	47	5.599262379363109e-10	3.506207657825459e-10	1.1243072476238513e-09	True	True
magnitude_g0.50	EX_orn_e	47	1.4272955762080524e-08	7.477354626969524e-09	2.8639389064516456e-08	True	True
magnitude_g0.50	EX_orot5p_e	47	3.235788443444164e-10	2.073336355288103e-10	6.498318403079382e-10	True	True
magnitude_g0.50	EX_orot_e	47	7.073448780878071e-10	4.4270214474314235e-10	1.420541391394631e-09	True	True
magnitude_g0.50	EX_oxa_e	47	2.4625522914583744e-09	1.5491656691861367e-09	4.945218447789861e-09	True	True
magnitude_g0.50	EX_pep_e	47	1.6921439093299965e-09	1.0661437635244603e-09	3.400633542620855e-09	True	True
magnitude_g0.50	EX_phe__L_e	47	2.7166994931437927e-08	1.7899946325408996e-08	5.4559932016751134e-08	True	True
magnitude_g0.50	EX_pnto__R_e	47	1.713086067621047e-08	1.1104548346832545e-08	3.743216574799795e-08	True	True
magnitude_g0.50	EX_pro__L_e	47	2.1116751458549743e-08	1.6862300770822427e-08	5.78846360843599e-08	True	True
magnitude_g0.50	EX_quln_e	47	1.45074194431463e-09	9.914506179039988e-10	2.9269613982706623e-09	True	True
magnitude_g0.50	EX_sbt__D_e	47	2.936758271402467e-10	7.194594387118856e-11	5.873516542804934e-10	True	True
magnitude_g0.50	EX_ser__L_e	47	8.313820742955613e-09	4.547578049354381e-09	1.6693729065764273e-08	True	True
magnitude_g0.50	EX_spmd_e	47	7.911170766585258e-10	4.841885279037582e-10	1.6576218291953255e-09	True	True
magnitude_g0.50	EX_sprm_e	47	2.8434601676572857e-10	1.7736363562684148e-10	5.702871909764663e-10	True	True
magnitude_g0.50	EX_srtn_e	47	4.986156507276015e-09	3.2124310804059423e-09	1.0014641647765962e-08	True	True
magnitude_g0.50	EX_succ_e	47	3.532994849409368	3.8712537963933297e-07	2.62366833947425e-06	False	True
magnitude_g0.50	EX_sucr_e	47	3.1716711041090704e-10	1.67683329647326e-10	6.343342208218141e-10	True	True
magnitude_g0.50	EX_taur_e	47	2.801332360150001e-09	1.8353522658685208e-09	5.628159040490857e-09	True	True
magnitude_g0.50	EX_tchola_e	47	6.338365108147202e-10	5.699968119168028e-10	1.2763548720417159e-09	True	True
magnitude_g0.50	EX_thr__L_e	47	2.497859463712615e-08	1.435404771875577e-08	5.0138725615767044e-08	True	True
magnitude_g0.50	EX_thym_e	47	4.4436926585536986e-10	2.760760751646199e-10	8.922476147588097e-10	True	True
magnitude_g0.50	EX_thymd_e	47	3.036165527526874e-10	1.956351282354686e-10	6.096765197617726e-10	True	True
magnitude_g0.50	EX_trp__L_e	47	2.49763550674853e-08	1.4352975363637355e-08	5.013354969010675e-08	True	True
magnitude_g0.50	EX_tyr__L_e	47	1.167489227515972e-08	2.2298436673949747e-08	7.681533692460718e-08	True	True
magnitude_g0.50	EX_ump_e	47	2.3270877698094179e-10	2.1335345045821678e-10	4.685982149769498e-10	True	True
magnitude_g0.50	EX_ura_e	47	6.116435336635135e-10	3.8191109021668774e-10	1.2281348664302177e-09	True	True
magnitude_g0.50	EX_urate_e	47	3.095707483527081e-10	1.8376575089011313e-10	6.216570364487033e-10	True	True
magnitude_g0.50	EX_uri_e	47	3.764038125999324e-10	2.3597532841341235e-10	7.559254961728855e-10	True	True
magnitude_g0.50	EX_val__L_e	47	2.4977347412580286e-08	1.435371091252275e-08	5.01360591931288e-08	True	True
magnitude_g0.50	EX_xan_e	47	2.73273834384338e-10	1.7140626559217556e-10	5.488019135778035e-10	True	True
magnitude_g0.50	EX_xmp_e	47	2.1633932754402953e-10	1.3509150562110493e-10	4.3443883774559033e-10	True	True
magnitude_g0.50	EX_xtsn_e	47	2.1354920350069037e-10	1.3375296878498087e-10	4.28806554651717e-10	True	True
magnitude_g0.80	EX_2pg_e	47	2.9349815919179175e-09	1.5859154890270584e-09	5.904434499132566e-09	True	True
magnitude_g0.80	EX_34hpp_e	47	2.2101263515704603e-08	1.1845296896105852e-08	4.44275857175409e-08	True	True
magnitude_g0.80	EX_3hanthrn_e	47	4.050724142116952e-09	2.14377989296392e-09	7.836788999184082e-09	True	True
magnitude_g0.80	EX_3pg_e	47	3.0973170602157597e-09	1.6619727036903216e-09	6.224454406698568e-09	True	True
magnitude_g0.80	EX_4abut_e	47	9.42824807457289e-09	5.387838912898429e-09	1.8950903998942355e-08	True	True
magnitude_g0.80	EX_4hbz_e	47	1.8163427472357225e-09	1.1889014799637065e-09	4.220163428329806e-09	True	True
magnitude_g0.80	EX_L2aadp_e	47	3.1842612636507854e-09	1.6775479093394804e-09	6.40043256452406e-09	True	True
magnitude_g0.80	EX_Lkynr_e	47	8.424180524776803e-09	4.355272935533599e-09	1.692772536348127e-08	True	True
magnitude_g0.80	EX_acac_e	47	3.9690834085452186e-08	1.0588867054268625e-08	7.961449511849137e-08	True	True
magnitude_g0.80	EX_ade_e	47	3.615708175206169e-10	2.0846114146623048e-10	7.267993549481537e-10	True	True
magnitude_g0.80	EX_adn_e	47	3.003535692404714e-10	1.6490607192374507e-10	6.036046318889145e-10	True	True
magnitude_g0.80	EX_ahcys_e	47	2.945034546976968e-10	1.530770733057038e-10	5.916013314099834e-10	True	True
magnitude_g0.80	EX_akg_e	47	4.5528598485539006e-08	2.972101072074844e-08	9.160309493368258e-08	True	True
magnitude_g0.80	EX_ala__L_e	47	0.1325426400243881	3.293854866401029e-07	1.6562043576584529e-06	False	True
magnitude_g0.80	EX_amp_e	47	3.0166398103080344e-10	1.6676106356539765e-10	6.062650666906099e-10	True	True
magnitude_g0.80	EX_anth_e	47	6.324908978582305e-09	3.246801274377365e-09	1.2713117780145012e-08	True	True
magnitude_g0.80	EX_arg__L_e	47	3.925069580468232e-08	2.4143390445267246e-08	8.452726107943676e-08	True	True
magnitude_g0.80	EX_asn__L_e	47	4.761899195253903	5.918302170371023e-07	2.8986154472221415e-06	False	True
magnitude_g0.80	EX_asp__L_e	47	7.84215530291732e-08	6.443884243222563e-08	2.0588673477206498e-07	True	True
magnitude_g0.80	EX_bilirub_e	47	6.874170230920045e-10	2.1241678008880296e-10	7.927841926820269e-10	True	True
magnitude_g0.80	EX_cala_e	47	8.751578290427205e-10	5.12756740277995e-10	1.760886209462644e-09	True	True
magnitude_g0.80	EX_chol_e	47	0.044180767615669414	7.91508867620604e-08	5.52167924938729e-07	False	True
magnitude_g0.80	EX_cholp_e	47	2.116574806110491e-09	1.1647443942318512e-09	4.254167208574253e-09	True	True
magnitude_g0.80	EX_cit_e	47	1.2407337861453536	2.8328295888866574e-07	5.46031986581319e-06	False	True
magnitude_g0.80	EX_citr__L_e	47	1.558546921452135e-08	7.965579702242899e-09	3.132772225219309e-08	True	True
magnitude_g0.80	EX_cmp_e	47	3.351444110187325e-10	2.467338030376472e-10	6.70288822037465e-10	True	True
magnitude_g0.80	EX_crn_e	47	1.3334396391184322e-08	6.7310373550406885e-09	2.6799342051281853e-08	True	True
magnitude_g0.80	EX_cyst__L_e	47	1.232354981843236e-09	6.740401500064653e-10	2.4768013666373376e-09	True	True
magnitude_g0.80	EX_cytd_e	47	5.416203461686406e-10	3.103678221746624e-10	1.0888587623838778e-09	True	True
magnitude_g0.80	EX_dad_2_e	47	3.2327386685936394e-10	1.743702718247475e-10	6.495770446667947e-10	True	True
magnitude_g0.80	EX_dcmp_e	47	4.5361708879721104e-10	2.4936540465834203e-10	9.116350726968315e-10	True	True
magnitude_g0.80	EX_dcyt_e	47	5.213350841147525e-10	2.868678195947508e-10	1.0478161505331973e-09	True	True
magnitude_g0.80	EX_dhap_e	47	1.6953987772139913e-09	9.168359542145962e-10	3.407111418686413e-09	True	True
magnitude_g0.80	EX_dmgly_e	47	2.119052794230247e-09	1.1454316335390406e-09	4.2639351020550485e-09	True	True
magnitude_g0.80	EX_duri_e	47	5.499399760646e-10	3.133941108270235e-10	1.1055535302591757e-09	True	True
magnitude_g0.80	EX_ethamp_e	47	2.4239893417528143e-09	1.3703144110767489e-09	4.873058476493865e-09	True	True
magnitude_g0.80	EX_fol_e	47	8.689983445464992e-08	2.921422979505004e-08	1.7439540398226353e-07	True	True
magnitude_g0.80	EX_fum_e	47	0.3278597805116371	2.6813633219254006e-07	1.6217270317198107e-06	False	True
magnitude_g0.80	EX_g3pc_e	47	1.5845274773809922e-09	8.770008835131065e-10	3.1859169507890906e-09	True	True
magnitude_g0.80	EX_glc__D_e	47	3.7177869671722874e-09	1.8775123866957304e-09	7.466683271672991e-09	True	True
magnitude_g0.80	EX_glcur_e	47	6.253701566024514e-09	3.62292995631929e-09	1.257577305085096e-08	True	True
magnitude_g0.80	EX_gln__L_e	47	5.5369962711006036	4.2200354461015424e-07	4.109986655453923e-06	False	True
magnitude_g0.80	EX_glu__L_e	47	5.415007930585908	7.447400650593931e-07	3.871057286275459e-06	False	True
magnitude_g0.80	EX_gly_e	47	0.21754003913445064	3.53120475678115e-07	3.041641765344494e-06	False	True
magnitude_g0.80	EX_glyald_e	47	5.146568849466035e-09	2.7269489000793465e-09	1.0339795193303157e-08	True	True
magnitude_g0.80	EX_glyb_e	47	9.708320605743591e-09	5.084765701386048e-09	1.9523520084681096e-08	True	True
magnitude_g0.80	EX_glyc3p_e	47	1.6319877487450936e-09	8.916436633803647e-10	3.280994118594396e-09	True	True
magnitude_g0.80	EX_gmp_e	47	3.41770038871662e-10	1.7127413835387406e-10	6.83540077743324e-10	True	True
magnitude_g0.80	EX_gthox_e	47	8.414850434332316e-09	5.11170367095505e-09	1.6973966013339068e-08	True	True
magnitude_g0.80	EX_hcys__L_e	47	1.4576646583532172e-09	8.755301802046366e-10	2.9842637016592707e-09	True	True
magnitude_g0.80	EX_hom__L_e	47	0.0	0.0	0.0	True	True
magnitude_g0.80	EX_hxan_e	47	4.3182219076775327e-10	2.550801657939793e-10	8.68713545473207e-10	True	True
magnitude_g0.80	EX_icit_e	47	8.015063893793675e-08	3.483238491964217e-08	1.6095230990489933e-07	True	True
magnitude_g0.80	EX_ile__L_e	47	3.4352308109220075e-08	1.952357937020549e-08	6.924080053760662e-08	True	True
magnitude_g0.80	EX_imp_e	47	3.369484449754135e-10	1.8128938663211953e-10	6.770899346875538e-10	True	True
magnitude_g0.80	EX_ins_e	47	3.412406913132454e-10	1.8540278069367294e-10	6.85718659117076e-10	True	True
magnitude_g0.80	EX_lac__L_e	47	7.945524032359959	1.4921614174811372e-06	1.8433917514215636e-05	False	False
magnitude_g0.80	EX_lcts_e	47	1.0697354118768338e-09	6.470493697410761e-10	2.1577044896601033e-09	True	True
magnitude_g0.80	EX_leu__L_e	47	3.443767071509285e-08	1.970512902022347e-08	6.924358275650633e-08	True	True
magnitude_g0.80	EX_lys__L_e	47	4.0634311249121424e-08	2.3364988260950328e-08	8.174381815884146e-08	True	True
magnitude_g0.80	EX_mal__L_e	47	7.514965601826322	1.6494149643115384e-06	1.9742510406484115e-05	False	False
magnitude_g0.80	EX_met__L_e	47	3.439170498387156e-08	1.9521417943139794e-08	6.924530421281716e-08	True	True
magnitude_g0.80	EX_nac_e	47	6.757813999189569e-09	3.6309280111865294e-09	1.357885177723567e-08	True	True
magnitude_g0.80	EX_ncam_e	47	2.9479434150000504e-08	1.7371079858068383e-08	5.929648261581565e-08	True	True
magnitude_g0.80	EX_nicrnt_e	47	8.88244023972759e-10	4.782176814525178e-10	1.7848789919239594e-09	True	True
magnitude_g0.80	EX_orn_e	47	1.6709394242255318e-08	9.500009692557522e-09	3.3598653498040914e-08	True	True
magnitude_g0.80	EX_orot5p_e	47	5.015609320990466e-10	2.79737482981311e-10	1.0082062072519077e-09	True	True
magnitude_g0.80	EX_orot_e	47	1.0855380458089026e-09	5.970065868966174e-10	2.1819343558608806e-09	True	True
magnitude_g0.80	EX_oxa_e	47	3.8121271593684785e-09	2.0921198465466694e-09	7.662654028384993e-09	True	True
magnitude_g0.80	EX_pep_e	47	2.554966329019572e-09	1.420079505293363e-09	5.140150476403961e-09	True	True
magnitude_g0.80	EX_phe__L_e	47	3.903170125996169e-08	2.197448999359442e-08	7.843182658895387e-08	True	True
magnitude_g0.80	EX_pnto__R_e	47	2.439738506643496e-08	1.5459261924523307e-08	5.400317524860644e-08	True	True
magnitude_g0.80	EX_pro__L_e	47	2.9133911061407503e-08	2.276507472130149e-08	7.990865802387503e-08	True	True
magnitude_g0.80	EX_quln_e	47	2.2312335310871603e-09	1.2670304457650622e-09	4.50803357492908e-09	True	True
magnitude_g0.80	EX_sbt__D_e	47	2.027228170628929e-10	2.792838636669121e-11	4.054456341257858e-10	True	True
magnitude_g0.80	EX_ser__L_e	47	1.7382289385636795e-08	7.684318543179541e-09	3.4887543520767395e-08	True	True
magnitude_g0.80	EX_spmd_e	47	5.844258259004452e-10	4.959455677326005e-10	1.284078969337564e-09	True	True
magnitude_g0.80	EX_sprm_e	47	3.297861502521402e-10	2.436715952490393e-10	6.666619034936222e-10	True	True
magnitude_g0.80	EX_srtn_e	47	7.3850411718121575e-09	4.29117768472308e-09	1.4909578403374676e-08	True	True
magnitude_g0.80	EX_succ_e	47	2.60209939529717	5.06972895323995e-07	2.7966562115011584e-06	False	True
magnitude_g0.80	EX_sucr_e	47	3.3811556475622823e-10	1.6478208849918273e-10	6.762311262724164e-10	True	True
magnitude_g0.80	EX_taur_e	47	5.164981161903794e-09	2.5196054903996065e-09	1.0376077379476456e-08	True	True
magnitude_g0.80	EX_tchola_e	47	8.532744329366844e-10	7.102890836180175e-10	1.7271265329517275e-09	True	True
magnitude_g0.80	EX_thr__L_e	47	3.4436823392880456e-08	1.9519864023026642e-08	6.924491413595746e-08	True	True
magnitude_g0.80	EX_thym_e	47	6.71881244685679e-10	3.708606814672032e-10	1.3504694300038968e-09	True	True
magnitude_g0.80	EX_thymd_e	47	4.748083243151484e-10	2.643104758692616e-10	9.543268021584322e-10	True	True
magnitude_g0.80	EX_trp__L_e	47	3.44361016334227e-08	1.9519659713791626e-08	6.924392789015021e-08	True	True
magnitude_g0.80	EX_tyr__L_e	47	1.8830675074799075e-08	2.9258996000268168e-08	1.0062254840459417e-07	True	True
magnitude_g0.80	EX_ump_e	47	3.52641681057899e-10	2.6620788458402156e-10	7.111634078713191e-10	True	True
magnitude_g0.80	EX_ura_e	47	9.126106329667584e-10	5.089136291267549e-10	1.8343911650504649e-09	True	True
magnitude_g0.80	EX_urate_e	47	4.2682691614000504e-10	2.47708306643306e-10	8.583804595423958e-10	True	True
magnitude_g0.80	EX_uri_e	47	5.848256294424724e-10	3.1956243692871446e-10	1.175389544068693e-09	True	True
magnitude_g0.80	EX_val__L_e	47	3.443724594376363e-08	1.9523052876463268e-08	6.924423190390883e-08	True	True
magnitude_g0.80	EX_xan_e	47	4.329527954502076e-10	2.330261597135287e-10	8.700997298789853e-10	True	True
magnitude_g0.80	EX_xmp_e	47	3.364220434712776e-10	1.8363365994357148e-10	6.761030871525704e-10	True	True
magnitude_g0.80	EX_xtsn_e	47	3.404345974161886e-10	1.8277871508247635e-10	6.841224070902222e-10	True	True
magnitude_g1.00	EX_2pg_e	47	2.9511482788393815e-09	1.4475090184744207e-09	5.9260459231612385e-09	True	True
magnitude_g1.00	EX_34hpp_e	47	2.1352618590224608e-08	1.0565886198397189e-08	4.284877464311945e-08	True	True
magnitude_g1.00	EX_3hanthrn_e	47	3.917162266570658e-09	1.948079777573752e-09	7.622029263457165e-09	True	True
magnitude_g1.00	EX_3pg_e	47	3.1246886542260594e-09	1.516075586825342e-09	6.270196590343403e-09	True	True
magnitude_g1.00	EX_4abut_e	47	9.721135924100425e-09	4.892310365332352e-09	1.9517751694007472e-08	True	True
magnitude_g1.00	EX_4hbz_e	47	1.90306746555326e-09	1.0651281489644433e-09	4.362006993031124e-09	True	True
magnitude_g1.00	EX_L2aadp_e	47	3.1795864334071464e-09	1.5445917285394815e-09	6.380714481125422e-09	True	True
magnitude_g1.00	EX_Lkynr_e	47	8.443731251519159e-09	3.975176778155178e-09	1.6941880871917136e-08	True	True
magnitude_g1.00	EX_acac_e	47	3.2393565459441446e-08	8.86837025729446e-09	6.48675331476738e-08	True	True
magnitude_g1.00	EX_ade_e	47	3.6132394952945104e-10	1.8684847383487186e-10	7.252870050710234e-10	True	True
magnitude_g1.00	EX_adn_e	47	3.019234334848606e-10	1.4955693404625772e-10	6.058824956659307e-10	True	True
magnitude_g1.00	EX_ahcys_e	47	2.9431674649155057e-10	1.4083268633395417e-10	5.90632761590843e-10	True	True
magnitude_g1.00	EX_akg_e	47	8.874514911975148e-08	2.6442719023382524e-08	1.7781529757047476e-07	True	True
magnitude_g1.00	EX_ala__L_e	47	3.2840058798531366	5.230224896394927e-07	8.335162037909072e-06	False	True
magnitude_g1.00	EX_amp_e	47	3.043540661387015e-10	1.5259961659087993e-10	6.107566474111748e-10	True	True
magnitude_g1.00	EX_anth_e	47	6.211569642376551e-09	2.956758285091569e-09	1.2462966669070623e-08	True	True
magnitude_g1.00	EX_arg__L_e	47	3.590330588387758e-08	2.0794521296374964e-08	7.721574857288971e-08	True	True
magnitude_g1.00	EX_asn__L_e	47	4.599010571693025	6.890566143579356e-07	4.079837298220923e-06	False	True
magnitude_g1.00	EX_asp__L_e	47	4.675188680636211e-08	4.7869406953704214e-08	1.6709018324512215e-07	True	True
magnitude_g1.00	EX_bilirub_e	47	3.578661246196869e-10	1.963930383309737e-10	7.177065807804628e-10	True	True
magnitude_g1.00	EX_cala_e	47	8.931856896643862e-10	4.5809986655749317e-10	1.7928286970524932e-09	True	True
magnitude_g1.00	EX_chol_e	47	0.04417997813904895	8.72271531127831e-08	1.5945465307587448e-06	False	True
magnitude_g1.00	EX_cholp_e	47	2.1242856277128846e-09	1.0515654301821754e-09	4.262690696556191e-09	True	True
magnitude_g1.00	EX_cit_e	47	0.897711528860549	5.412410116095386e-08	4.806725888428787e-07	False	True
magnitude_g1.00	EX_citr__L_e	47	1.4374464947237285e-08	7.22482381975155e-09	2.895093782852139e-08	True	True
magnitude_g1.00	EX_cmp_e	47	3.7520752618204107e-10	1.9503307249469427e-10	7.504150523640821e-10	True	True
magnitude_g1.00	EX_crn_e	47	1.273871033673502e-08	6.084559519225961e-09	2.5550253117285325e-08	True	True
magnitude_g1.00	EX_cyst__L_e	47	1.2371222341095182e-09	6.064701000839872e-10	2.482859547802073e-09	True	True
magnitude_g1.00	EX_cytd_e	47	5.469213128811177e-10	2.797456592483914e-10	1.0977381206729287e-09	True	True
magnitude_g1.00	EX_dad_2_e	47	3.187122324025092e-10	1.5783828437030235e-10	6.395923774021323e-10	True	True
magnitude_g1.00	EX_dcmp_e	47	4.579866363077443e-10	2.2568015288176326e-10	9.190420476624794e-10	True	True
magnitude_g1.00	EX_dcyt_e	47	5.279100047685834e-10	2.602259853702266e-10	1.0593915894484513e-09	True	True
magnitude_g1.00	EX_dhap_e	47	1.7038252730927215e-09	8.350093984769629e-10	3.4191659113533784e-09	True	True
magnitude_g1.00	EX_dmgly_e	47	2.1386049745703847e-09	1.0623310491239881e-09	4.294264976692607e-09	True	True
magnitude_g1.00	EX_duri_e	47	5.527698554011724e-10	2.8191106636214034e-10	1.1095622329174266e-09	True	True
magnitude_g1.00	EX_ethamp_e	47	2.539687769842413e-09	1.1873126297102999e-09	5.096761601753463e-09	True	True
magnitude_g1.00	EX_fol_e	47	4.391078496524829e-08	2.578625289971546e-08	8.814735524042374e-08	True	True
magnitude_g1.00	EX_fum_e	47	0.32785978240864855	8.754166439199329e-07	1.964806630522231e-05	False	False
magnitude_g1.00	EX_g3pc_e	47	1.591596866257124e-09	8.002520424631847e-10	3.1953247554844494e-09	True	True
magnitude_g1.00	EX_glc__D_e	47	3.7443896871991456e-09	1.7762939488091704e-09	7.513380140267145e-09	True	True
magnitude_g1.00	EX_glcur_e	47	6.5549196221038275e-09	3.232946790042412e-09	1.3152953187986673e-08	True	True
magnitude_g1.00	EX_gln__L_e	47	4.4009860304046455	9.063139461849332e-07	2.2228855787842505e-05	False	False
magnitude_g1.00	EX_glu__L_e	47	5.8164436620626505	1.4632447966480934e-06	2.727492638676665e-05	False	False
magnitude_g1.00	EX_gly_e	47	0.1325399623936423	5.10848702219279e-07	1.001451365123529e-05	False	False
magnitude_g1.00	EX_glyald_e	47	5.180004670079382e-09	2.523710658063028e-09	1.0411458619782754e-08	True	True
magnitude_g1.00	EX_glyb_e	47	9.726707385281118e-09	4.74289837316409e-09	1.9517856238911837e-08	True	True
magnitude_g1.00	EX_glyc3p_e	47	1.6411934776750341e-09	8.15727501393862e-10	3.294625350123986e-09	True	True
magnitude_g1.00	EX_gmp_e	47	3.249104505908707e-10	1.528343658801016e-10	6.498209011817414e-10	True	True
magnitude_g1.00	EX_gthox_e	47	8.826611105251213e-09	4.50740321613702e-09	1.7714152893496544e-08	True	True
magnitude_g1.00	EX_hcys__L_e	47	1.5180447794057527e-09	7.923344328260712e-10	3.0481995270704977e-09	True	True
magnitude_g1.00	EX_hom__L_e	47	3.9286745473953013e-32	-7.875462380600934e-34	1.487146448815108e-32	True	True
magnitude_g1.00	EX_hxan_e	47	4.265935168965784e-10	2.3172620842781972e-10	8.561093334502412e-10	True	True
magnitude_g1.00	EX_icit_e	47	7.204280699260663e-08	2.997258962375219e-08	1.4449539518533168e-07	True	True
magnitude_g1.00	EX_ile__L_e	47	3.1951274070962654e-08	1.7317302499787776e-08	6.421665543765442e-08	True	True
magnitude_g1.00	EX_imp_e	47	3.346493227592583e-10	1.6471190818359344e-10	6.715422486487395e-10	True	True
magnitude_g1.00	EX_ins_e	47	3.382113151234706e-10	1.6993426836139212e-10	6.787491612972019e-10	True	True
magnitude_g1.00	EX_lac__L_e	47	7.431498572919269	1.4436548186111811e-06	1.2233967568775483e-05	False	False
magnitude_g1.00	EX_lcts_e	47	1.0676554434719539e-09	5.631140489993956e-10	2.1507011443465596e-09	True	True
magnitude_g1.00	EX_leu__L_e	47	3.221489830451674e-08	1.745666269456669e-08	6.467129387566217e-08	True	True
magnitude_g1.00	EX_lys__L_e	47	3.71747690408597e-08	2.0092968759271307e-08	7.46618049607406e-08	True	True
magnitude_g1.00	EX_mal__L_e	47	7.4040232893979665	1.6129295576202234e-06	2.2506492973750625e-05	False	False
magnitude_g1.00	EX_met__L_e	47	3.194781889037657e-08	1.7317294014849255e-08	6.421689852098567e-08	True	True
magnitude_g1.00	EX_nac_e	47	7.1445941983799595e-09	3.337109885647421e-09	1.4334196113371612e-08	True	True
magnitude_g1.00	EX_ncam_e	47	2.9785752552998648e-08	1.5591117760249556e-08	5.980798254518387e-08	True	True
magnitude_g1.00	EX_nicrnt_e	47	8.834107478136217e-10	4.3577760167366444e-10	1.7728340143879759e-09	True	True
magnitude_g1.00	EX_orn_e	47	1.5847472988113525e-08	8.463777272404096e-09	3.180677849387618e-08	True	True
magnitude_g1.00	EX_orot5p_e	47	5.022949856773038e-10	2.5316121373172545e-10	1.0081280784224175e-09	True	True
magnitude_g1.00	EX_orot_e	47	1.0964688749234445e-09	5.404077101673763e-10	2.2003533977864217e-09	True	True
magnitude_g1.00	EX_oxa_e	47	3.806012511999693e-09	1.8864184055336386e-09	7.638294521148675e-09	True	True
magnitude_g1.00	EX_pep_e	47	2.5811236354298304e-09	1.2847237719294825e-09	5.183170962138885e-09	True	True
magnitude_g1.00	EX_phe__L_e	47	3.6964894034596796e-08	1.8595651350912424e-08	7.418106401368973e-08	True	True
magnitude_g1.00	EX_pnto__R_e	47	2.5635447137102163e-08	1.3945124957018521e-08	5.603853393061271e-08	True	True
magnitude_g1.00	EX_pro__L_e	47	2.716402081048841e-08	2.019353291910769e-08	7.593372974845636e-08	True	True
magnitude_g1.00	EX_quln_e	47	2.248073297884636e-09	1.1776566186300149e-09	4.5156034086939055e-09	True	True
magnitude_g1.00	EX_sbt__D_e	47	2.644105216148681e-10	5.170042769916119e-11	5.288210432297362e-10	True	True
magnitude_g1.00	EX_ser__L_e	47	1.8647934751925277e-08	7.638533701540528e-09	3.739068432651038e-08	True	True
magnitude_g1.00	EX_spmd_e	47	6.147714366889862e-10	4.682894405480002e-10	1.3031192249801951e-09	True	True
magnitude_g1.00	EX_sprm_e	47	3.3886275911300234e-10	2.1967824940526016e-10	6.799502271476834e-10	True	True
magnitude_g1.00	EX_srtn_e	47	7.831529023482348e-09	3.8316283665411e-09	1.5729436189903554e-08	True	True
magnitude_g1.00	EX_succ_e	47	3.181944580739648	9.86749814812587e-07	1.9945768836571176e-05	False	False
magnitude_g1.00	EX_sucr_e	47	2.8863456596042636e-10	1.3092355028576026e-10	5.77269131920851e-10	True	True
magnitude_g1.00	EX_taur_e	47	4.7605491233822475e-09	2.3194195460551712e-09	9.552857745651702e-09	True	True
magnitude_g1.00	EX_tchola_e	47	8.795510845700341e-10	6.692637047872947e-10	1.773642867476595e-09	True	True
magnitude_g1.00	EX_thr__L_e	47	3.1986033599551433e-08	1.7327074607260873e-08	6.421549469948218e-08	True	True
magnitude_g1.00	EX_thym_e	47	6.854916165997425e-10	3.364686116353113e-10	1.375575711451224e-09	True	True
magnitude_g1.00	EX_thymd_e	47	4.770768492036917e-10	2.392988514283196e-10	9.57551324218852e-10	True	True
magnitude_g1.00	EX_trp__L_e	47	3.19885152533228e-08	1.7308253183010177e-08	6.421726700747699e-08	True	True
magnitude_g1.00	EX_tyr__L_e	47	1.7679732011721683e-08	2.5918794207806563e-08	9.933009048612718e-08	True	True
magnitude_g1.00	EX_ump_e	47	3.5269581319620617e-10	2.483709858190396e-10	7.096476616939709e-10	True	True
magnitude_g1.00	EX_ura_e	47	9.394166664351414e-10	4.6008622880509523e-10	1.8850720876151605e-09	True	True
magnitude_g1.00	EX_urate_e	47	4.440032516012133e-10	2.2171310327957192e-10	8.908681406241355e-10	True	True
magnitude_g1.00	EX_uri_e	47	5.886161523109801e-10	2.9033496965402176e-10	1.1812692705618325e-09	True	True
magnitude_g1.00	EX_val__L_e	47	3.198667064552296e-08	1.7311920849579562e-08	6.421661236100107e-08	True	True
magnitude_g1.00	EX_xan_e	47	4.2568866549895793e-10	2.1211892671637933e-10	8.542687466040516e-10	True	True
magnitude_g1.00	EX_xmp_e	47	3.342518263601089e-10	1.6723883965526132e-10	6.708380709741159e-10	True	True
magnitude_g1.00	EX_xtsn_e	47	3.3779519707749643e-10	1.6698492662583388e-10	6.779364196608443e-10	True	True
magnitude_g1.25	EX_2pg_e	47	2.8520995774285013e-09	1.9479225679137327e-09	5.737589134664179e-09	True	True
magnitude_g1.25	EX_34hpp_e	47	1.942830506481765e-08	1.3863094513653152e-08	3.905398862494698e-08	True	True
magnitude_g1.25	EX_3hanthrn_e	47	3.9637520911642754e-09	2.606999328800826e-09	7.623208433404996e-09	True	True
magnitude_g1.25	EX_3pg_e	47	3.0238984659015234e-09	2.0507414639363927e-09	6.0768314361555795e-09	True	True
magnitude_g1.25	EX_4abut_e	47	9.998133680863804e-09	6.698956878864418e-09	2.010463695359781e-08	True	True
magnitude_g1.25	EX_4hbz_e	47	1.771293304581107e-09	1.417792667484483e-09	4.033672763381368e-09	True	True
magnitude_g1.25	EX_L2aadp_e	47	3.1784627104982006e-09	2.1010438683042265e-09	6.38680327843262e-09	True	True
magnitude_g1.25	EX_Lkynr_e	47	7.811022561809746e-09	5.339856728431478e-09	1.569840713385696e-08	True	True
magnitude_g1.25	EX_acac_e	47	2.5788010267438443e-08	9.9080922037002e-09	5.168546537551868e-08	True	True
magnitude_g1.25	EX_ade_e	47	3.542010571106217e-10	2.5479127975274467e-10	7.120761216368541e-10	True	True
magnitude_g1.25	EX_adn_e	47	2.909683260727649e-10	2.0214321710004545e-10	5.84868107299462e-10	True	True
magnitude_g1.25	EX_ahcys_e	47	2.668830466966857e-10	1.906461320831608e-10	5.366030717274979e-10	True	True
magnitude_g1.25	EX_akg_e	47	9.984821666202828e-08	3.6939545655214127e-08	2.010845517168858e-07	True	True
magnitude_g1.25	EX_ala__L_e	47	3.1834182254424555	4.591900054711029e-07	1.1346342749796179e-05	False	False
magnitude_g1.25	EX_amp_e	47	2.9254242860866166e-10	2.037158168948288e-10	5.880286251289603e-10	True	True
magnitude_g1.25	EX_anth_e	47	6.07407242922494e-09	3.952657484292634e-09	1.220435378999472e-08	True	True
magnitude_g1.25	EX_arg__L_e	47	3.380668611718818e-08	2.7539484201362993e-08	7.345675356873471e-08	True	True
magnitude_g1.25	EX_asn__L_e	47	3.6362760070698634	7.463303188627383e-07	8.191801190715609e-06	False	True
magnitude_g1.25	EX_asp__L_e	47	4.664770969498022e-08	5.396125948439922e-08	1.4479747867390813e-07	True	True
magnitude_g1.25	EX_bilirub_e	47	3.149091987731753e-10	2.1332020198052134e-10	6.326032495921775e-10	True	True
magnitude_g1.25	EX_cala_e	47	8.586348758310723e-10	6.07158222013591e-10	1.726697203504462e-09	True	True
magnitude_g1.25	EX_chol_e	47	0.010638645699456606	3.208798830782072e-08	1.2651023489906876e-07	False	True
magnitude_g1.25	EX_cholp_e	47	2.045770471897185e-09	1.4090276088488826e-09	4.112620184414433e-09	True	True
magnitude_g1.25	EX_cit_e	47	0.685214327357105	6.355412383775065e-08	5.87295005666844e-07	False	True
magnitude_g1.25	EX_citr__L_e	47	1.4056499616059444e-08	9.620589713352724e-09	2.8256898523472873e-08	True	True
magnitude_g1.25	EX_cmp_e	47	3.4437974931379767e-10	2.500032221763078e-10	6.887594986275953e-10	True	True
magnitude_g1.25	EX_crn_e	47	1.114159504036583e-08	7.904739571640586e-09	2.2398434535354213e-08	True	True
magnitude_g1.25	EX_cyst__L_e	47	1.1884002847819466e-09	8.13864141371962e-10	2.3892628736144458e-09	True	True
magnitude_g1.25	EX_cytd_e	47	5.335043746566169e-10	3.7764288155078106e-10	1.0727630580084391e-09	True	True
magnitude_g1.25	EX_dad_2_e	47	3.1633111125294714e-10	2.1369546171469957e-10	6.358004060677484e-10	True	True
magnitude_g1.25	EX_dcmp_e	47	4.453723673078938e-10	3.049467539984301e-10	8.952518821185966e-10	True	True
magnitude_g1.25	EX_dcyt_e	47	5.149835302145354e-10	3.5229041366915565e-10	1.035140858931261e-09	True	True
magnitude_g1.25	EX_dhap_e	47	1.6652131425061875e-09	1.1327789833706066e-09	3.3467819344265115e-09	True	True
magnitude_g1.25	EX_dmgly_e	47	2.0905878225189103e-09	1.4683048729114408e-09	4.208469199384931e-09	True	True
magnitude_g1.25	EX_duri_e	47	5.402821001768903e-10	3.802651478275447e-10	1.0864872715769149e-09	True	True
magnitude_g1.25	EX_ethamp_e	47	2.284357230622734e-09	1.5279289636290879e-09	4.593992521139932e-09	True	True
magnitude_g1.25	EX_fol_e	47	4.4998670432954914e-08	3.1108999024872726e-08	9.044567572041227e-08	True	True
magnitude_g1.25	EX_fum_e	47	0.3278597771675456	6.203767899402444e-07	1.4321715904011539e-05	False	False
magnitude_g1.25	EX_g3pc_e	47	1.5611207512346757e-09	1.0790605320429333e-09	3.1396740178350044e-09	True	True
magnitude_g1.25	EX_glc__D_e	47	3.88728516043102e-09	2.540824742092635e-09	7.809244806367133e-09	True	True
magnitude_g1.25	EX_glcur_e	47	6.123042413983549e-09	4.295078006458315e-09	1.2309348074451934e-08	True	True
magnitude_g1.25	EX_gln__L_e	47	4.548327016426011	7.120527902481715e-07	1.2322818194299145e-05	False	False
magnitude_g1.25	EX_glu__L_e	47	6.048488289148924	9.31825311994392e-07	1.1152516527168643e-05	False	False
magnitude_g1.25	EX_gly_e	47	0.08499790461810397	1.854876347978533e-07	7.908606538542529e-07	False	True
magnitude_g1.25	EX_glyald_e	47	5.1778849078823064e-09	3.4934809993945883e-09	1.0430314471974642e-08	True	True
magnitude_g1.25	EX_glyb_e	47	9.665579861661256e-09	6.435076424658864e-09	1.9430796424207598e-08	True	True
magnitude_g1.25	EX_glyc3p_e	47	1.6112887638682828e-09	1.1005456952169648e-09	3.240216900781711e-09	True	True
magnitude_g1.25	EX_gmp_e	47	3.0157558044249677e-10	2.3209468094535247e-10	6.031511608849935e-10	True	True
magnitude_g1.25	EX_gthox_e	47	7.853074293238829e-09	5.986683119042079e-09	1.5841522480471634e-08	True	True
magnitude_g1.25	EX_hcys__L_e	47	1.418098266488182e-09	1.0127538069128158e-09	2.8882723988165998e-09	True	True
magnitude_g1.25	EX_hom__L_e	47	7.705101682840482e-32	3.4566259654063134e-33	1.5406845494273133e-31	True	True
magnitude_g1.25	EX_hxan_e	47	4.1681441064773374e-10	3.0852324152769304e-10	8.383774665226702e-10	True	True
magnitude_g1.25	EX_icit_e	47	6.267539329291848e-08	3.781619904452232e-08	1.2590576005254888e-07	True	True
magnitude_g1.25	EX_ile__L_e	47	2.8943434760009268e-08	2.2634836305504854e-08	5.835147376398453e-08	True	True
magnitude_g1.25	EX_imp_e	47	3.272473035503431e-10	2.2267144969679781e-10	6.57739989323937e-10	True	True
magnitude_g1.25	EX_ins_e	47	3.3271573333631815e-10	2.2816626374451817e-10	6.687010293919872e-10	True	True
magnitude_g1.25	EX_lac__L_e	47	7.166645886151855	1.4528016463602998e-06	6.911013461063931e-06	False	True
magnitude_g1.25	EX_lcts_e	47	9.899396792729926e-10	7.707455671596706e-10	2.0020291565019487e-09	True	True
magnitude_g1.25	EX_leu__L_e	47	2.9023008663031646e-08	2.279016681046445e-08	5.8350939302620475e-08	True	True
magnitude_g1.25	EX_lys__L_e	47	3.5158298716808645e-08	2.6592876406849207e-08	7.074368024717614e-08	True	True
magnitude_g1.25	EX_mal__L_e	47	7.366388146777999	1.2599527118127775e-06	6.921550125049691e-06	False	True
magnitude_g1.25	EX_met__L_e	47	2.8988491496129143e-08	2.2634031698532788e-08	5.835400318510153e-08	True	True
magnitude_g1.25	EX_nac_e	47	6.324285503879236e-09	4.4471548037963584e-09	1.2713671047695704e-08	True	True
magnitude_g1.25	EX_ncam_e	47	2.901151479330718e-08	2.0922131512747774e-08	5.8351962235147457e-08	True	True
magnitude_g1.25	EX_nicrnt_e	47	8.773340482064048e-10	5.93562322379532e-10	1.763294277280974e-09	True	True
magnitude_g1.25	EX_orn_e	47	1.710494861283516e-08	1.1025892299382904e-08	3.436864116144332e-08	True	True
magnitude_g1.25	EX_orot5p_e	47	4.93260501578136e-10	3.421757076617586e-10	9.915479003653898e-10	True	True
magnitude_g1.25	EX_orot_e	47	1.0565869123147186e-09	7.281858541987236e-10	2.123834412441037e-09	True	True
magnitude_g1.25	EX_oxa_e	47	3.704263306854337e-09	2.5215094408610354e-09	7.44878986211976e-09	True	True
magnitude_g1.25	EX_pep_e	47	2.49120661696248e-09	1.7201477765242393e-09	5.012726842762768e-09	True	True
magnitude_g1.25	EX_phe__L_e	47	3.083244398682794e-08	2.417169316595444e-08	6.205969138584067e-08	True	True
magnitude_g1.25	EX_pnto__R_e	47	2.3657428432251923e-08	1.8577186606373918e-08	5.102107996385738e-08	True	True
magnitude_g1.25	EX_pro__L_e	47	2.3829380801920763e-08	2.6502104029055227e-08	6.90815595838501e-08	True	True
magnitude_g1.25	EX_quln_e	47	2.2198822834710718e-09	1.5441162937764785e-09	4.481556256810812e-09	True	True
magnitude_g1.25	EX_sbt__D_e	47	2.3514702818305055e-10	3.266508682397262e-11	4.702940563661011e-10	True	True
magnitude_g1.25	EX_ser__L_e	47	1.9543605844773992e-08	1.1343930995501087e-08	3.922379043785895e-08	True	True
magnitude_g1.25	EX_spmd_e	47	6.468823674559634e-10	6.370378766010922e-10	1.393960255635394e-09	True	True
magnitude_g1.25	EX_sprm_e	47	4.35070382604924e-10	2.866261573496671e-10	8.731521363695032e-10	True	True
magnitude_g1.25	EX_srtn_e	47	7.222142192347004e-09	5.272439957270134e-09	1.4533418483044038e-08	True	True
magnitude_g1.25	EX_succ_e	47	3.1548869715775085	6.621202245395171e-07	7.937372820343569e-06	False	True
magnitude_g1.25	EX_sucr_e	47	3.299574249951736e-10	9.250855128170023e-11	6.599148499903472e-10	True	True
magnitude_g1.25	EX_taur_e	47	4.9110279701087656e-09	3.144245223559662e-09	9.869413957541651e-09	True	True
magnitude_g1.25	EX_tchola_e	47	8.150225787081187e-10	7.470783120660768e-10	1.6438883996580747e-09	True	True
magnitude_g1.25	EX_thr__L_e	47	2.902308182672897e-08	2.263215103269696e-08	5.835158800593376e-08	True	True
magnitude_g1.25	EX_thym_e	47	6.67551475541965e-10	4.549396940050714e-10	1.341778378944233e-09	True	True
magnitude_g1.25	EX_thymd_e	47	4.693894911762661e-10	3.2575028856465137e-10	9.436297087975961e-10	True	True
magnitude_g1.25	EX_trp__L_e	47	2.9025766720702784e-08	2.263137442179962e-08	5.835376083035415e-08	True	True
magnitude_g1.25	EX_tyr__L_e	47	1.5448422541197715e-08	3.414348510895721e-08	9.075159151938905e-08	True	True
magnitude_g1.25	EX_ump_e	47	3.455469521545529e-10	3.2729221678765017e-10	6.97070959430653e-10	True	True
magnitude_g1.25	EX_ura_e	47	9.042731520187975e-10	6.181767576702838e-10	1.8176729655926204e-09	True	True
magnitude_g1.25	EX_urate_e	47	4.109923647126104e-10	2.9850395311352605e-10	8.264925218217972e-10	True	True
magnitude_g1.25	EX_uri_e	47	5.791690612771179e-10	3.9458400487428654e-10	1.1641336322234522e-09	True	True
magnitude_g1.25	EX_val__L_e	47	2.9015369440443806e-08	2.2632224876701155e-08	5.8352222831459244e-08	True	True
magnitude_g1.25	EX_xan_e	47	4.1689005661969965e-10	2.8529311996162533e-10	8.37956333972297e-10	True	True
magnitude_g1.25	EX_xmp_e	47	3.2701988918831217e-10	2.2703788169275387e-10	6.573160019123477e-10	True	True
magnitude_g1.25	EX_xtsn_e	47	3.304719380235664e-10	2.260621364374871e-10	6.641688357048944e-10	True	True
magnitude_g2.00	EX_2pg_e	47	2.8923661444699428e-09	2.0367093875866957e-09	5.817447702335649e-09	True	True
magnitude_g2.00	EX_34hpp_e	47	1.9706015976356733e-08	1.3540300259552146e-08	3.9588344553354734e-08	True	True
magnitude_g2.00	EX_3hanthrn_e	47	3.6914666292359944e-09	2.6862259216298516e-09	7.319507856178857e-09	True	True
magnitude_g2.00	EX_3pg_e	47	3.0858058805347453e-09	2.1574353853655637e-09	6.200429102969384e-09	True	True
magnitude_g2.00	EX_4abut_e	47	9.64018805138074e-09	6.946517630221795e-09	1.936882736008262e-08	True	True
magnitude_g2.00	EX_4hbz_e	47	1.780749691583975e-09	1.4373271243984705e-09	4.080536745195986e-09	True	True
magnitude_g2.00	EX_L2aadp_e	47	3.2938489205428624e-09	2.292051418923908e-09	6.617695823545886e-09	True	True
magnitude_g2.00	EX_Lkynr_e	47	7.709196897710319e-09	5.644675626503749e-09	1.5495089193038388e-08	True	True
magnitude_g2.00	EX_acac_e	47	1.2206054512207164e-08	8.289084869773121e-09	2.4599127083521622e-08	True	True
magnitude_g2.00	EX_ade_e	47	3.587899873887686e-10	2.638949328491909e-10	7.211723113721335e-10	True	True
magnitude_g2.00	EX_adn_e	47	3.0056828784930736e-10	2.1259203796576784e-10	6.039465705816267e-10	True	True
magnitude_g2.00	EX_ahcys_e	47	2.930623611265617e-10	1.9952342259919524e-10	5.886012449163047e-10	True	True
magnitude_g2.00	EX_akg_e	47	2.5074968603866935e-07	6.175819158358297e-08	5.019941764637536e-07	True	True
magnitude_g2.00	EX_ala__L_e	47	6.334641362570892e-07	1.7368754963826555e-07	1.3213884724194713e-06	True	True
magnitude_g2.00	EX_amp_e	47	3.0744715107194545e-10	2.151971830406818e-10	6.177458126676905e-10	True	True
magnitude_g2.00	EX_anth_e	47	5.5709337437415195e-09	4.098964347414681e-09	1.1196682330518909e-08	True	True
magnitude_g2.00	EX_arg__L_e	47	3.324263619930434e-08	2.6703569497476625e-08	7.259073375731617e-08	True	True
magnitude_g2.00	EX_asn__L_e	47	3.02357824502514	6.814539240012357e-07	5.3474891430482785e-06	False	True
magnitude_g2.00	EX_asp__L_e	47	1.668962434919763e-08	4.3053947064707735e-08	1.2145669492369393e-07	True	True
magnitude_g2.00	EX_bilirub_e	47	4.110538748783964e-10	2.5905883809874933e-10	8.247018613427207e-10	True	True
magnitude_g2.00	EX_cala_e	47	8.643800035815913e-10	6.382141372363161e-10	1.737637827516161e-09	True	True
magnitude_g2.00	EX_chol_e	47	1.6478997388880146e-08	2.6995919075828553e-08	7.499024895496476e-08	True	True
magnitude_g2.00	EX_cholp_e	47	2.06838947217089e-09	1.456600850239714e-09	4.155893635623255e-09	True	True
magnitude_g2.00	EX_cit_e	47	0.9748274775835074	3.544177177429143e-07	1.14675215530798e-05	False	False
magnitude_g2.00	EX_citr__L_e	47	1.3111835186287849e-08	9.805757152371446e-09	2.6501933817633777e-08	True	True
magnitude_g2.00	EX_cmp_e	47	3.7204200592386565e-10	2.5846212252921535e-10	7.440840118477313e-10	True	True
magnitude_g2.00	EX_crn_e	47	1.0884068631847756e-08	7.852162207862957e-09	2.1892258263644148e-08	True	True
magnitude_g2.00	EX_cyst__L_e	47	1.2019695813161342e-09	8.376868751802856e-10	2.4149328378161115e-09	True	True
magnitude_g2.00	EX_cytd_e	47	5.472492393646991e-10	3.9877718050703343e-10	1.0999059322725456e-09	True	True
magnitude_g2.00	EX_dad_2_e	47	3.1651994466081725e-10	2.2241559657841055e-10	6.360133533897157e-10	True	True
magnitude_g2.00	EX_dcmp_e	47	4.590955525961941e-10	3.204739155347205e-10	9.223433301118882e-10	True	True
magnitude_g2.00	EX_dcyt_e	47	5.36079205695946e-10	3.7264378328491914e-10	1.0771246591613429e-09	True	True
magnitude_g2.00	EX_dhap_e	47	1.7144616559457999e-09	1.200278183379335e-09	3.444935942819056e-09	True	True
magnitude_g2.00	EX_dmgly_e	47	2.402451158187297e-09	1.6665950676439367e-09	4.826853209087787e-09	True	True
magnitude_g2.00	EX_duri_e	47	5.595759197862251e-10	4.01443468612107e-10	1.1246506618841473e-09	True	True
magnitude_g2.00	EX_ethamp_e	47	1.9962408292254664e-09	1.4266839523467423e-09	4.011145856256219e-09	True	True
magnitude_g2.00	EX_fol_e	47	5.7993970069273624e-08	3.8407297698780205e-08	1.1647342621472499e-07	True	True
magnitude_g2.00	EX_fum_e	47	0.3278597785039116	5.827819169700421e-07	4.0017561053207196e-06	False	True
magnitude_g2.00	EX_g3pc_e	47	1.6208735352123602e-09	1.1424979728802923e-09	3.2582849312362685e-09	True	True
magnitude_g2.00	EX_glc__D_e	47	4.344439474834871e-09	3.0270648588210416e-09	8.72700667287063e-09	True	True
magnitude_g2.00	EX_glcur_e	47	6.00946980265292e-09	4.412824766326285e-09	1.2078842702965015e-08	True	True
magnitude_g2.00	EX_gln__L_e	47	4.548327104967535	1.1486262755070924e-06	6.945539539282564e-06	False	True
magnitude_g2.00	EX_glu__L_e	47	5.151314092859325	1.3763249636998985e-06	6.961573738806237e-06	False	True
magnitude_g2.00	EX_gly_e	47	0.08499785050244513	1.1215671833344865e-07	5.478163660477264e-07	False	True
magnitude_g2.00	EX_glyald_e	47	5.4925208077037285e-09	3.898245720215705e-09	1.1059009177829349e-08	True	True
magnitude_g2.00	EX_glyb_e	47	9.288616391290498e-09	7.001554118010235e-09	1.8668187673944672e-08	True	True
magnitude_g2.00	EX_glyc3p_e	47	1.6698593736553952e-09	1.1771534462190539e-09	3.356632949670938e-09	True	True
magnitude_g2.00	EX_gmp_e	47	3.570653412335098e-10	2.1576585426331702e-10	7.141306824670196e-10	True	True
magnitude_g2.00	EX_gthox_e	47	8.496401315268003e-09	6.200992843204998e-09	1.709381321755084e-08	True	True
magnitude_g2.00	EX_hcys__L_e	47	1.4282349813372882e-09	1.0538142896399345e-09	2.871559704056525e-09	True	True
magnitude_g2.00	EX_hom__L_e	47	1.4501637781109122e-32	-7.29505270893531e-34	0.0	True	True
magnitude_g2.00	EX_hxan_e	47	4.353655837416494e-10	3.2134124601318816e-10	8.754502079101427e-10	True	True
magnitude_g2.00	EX_icit_e	47	6.372362507213093e-08	3.472577125636253e-08	1.2785108155239855e-07	True	True
magnitude_g2.00	EX_ile__L_e	47	2.960304157362259e-08	2.1716706518177525e-08	5.9525670392801544e-08	True	True
magnitude_g2.00	EX_imp_e	47	3.3431806181009533e-10	2.3412864718458985e-10	6.717391881340885e-10	True	True
magnitude_g2.00	EX_ins_e	47	3.3749584653823326e-10	2.398084025559995e-10	6.781347255130202e-10	True	True
magnitude_g2.00	EX_lac__L_e	47	6.203907569249035	3.172869834025597e-06	3.0320383507032034e-05	False	False
magnitude_g2.00	EX_lcts_e	47	1.0793616203859871e-09	7.722969587645286e-10	2.183930564514588e-09	True	True
magnitude_g2.00	EX_leu__L_e	47	2.9604629192547804e-08	2.1786534614201605e-08	5.9525294471285406e-08	True	True
magnitude_g2.00	EX_lys__L_e	47	3.467123055322929e-08	2.572186483665129e-08	6.971721577819778e-08	True	True
magnitude_g2.00	EX_mal__L_e	47	7.375329146930179	3.019069356437248e-06	2.5133131081211957e-05	False	False
magnitude_g2.00	EX_met__L_e	47	2.9575533799786058e-08	2.1717663928451516e-08	5.952328308023169e-08	True	True
magnitude_g2.00	EX_nac_e	47	6.284840181956031e-09	4.631040616229601e-09	1.2631663939912325e-08	True	True
magnitude_g2.00	EX_ncam_e	47	2.9149666109898365e-08	2.1760046771793776e-08	5.860735108254378e-08	True	True
magnitude_g2.00	EX_nicrnt_e	47	9.07263026230409e-10	6.327586240989577e-10	1.8227810295001257e-09	True	True
magnitude_g2.00	EX_orn_e	47	1.633393399756272e-08	1.160781142318244e-08	3.2820374674642875e-08	True	True
magnitude_g2.00	EX_orot5p_e	47	5.093886571558049e-10	3.619419209436896e-10	1.023590980222545e-09	True	True
magnitude_g2.00	EX_orot_e	47	1.0818670453164393e-09	7.618620551906165e-10	2.1738301537215987e-09	True	True
magnitude_g2.00	EX_oxa_e	47	3.6217645756720077e-09	2.5690207275438196e-09	7.277492210169113e-09	True	True
magnitude_g2.00	EX_pep_e	47	2.545523107988537e-09	1.7915348072917344e-09	5.1188203712504445e-09	True	True
magnitude_g2.00	EX_phe__L_e	47	2.9603061169058975e-08	2.2081012732214847e-08	5.9520347206465374e-08	True	True
magnitude_g2.00	EX_pnto__R_e	47	2.445267317022681e-08	1.8736541342452168e-08	5.2800876972002426e-08	True	True
magnitude_g2.00	EX_pro__L_e	47	2.3915547764374878e-08	2.6183830534025666e-08	7.094820864139706e-08	True	True
magnitude_g2.00	EX_quln_e	47	2.241568795443549e-09	1.6292825536653245e-09	4.507974149290679e-09	True	True
magnitude_g2.00	EX_sbt__D_e	47	1.9642049894381452e-10	1.010799752366786e-11	3.9284099788762904e-10	True	True
magnitude_g2.00	EX_ser__L_e	47	2.2599520477228907e-08	1.5026487855425814e-08	4.537642972479716e-08	True	True
magnitude_g2.00	EX_spmd_e	47	7.015121506677109e-10	5.918001572871462e-10	1.5202920449299294e-09	True	True
magnitude_g2.00	EX_sprm_e	47	3.486409568977332e-10	2.736306085109376e-10	7.041641022200215e-10	True	True
magnitude_g2.00	EX_srtn_e	47	8.00577754998357e-09	5.577729741619185e-09	1.6085951867175318e-08	True	True
magnitude_g2.00	EX_succ_e	47	2.936962996403108	8.895806056797449e-07	5.388236223424769e-06	False	True
magnitude_g2.00	EX_sucr_e	47	3.6815492519629666e-10	1.020649891444692e-10	7.363098503925933e-10	True	True
magnitude_g2.00	EX_taur_e	47	4.727899324516578e-09	3.4160068896469747e-09	9.497046879882957e-09	True	True
magnitude_g2.00	EX_tchola_e	47	9.288483454838207e-10	8.710977292705101e-10	1.878681903399791e-09	True	True
magnitude_g2.00	EX_thr__L_e	47	2.960496936488255e-08	2.1716539566618565e-08	5.95256458568727e-08	True	True
magnitude_g2.00	EX_thym_e	47	6.878101969880468e-10	4.793535220369979e-10	1.3820050513566955e-09	True	True
magnitude_g2.00	EX_thymd_e	47	4.890009494582135e-10	3.4769214756085094e-10	9.825191808291014e-10	True	True
magnitude_g2.00	EX_trp__L_e	47	2.9603681291068273e-08	2.1716692219184095e-08	5.952518487492564e-08	True	True
magnitude_g2.00	EX_tyr__L_e	47	1.2854053155209044e-08	3.4006966068204294e-08	9.528822986215602e-08	True	True
magnitude_g2.00	EX_ump_e	47	3.5234183234508566e-10	3.552029676290655e-10	7.104932730767611e-10	True	True
magnitude_g2.00	EX_ura_e	47	9.185422081783608e-10	6.454762505895283e-10	1.8455995066992263e-09	True	True
magnitude_g2.00	EX_urate_e	47	4.1479114062982595e-10	3.067813805067289e-10	8.337353817987372e-10	True	True
magnitude_g2.00	EX_uri_e	47	5.96932129621798e-10	4.188494770432641e-10	1.199316867238528e-09	True	True
magnitude_g2.00	EX_val__L_e	47	2.9599999451512815e-08	2.171652063377273e-08	5.9521716888610854e-08	True	True
magnitude_g2.00	EX_xan_e	47	4.214145630828795e-10	2.973119293993506e-10	8.466827983446028e-10	True	True
magnitude_g2.00	EX_xmp_e	47	3.3351937504986054e-10	2.3851343160873484e-10	6.701577047847173e-10	True	True
magnitude_g2.00	EX_xtsn_e	47	3.3638932581851895e-10	2.387783655816164e-10	6.75847193127699e-10	True	True
ordinal	EX_2pg_e	47	2.0259831252252556e-09	8.585565443781009e-10	4.0663567972552545e-09	True	True
ordinal	EX_34hpp_e	47	1.9170076089185773e-08	5.6265158022730345e-09	3.840258010859824e-08	True	True
ordinal	EX_3hanthrn_e	47	2.584195994639837e-09	1.0051513232063062e-09	4.9408913486664495e-09	True	True
ordinal	EX_3pg_e	47	2.042182696549944e-09	8.534401564831119e-10	4.0956072758639794e-09	True	True
ordinal	EX_4abut_e	47	6.9632400224211594e-09	2.79699479734026e-09	1.3958600161675142e-08	True	True
ordinal	EX_4hbz_e	47	1.1174041650003103e-09	5.962153428063607e-10	2.629906197858479e-09	True	True
ordinal	EX_L2aadp_e	47	2.2957980515937215e-09	8.191511890756247e-10	4.602787465506125e-09	True	True
ordinal	EX_Lkynr_e	47	4.62355204056662e-09	1.7336157938349114e-09	9.277322711019447e-09	True	True
ordinal	EX_acac_e	47	6.599305254530605e-09	2.428962110011528e-09	1.323356788872741e-08	True	True
ordinal	EX_ade_e	47	2.903426951947252e-10	1.2838120464174794e-10	5.822591761668236e-10	True	True
ordinal	EX_adn_e	47	2.2674363912505277e-10	9.723562215662379e-11	4.5470893675011243e-10	True	True
ordinal	EX_ahcys_e	47	2.1275760107911352e-10	9.011273103208427e-11	4.2666186724440713e-10	True	True
ordinal	EX_akg_e	47	0.9900046646523184	4.2507865408237454e-08	5.188948464286181e-07	False	True
ordinal	EX_ala__L_e	47	7.84032595973691	1.8636489332372265e-07	1.6867311867230228e-06	False	True
ordinal	EX_amp_e	47	1.8446610886276762e-10	9.403300441213447e-11	3.702029584914655e-10	True	True
ordinal	EX_anth_e	47	4.015413173340265e-09	1.5763897467681825e-09	8.064183845499499e-09	True	True
ordinal	EX_arg__L_e	47	5.318618767624628e-08	2.2377853915054643e-08	1.1006984845796097e-07	True	True
ordinal	EX_asn__L_e	47	1.3779373532739578	1.6383817500323184e-07	1.4613524383921828e-06	False	True
ordinal	EX_asp__L_e	47	1.1813277400852702	3.0338497754200326e-08	3.6692836358209746e-07	False	True
ordinal	EX_bilirub_e	47	3.791889710275214e-10	1.2345859556298244e-10	3.937483330212388e-10	True	True
ordinal	EX_cala_e	47	6.937842178482096e-10	2.8324194225309306e-10	1.3920176116617912e-09	True	True
ordinal	EX_chol_e	47	0.044180777283199024	3.5936011153811924e-08	7.697740420642418e-07	False	True
ordinal	EX_cholp_e	47	1.5312563618267182e-09	6.325102508853043e-10	3.0712297753544757e-09	True	True
ordinal	EX_cit_e	47	2.8107316442343877	9.704332635200161e-08	6.703946864583532e-07	False	True
ordinal	EX_citr__L_e	47	1.5239783657168934e-08	6.640029558945561e-09	3.0583409127600654e-08	True	True
ordinal	EX_cmp_e	47	1.8133641630310619e-10	8.721114619454416e-11	3.6267283260621237e-10	True	True
ordinal	EX_crn_e	47	4.7764427779835836e-09	1.827857580502224e-09	9.58098099545631e-09	True	True
ordinal	EX_cyst__L_e	47	9.624050492086848e-10	3.8861989876779347e-10	1.929910806602442e-09	True	True
ordinal	EX_cytd_e	47	3.9054952955492145e-10	1.6058930122306385e-10	7.83362979906226e-10	True	True
ordinal	EX_dad_2_e	47	2.343222403918316e-10	1.0069553229787431e-10	4.700065783807488e-10	True	True
ordinal	EX_dcmp_e	47	3.314512035188124e-10	1.329851558953798e-10	6.646592102047587e-10	True	True
ordinal	EX_dcyt_e	47	3.7739037324204644e-10	1.4774700019863293e-10	7.567036407087985e-10	True	True
ordinal	EX_dhap_e	47	1.1203245120348611e-09	4.668710423831628e-10	2.247219115485759e-09	True	True
ordinal	EX_dmgly_e	47	1.0835030733248885e-09	4.685750898388511e-10	2.1762182824660805e-09	True	True
ordinal	EX_duri_e	47	4.007188346059137e-10	1.6621383502673684e-10	8.037590151894349e-10	True	True
ordinal	EX_ethamp_e	47	2.3232445248595866e-09	8.668693944479162e-10	4.6581360708195915e-09	True	True
ordinal	EX_fol_e	47	2.7444913494325534e-08	1.1517161969636314e-08	5.5036952480186554e-08	True	True
ordinal	EX_fum_e	47	1.4024644833853165e-08	4.751320075161103e-09	2.810951936653874e-08	True	True
ordinal	EX_g3pc_e	47	9.751182431367295e-10	4.042855250959124e-10	1.956280143132281e-09	True	True
ordinal	EX_glc__D_e	47	1.5970762490269408e-09	6.532478199034735e-10	3.2028903973468914e-09	True	True
ordinal	EX_glcur_e	47	3.548625783320595e-09	1.3611965521018148e-09	7.115441552636518e-09	True	True
ordinal	EX_gln__L_e	47	5.193064066902065	5.628317504492985e-07	1.3455529466632754e-05	False	False
ordinal	EX_glu__L_e	47	4.06291924793343	5.307333475338066e-07	1.5762518351891686e-05	False	False
ordinal	EX_gly_e	47	0.21754020406066688	1.3544843762903603e-07	1.6867846519552643e-06	False	True
ordinal	EX_glyald_e	47	2.9417469720945504e-09	1.235918752818354e-09	5.907372524415521e-09	True	True
ordinal	EX_glyb_e	47	6.421291899175002e-09	2.3040779773398218e-09	1.2874615841404674e-08	True	True
ordinal	EX_glyc3p_e	47	1.0093723060179868e-09	4.235787871387106e-10	2.0251396213644425e-09	True	True
ordinal	EX_gmp_e	47	1.510125329379699e-10	8.311187996967934e-11	3.020250658759398e-10	True	True
ordinal	EX_gthox_e	47	1.0539777815123941e-08	3.858302530276328e-09	2.113551095528637e-08	True	True
ordinal	EX_hcys__L_e	47	1.2818371812965784e-09	5.31700314950147e-10	2.5715927150565473e-09	True	True
ordinal	EX_hom__L_e	47	6.049308207722743e-10	9.119563599253641e-11	1.2098640204480783e-09	True	True
ordinal	EX_hxan_e	47	3.451741957251391e-10	1.5370497086894438e-10	6.926698200092787e-10	True	True
ordinal	EX_icit_e	47	2.7140003793863737e-08	6.325857914582012e-09	5.4364315881089284e-08	True	True
ordinal	EX_ile__L_e	47	2.580866920176561e-08	1.5107564367360193e-08	5.18448268760352e-08	True	True
ordinal	EX_imp_e	47	2.555764356947835e-10	1.0330705993049374e-10	5.125400244513726e-10	True	True
ordinal	EX_ins_e	47	2.589208725223361e-10	1.0894970766841993e-10	5.193206023654669e-10	True	True
ordinal	EX_lac__L_e	47	4.991276743669339	4.93621235650148e-07	4.2132931987737265e-06	False	True
ordinal	EX_lcts_e	47	3.704399549337327e-10	2.064928027950923e-10	7.463219262134207e-10	True	True
ordinal	EX_leu__L_e	47	2.7513166300785485e-08	1.5480535850845124e-08	5.5259422260256486e-08	True	True
ordinal	EX_lys__L_e	47	5.4036252805644835e-08	2.183954855259446e-08	1.0836135300174021e-07	True	True
ordinal	EX_mal__L_e	47	3.6859021420350916e-08	1.2626556333137244e-08	7.388772695086724e-08	True	True
ordinal	EX_met__L_e	47	2.5783873092155574e-08	1.514586362946709e-08	5.183568285715978e-08	True	True
ordinal	EX_nac_e	47	4.2148535201305954e-09	2.1828615775922084e-09	8.454456714962112e-09	True	True
ordinal	EX_ncam_e	47	1.898709148084372e-08	7.47413774719771e-09	3.807977712350014e-08	True	True
ordinal	EX_nicrnt_e	47	6.090306086360856e-10	2.412201816374626e-10	1.2213210603560134e-09	True	True
ordinal	EX_orn_e	47	8.395834621300953e-09	4.001106356085528e-09	1.684991456836559e-08	True	True
ordinal	EX_orot5p_e	47	3.652357946762949e-10	1.4911077919229895e-10	7.324880814420697e-10	True	True
ordinal	EX_orot_e	47	8.636446504303717e-10	3.5204377873504815e-10	1.7318316807612056e-09	True	True
ordinal	EX_oxa_e	47	2.8035794886314346e-09	1.3759679133981216e-09	5.627599294755064e-09	True	True
ordinal	EX_pep_e	47	1.8487469006169792e-09	7.571975508564478e-10	3.709293845380518e-09	True	True
ordinal	EX_phe__L_e	47	1.2750807972757205	1.6198453580955665e-07	4.5828780737000585e-06	False	True
ordinal	EX_pnto__R_e	47	1.3527361538813977e-08	6.048275639791725e-09	2.8789285049672516e-08	True	True
ordinal	EX_pro__L_e	47	2.398177889606501e-08	1.6351672550264443e-08	5.809332381812027e-08	True	True
ordinal	EX_quln_e	47	1.290532426454437e-09	4.945960502562012e-10	2.5489652027350217e-09	True	True
ordinal	EX_sbt__D_e	47	1.6135904402315477e-10	5.5348742028573144e-11	3.2271808804630953e-10	True	True
ordinal	EX_ser__L_e	47	9.874352002725573e-09	3.9217786087178e-09	1.9803522377515037e-08	True	True
ordinal	EX_spmd_e	47	2.52478284428204e-09	4.767002676342987e-10	5.072424457853874e-09	True	True
ordinal	EX_sprm_e	47	8.327507012976787e-10	2.2065223425216282e-10	1.6665780467260347e-09	True	True
ordinal	EX_srtn_e	47	3.66807765026983e-09	1.4655976934528502e-09	7.35445046758524e-09	True	True
ordinal	EX_succ_e	47	1.856099026543168	1.981863436721458e-07	3.90014844644881e-06	False	True
ordinal	EX_sucr_e	47	1.0467835081977401e-10	4.14555807314563e-11	2.0935670163954802e-10	True	True
ordinal	EX_taur_e	47	3.1347426744948026e-09	1.3036304069666343e-09	6.300745687145748e-09	True	True
ordinal	EX_tchola_e	47	4.693784416682608e-10	2.980285274734487e-10	9.565485976925422e-10	True	True
ordinal	EX_thr__L_e	47	2.838917634306881e-08	1.7954978128400663e-08	5.728988317077466e-08	True	True
ordinal	EX_thym_e	47	4.988163062110702e-10	1.8733099557530288e-10	9.99996939970891e-10	True	True
ordinal	EX_thymd_e	47	3.3204076227189317e-10	1.3335876813855428e-10	6.659069308921437e-10	True	True
ordinal	EX_trp__L_e	47	2.5801588164620082e-08	1.5110272152154452e-08	5.183733943481261e-08	True	True
ordinal	EX_tyr__L_e	47	2.187274095177827e-08	1.7941452858843846e-08	6.736791635653105e-08	True	True
ordinal	EX_ump_e	47	2.6418249184655627e-10	1.2678593327984268e-10	5.298521731204251e-10	True	True
ordinal	EX_ura_e	47	7.399300987179904e-10	2.804685433401416e-10	1.4835783475712538e-09	True	True
ordinal	EX_urate_e	47	3.4788331672431736e-10	1.5208197737560832e-10	6.978754157318775e-10	True	True
ordinal	EX_uri_e	47	4.2642836259386824e-10	1.693028905666811e-10	8.550360970669934e-10	True	True
ordinal	EX_val__L_e	47	2.580303126720196e-08	1.5109353508299614e-08	5.1843109916127617e-08	True	True
ordinal	EX_xan_e	47	3.528574327213843e-10	1.463984140109021e-10	7.07829825704986e-10	True	True
ordinal	EX_xmp_e	47	2.583884964404107e-10	1.0676411189504114e-10	5.182292853266409e-10	True	True
ordinal	EX_xtsn_e	47	2.6159670583206807e-10	1.0874655221295068e-10	5.246789532469364e-10	True	True
uniform_pfba	EX_2pg_e	1	0.0	3.1058109124002124e-09	3.1058109124002124e-09	True	True
uniform_pfba	EX_34hpp_e	1	0.0	1.936034038615232e-08	1.936034038615232e-08	True	True
uniform_pfba	EX_3hanthrn_e	1	0.0	4.148467073214564e-09	4.148467073214564e-09	True	True
uniform_pfba	EX_3pg_e	1	0.0	3.396368818027822e-09	3.396368818027822e-09	True	True
uniform_pfba	EX_4abut_e	1	0.0	1.1274046960666237e-08	1.1274046960666237e-08	True	True
uniform_pfba	EX_4hbz_e	1	0.0	2.1247427867125932e-09	2.1247427867125932e-09	True	True
uniform_pfba	EX_L2aadp_e	1	0.0	3.5096654148378973e-09	3.5096654148378973e-09	True	True
uniform_pfba	EX_Lkynr_e	1	0.0	9.218393193151886e-09	9.218393193151886e-09	True	True
uniform_pfba	EX_acac_e	1	0.0	1.4429562105004957e-08	1.4429562105004957e-08	True	True
uniform_pfba	EX_ade_e	1	0.0	4.030935865455204e-10	4.030935865455204e-10	True	True
uniform_pfba	EX_adn_e	1	0.0	3.290945930246363e-10	3.290945930246363e-10	True	True
uniform_pfba	EX_ahcys_e	1	0.0	2.8788963530346553e-10	2.8788963530346553e-10	True	True
uniform_pfba	EX_akg_e	1	0.0	1.4518967085145037e-07	1.4518967085145037e-07	True	True
uniform_pfba	EX_ala__L_e	1	0.0	7.09894975771607	7.09894975771607	True	False
uniform_pfba	EX_amp_e	1	0.0	3.2588846895924865e-10	3.2588846895924865e-10	True	True
uniform_pfba	EX_anth_e	1	0.0	6.329800993226738e-09	6.329800993226738e-09	True	True
uniform_pfba	EX_arg__L_e	1	0.0	3.465980491501597e-08	3.465980491501597e-08	True	True
uniform_pfba	EX_asn__L_e	1	0.0	1.195153460642473e-07	1.195153460642473e-07	True	True
uniform_pfba	EX_asp__L_e	1	0.0	6.331382351731918e-08	6.331382351731918e-08	True	True
uniform_pfba	EX_bilirub_e	1	0.0	3.0328274319513397e-10	3.0328274319513397e-10	True	True
uniform_pfba	EX_cala_e	1	0.0	8.958566280749433e-10	8.958566280749433e-10	True	True
uniform_pfba	EX_chol_e	1	0.0	3.361002626212084e-08	3.361002626212084e-08	True	True
uniform_pfba	EX_cholp_e	1	0.0	2.1611427728784574e-09	2.1611427728784574e-09	True	True
uniform_pfba	EX_cit_e	1	0.0	3.937224324211294e-08	3.937224324211294e-08	True	True
uniform_pfba	EX_citr__L_e	1	0.0	1.5485334710891277e-08	1.5485334710891277e-08	True	True
uniform_pfba	EX_cmp_e	1	0.0	6.237923368378518e-10	6.237923368378518e-10	True	True
uniform_pfba	EX_crn_e	1	0.0	1.265979930988558e-08	1.265979930988558e-08	True	True
uniform_pfba	EX_cyst__L_e	1	0.0	1.1903613573287539e-09	1.1903613573287539e-09	True	True
uniform_pfba	EX_cytd_e	1	0.0	6.234925108538975e-10	6.234925108538975e-10	True	True
uniform_pfba	EX_dad_2_e	1	0.0	3.501397101173789e-10	3.501397101173789e-10	True	True
uniform_pfba	EX_dcmp_e	1	0.0	4.951190509481529e-10	4.951190509481529e-10	True	True
uniform_pfba	EX_dcyt_e	1	0.0	5.808759307770803e-10	5.808759307770803e-10	True	True
uniform_pfba	EX_dhap_e	1	0.0	1.987532705833693e-09	1.987532705833693e-09	True	True
uniform_pfba	EX_dmgly_e	1	0.0	2.9712453773194647e-09	2.9712453773194647e-09	True	True
uniform_pfba	EX_duri_e	1	0.0	6.333636349921498e-10	6.333636349921498e-10	True	True
uniform_pfba	EX_ethamp_e	1	0.0	1.881158673335944e-09	1.881158673335944e-09	True	True
uniform_pfba	EX_fol_e	1	0.0	1.1062866602115606e-07	1.1062866602115606e-07	True	True
uniform_pfba	EX_fum_e	1	0.0	1.989401677282565e-07	1.989401677282565e-07	True	True
uniform_pfba	EX_g3pc_e	1	0.0	1.882499156730675e-09	1.882499156730675e-09	True	True
uniform_pfba	EX_glc__D_e	1	0.0	1.2163436480250311e-08	1.2163436480250311e-08	True	True
uniform_pfba	EX_glcur_e	1	0.0	6.329772504976632e-09	6.329772504976632e-09	True	True
uniform_pfba	EX_gln__L_e	1	0.0	2.7102516586552383e-07	2.7102516586552383e-07	True	True
uniform_pfba	EX_glu__L_e	1	0.0	4.6459558333822315e-07	4.6459558333822315e-07	True	True
uniform_pfba	EX_gly_e	1	0.0	1.8502940679621105e-07	1.8502940679621105e-07	True	True
uniform_pfba	EX_glyald_e	1	0.0	8.416833097847186e-09	8.416833097847186e-09	True	True
uniform_pfba	EX_glyb_e	1	0.0	9.29265084607432e-09	9.29265084607432e-09	True	True
uniform_pfba	EX_glyc3p_e	1	0.0	2.018289284905542e-09	2.018289284905542e-09	True	True
uniform_pfba	EX_gmp_e	1	0.0	4.234572938423538e-10	4.234572938423538e-10	True	True
uniform_pfba	EX_gthox_e	1	0.0	9.29372291365282e-09	9.29372291365282e-09	True	True
uniform_pfba	EX_hcys__L_e	1	0.0	1.3095392405366027e-09	1.3095392405366027e-09	True	True
uniform_pfba	EX_hom__L_e	1	0.0	-7.258974904067737e-34	-7.258974904067737e-34	True	True
uniform_pfba	EX_hxan_e	1	0.0	4.64987783722528e-10	4.64987783722528e-10	True	True
uniform_pfba	EX_icit_e	1	0.0	3.9373742702563315e-08	3.9373742702563315e-08	True	True
uniform_pfba	EX_ile__L_e	1	0.0	3.318532315610412e-08	3.318532315610412e-08	True	True
uniform_pfba	EX_imp_e	1	0.0	3.6462273343205724e-10	3.6462273343205724e-10	True	True
uniform_pfba	EX_ins_e	1	0.0	3.763345472307637e-10	3.763345472307637e-10	True	True
uniform_pfba	EX_lac__L_e	1	0.0	13.364456151725093	13.364456151725093	True	False
uniform_pfba	EX_lcts_e	1	0.0	1.4008662766217312e-09	1.4008662766217312e-09	True	True
uniform_pfba	EX_leu__L_e	1	0.0	3.3188084502810966e-08	3.3188084502810966e-08	True	True
uniform_pfba	EX_lys__L_e	1	0.0	3.3188637615921834e-08	3.3188637615921834e-08	True	True
uniform_pfba	EX_mal__L_e	1	0.0	1.229444052133517	1.229444052133517	True	False
uniform_pfba	EX_met__L_e	1	0.0	3.318693442277976e-08	3.318693442277976e-08	True	True
uniform_pfba	EX_nac_e	1	0.0	7.125884598541925e-09	7.125884598541925e-09	True	True
uniform_pfba	EX_ncam_e	1	0.0	3.318649961193525e-08	3.318649961193525e-08	True	True
uniform_pfba	EX_nicrnt_e	1	0.0	1.0393628584777064e-09	1.0393628584777064e-09	True	True
uniform_pfba	EX_orn_e	1	0.0	2.2775884106617755e-08	2.2775884106617755e-08	True	True
uniform_pfba	EX_orot5p_e	1	0.0	5.761411424849698e-10	5.761411424849698e-10	True	True
uniform_pfba	EX_orot_e	1	0.0	1.1432357115676214e-09	1.1432357115676214e-09	True	True
uniform_pfba	EX_oxa_e	1	0.0	3.5601706072688938e-09	3.5601706072688938e-09	True	True
uniform_pfba	EX_pep_e	1	0.0	2.6425858824437003e-09	2.6425858824437003e-09	True	True
uniform_pfba	EX_phe__L_e	1	0.0	3.3186252246242276e-08	3.3186252246242276e-08	True	True
uniform_pfba	EX_pnto__R_e	1	0.0	2.807483580863585e-08	2.807483580863585e-08	True	True
uniform_pfba	EX_pro__L_e	1	0.0	3.903889844725228e-08	3.903889844725228e-08	True	True
uniform_pfba	EX_quln_e	1	0.0	2.5584636490944918e-09	2.5584636490944918e-09	True	True
uniform_pfba	EX_sbt__D_e	1	0.0	0.0	0.0	True	True
uniform_pfba	EX_ser__L_e	1	0.0	2.5812465942465224e-07	2.5812465942465224e-07	True	True
uniform_pfba	EX_spmd_e	1	0.0	6.43832550028399e-10	6.43832550028399e-10	True	True
uniform_pfba	EX_sprm_e	1	0.0	6.655520075817564e-10	6.655520075817564e-10	True	True
uniform_pfba	EX_srtn_e	1	0.0	7.79595550978419e-09	7.79595550978419e-09	True	True
uniform_pfba	EX_succ_e	1	0.0	1.5487563764793322e-07	1.5487563764793322e-07	True	True
uniform_pfba	EX_sucr_e	1	0.0	0.0	0.0	True	True
uniform_pfba	EX_taur_e	1	0.0	6.154465943859185e-09	6.154465943859185e-09	True	True
uniform_pfba	EX_tchola_e	1	0.0	1.4288245921385251e-09	1.4288245921385251e-09	True	True
uniform_pfba	EX_thr__L_e	1	0.0	3.3192208426235936e-08	3.3192208426235936e-08	True	True
uniform_pfba	EX_thym_e	1	0.0	7.312468611856906e-10	7.312468611856906e-10	True	True
uniform_pfba	EX_thymd_e	1	0.0	5.635358429564785e-10	5.635358429564785e-10	True	True
uniform_pfba	EX_trp__L_e	1	0.0	3.3187355748948155e-08	3.3187355748948155e-08	True	True
uniform_pfba	EX_tyr__L_e	1	0.0	4.735278319456526e-08	4.735278319456526e-08	True	True
uniform_pfba	EX_ump_e	1	0.0	4.192091122810749e-10	4.192091122810749e-10	True	True
uniform_pfba	EX_ura_e	1	0.0	9.416131415014149e-10	9.416131415014149e-10	True	True
uniform_pfba	EX_urate_e	1	0.0	4.71484951803183e-10	4.71484951803183e-10	True	True
uniform_pfba	EX_uri_e	1	0.0	6.685863589704521e-10	6.685863589704521e-10	True	True
uniform_pfba	EX_val__L_e	1	0.0	3.318783670103187e-08	3.318783670103187e-08	True	True
uniform_pfba	EX_xan_e	1	0.0	4.5710864890278113e-10	4.5710864890278113e-10	True	True
uniform_pfba	EX_xmp_e	1	0.0	3.8308622099727504e-10	3.8308622099727504e-10	True	True
uniform_pfba	EX_xtsn_e	1	0.0	3.8754759386329736e-10	3.8754759386329736e-10	True	True
