scenario	context	arm	recorded_optimum	recomputed	relative
half_serum	CNS:SF-295	ordinal	205.8743351092115	205.8743354150858	1.48573300610395e-09
half_serum	CNS:SF-295	magnitude_g0.80	391.4759583705011	391.47595886197695	1.255443310945162e-09
half_serum	CNS:SF-295	magnitude_g1.25	404.8634496045015	404.86345010936475	1.2469963340268008e-09
half_serum	CNS:SF-295	magnitude_g2.00	422.8870420171699	422.88704254005665	1.2364690776348752e-09
half_serum	CNS:SF-295	magnitude_g0.50	381.6875375913858	381.6875380730729	1.2619932486750886e-09
half_serum	CNS:SF-295	magnitude_g1.00	397.58248611263826	397.5824866102208	1.251520323959491e-09
lower_task	BR:BT-549	magnitude_g0.80	424.91472792248516	424.9147284474002	1.235342065512635e-09
lower_task	BR:BT-549	magnitude_g2.00	457.03872575467994	457.0387263117186	1.2187997282339971e-09
lower_task	BR:BT-549	ordinal	229.7167728233631	229.7167731530799	1.4353188407744439e-09
lower_task	BR:BT-549	magnitude_g0.50	415.6966218053546	415.69662232105134	1.2405603350399953e-09
lower_task	BR:BT-549	magnitude_g1.00	430.77619250702776	430.7761930378041	1.2321394318903486e-09
lower_task	BR:BT-549	magnitude_g1.25	437.8880280689339	437.88802860682216	1.2283693687331672e-09
lower_task	RE:TK-10	ordinal	222.63317140010005	222.63317172273295	1.449168144723148e-09
lower_task	RE:TK-10	magnitude_g2.00	461.26087953029986	461.2608800915607	1.2167969543319393e-09
lower_task	RE:TK-10	magnitude_g0.80	432.4244540476718	432.4244545800958	1.2312532084226206e-09
lower_task	RE:TK-10	magnitude_g1.00	437.8740841757037	437.8740847135781	1.2283769400890924e-09
lower_task	RE:TK-10	magnitude_g1.25	444.4178041969151	444.41780474133327	1.225014344741864e-09
lower_task	RE:TK-10	magnitude_g0.50	423.87500667734304	423.8750072012182	1.2359189286964502e-09
half_serum	PR:PC-3	magnitude_g1.00	387.5085114514004	387.5085119389088	1.2580584911539564e-09
half_serum	PR:PC-3	ordinal	187.53265790161905	187.5326581891519	1.5332415132843745e-09
half_serum	PR:PC-3	magnitude_g2.00	414.447861735252	414.4478622496999	1.2412849431905156e-09
half_serum	PR:PC-3	magnitude_g0.80	381.4414674497481	381.4414679311895	1.2621632920674985e-09
half_serum	PR:PC-3	magnitude_g0.50	372.03932156104264	372.03932203308193	1.2687887061333872e-09
half_serum	PR:PC-3	magnitude_g1.25	394.8285195153963	394.8285200102249	1.2532747443641662e-09
lower_task	CO:KM12	magnitude_g0.50	411.2649281081211	411.26492862037014	1.2455451012905496e-09
lower_task	CO:KM12	ordinal	209.72446220858208	209.72446251830655	1.4768161367991612e-09
lower_task	CO:KM12	magnitude_g0.80	420.4799212161502	420.4799217366304	1.2378240783936144e-09
lower_task	CO:KM12	magnitude_g1.00	426.31873482605687	426.3187353523755	1.2345660004169356e-09
lower_task	CO:KM12	magnitude_g1.25	433.38490160026726	433.38490213365276	1.230743159042017e-09
lower_task	CO:KM12	magnitude_g2.00	452.50604322043023	452.5060437729363	1.2209916364364435e-09
lower_task	CO:HCC-2998	magnitude_g1.00	435.3042027313278	435.3042032666325	1.229725566325435e-09
lower_task	CO:HCC-2998	magnitude_g0.50	419.81768574333364	419.8176862631512	1.2381983057915863e-09
lower_task	CO:HCC-2998	ordinal	236.58443073968618	236.58443107627045	1.422681380205275e-09
lower_task	CO:HCC-2998	magnitude_g0.80	429.3361354104188	429.3361359397545	1.2329167052148455e-09
lower_task	CO:HCC-2998	magnitude_g2.00	461.0457254858093	461.0457260468552	1.2168984995222074e-09
lower_task	CO:HCC-2998	magnitude_g1.25	442.41295988757145	442.41296042998425	1.2260328141466575e-09
primary	CNS:U251	magnitude_g1.00	980.6482790310436	980.648280111692	1.101973500673638e-09
primary	CNS:U251	ordinal	738.7823131213	738.7823139600816	1.1353569075755634e-09
primary	CNS:U251	magnitude_g2.00	1023.2064734012515	1023.206474524458	1.097732027150545e-09
primary	CNS:U251	magnitude_g0.50	955.5229781250137	955.5229791805369	1.1046550516740482e-09
primary	CNS:U251	magnitude_g1.25	992.3220456263849	992.3220467199311	1.102007350872321e-09
primary	CNS:U251	magnitude_g0.80	970.8606128315371	970.8606139023966	1.1030002776351688e-09
lower_task	CNS:SF-268	magnitude_g1.25	436.68279595690115	436.6827964935841	1.2289994882562117e-09
lower_task	CNS:SF-268	magnitude_g0.80	423.174416226564	423.1744167497387	1.236309898438086e-09
lower_task	CNS:SF-268	magnitude_g1.00	429.4580072902795	429.4580078197375	1.2328515354377509e-09
lower_task	CNS:SF-268	ordinal	220.3497531658595	220.34975348620924	1.4538238531568488e-09
lower_task	CNS:SF-268	magnitude_g2.00	455.7110928007779	455.71109335648896	1.2194371579500744e-09
lower_task	CNS:SF-268	magnitude_g0.50	412.9828559436121	412.9828564565951	1.2421410995134693e-09
half_serum	LC:A549/ATCC	ordinal	207.11665061313414	207.11665092025072	1.4828193598621217e-09
half_serum	LC:A549/ATCC	magnitude_g2.00	419.85215425676796	419.8521547766204	1.2381797826146104e-09
half_serum	LC:A549/ATCC	magnitude_g1.00	394.42545802063813	394.4254585150634	1.2535328055250267e-09
half_serum	LC:A549/ATCC	magnitude_g0.80	388.5057314883417	388.5057319768477	1.2573970874391868e-09
half_serum	LC:A549/ATCC	magnitude_g0.50	379.1421646395428	379.1421651193252	1.265442063306561e-09
half_serum	LC:A549/ATCC	magnitude_g1.25	401.24438718489967	401.24438768614385	1.2492241723462804e-09
primary	RE:TK-10	magnitude_g0.50	993.5451385049239	993.5451395984694	1.1006500502206313e-09
primary	RE:TK-10	magnitude_g1.25	1021.3955309154112	1021.395532036808	1.097906555506883e-09
primary	RE:TK-10	magnitude_g2.00	1044.9583332638526	1044.9583344088123	1.0956989005047536e-09
primary	RE:TK-10	magnitude_g1.00	1012.5351391200805	1012.5351402326153	1.098761603227133e-09
primary	RE:TK-10	ordinal	770.8490016285912	770.8490024994403	1.129727265893003e-09
primary	RE:TK-10	magnitude_g0.80	1005.1117662928713	1005.1117673979829	1.099491321723502e-09
half_serum	CO:HCC-2998	ordinal	214.32554999647982	214.32555031080543	1.4665801803499012e-09
half_serum	CO:HCC-2998	magnitude_g1.00	397.38655559857455	397.3865560959611	1.2516441704044932e-09
half_serum	CO:HCC-2998	magnitude_g0.50	381.26274997043413	381.26275045169706	1.262286782512924e-09
half_serum	CO:HCC-2998	magnitude_g1.25	404.7390213244886	404.7390218292274	1.2470722628686467e-09
half_serum	CO:HCC-2998	magnitude_g2.00	423.47881126762206	423.4788117911007	1.2361389693627204e-09
half_serum	CO:HCC-2998	magnitude_g0.80	391.1613829469233	391.1613834380849	1.2556494773817093e-09
half_serum	CO:COLO 205	magnitude_g2.00	428.91119876202833	428.9111992909395	1.233148466103097e-09
half_serum	CO:COLO 205	magnitude_g1.25	410.86171112046566	410.8617116313274	1.2433909976843677e-09
half_serum	CO:COLO 205	magnitude_g0.50	387.29123264852547	387.2912331358166	1.2582033276265897e-09
half_serum	CO:COLO 205	magnitude_g1.00	403.48161117583976	403.48161167932136	1.2478427451307233e-09
half_serum	CO:COLO 205	ordinal	236.94073874590063	236.9407390828414	1.4220465410236724e-09
half_serum	CO:COLO 205	magnitude_g0.80	397.18911601502765	397.18911651221674	1.2517691739975655e-09
primary	RE:RXF 393	magnitude_g2.00	1035.2072925544578	1035.2072936896666	1.0966004441080401e-09
primary	RE:RXF 393	ordinal	743.679841975929	743.6798428196078	1.134465033201646e-09
primary	RE:RXF 393	magnitude_g1.25	1009.1436849648783	1009.1436860740223	1.099094251268037e-09
primary	RE:RXF 393	magnitude_g1.00	999.3932552442276	999.39325634362	1.1000598762168617e-09
primary	RE:RXF 393	magnitude_g0.50	978.7033149096345	978.7033159883367	1.1021748834048445e-09
primary	RE:RXF 393	magnitude_g0.80	991.2734947963546	991.273495887629	1.100881230420605e-09
primary	LC:A549/ATCC	magnitude_g2.00	1039.566766462791	1039.5667676023581	1.0961942148722818e-09
primary	LC:A549/ATCC	magnitude_g1.25	1014.6797758617453	1014.6797769764248	1.0985530363184492e-09
primary	LC:A549/ATCC	magnitude_g1.00	1005.4810573254142	1005.4810584308934	1.099453048760688e-09
primary	LC:A549/ATCC	magnitude_g0.50	985.9021713447692	985.902172430671	1.1014296522578553e-09
primary	LC:A549/ATCC	ordinal	782.3083021468731	782.3083030291817	1.1278272928465906e-09
primary	LC:A549/ATCC	magnitude_g0.80	997.8323913201122	997.8323924179443	1.1002170224626903e-09
lower_task	RE:A498	magnitude_g1.25	442.5444194894525	442.5444200319972	1.225966741207587e-09
lower_task	RE:A498	magnitude_g0.80	430.7232751985488	430.72327573029645	1.2345459464754314e-09
lower_task	RE:A498	magnitude_g0.50	422.09271122644213	422.0927117485354	1.2369161078044364e-09
lower_task	RE:A498	magnitude_g2.00	459.8912763982818	459.8912769581731	1.2174427600784533e-09
lower_task	RE:A498	magnitude_g1.00	436.0730413204205	436.07304185649343	1.229319162703362e-09
lower_task	RE:A498	ordinal	217.62961091536437	217.62961123299402	1.4594965022197666e-09
lower_task	OV:OVCAR-4	magnitude_g1.00	425.78609576315836	425.7860962889448	1.2348605379591932e-09
lower_task	OV:OVCAR-4	magnitude_g2.00	452.9819820333957	452.9819825863773	1.2207584657685032e-09
lower_task	OV:OVCAR-4	magnitude_g0.80	419.6285555718278	419.6285560914567	1.238306776366644e-09
lower_task	OV:OVCAR-4	ordinal	217.1714710713155	217.17147138848676	1.460464714891468e-09
lower_task	OV:OVCAR-4	magnitude_g0.50	409.92695786417545	409.9269583741024	1.2439459105936005e-09
lower_task	OV:OVCAR-4	magnitude_g1.25	433.1818080221735	433.1818085553555	1.2308502728406215e-09
lower_task	CNS:SF-295	magnitude_g2.00	460.6610938080926	460.661094368754	1.2170800335628516e-09
lower_task	CNS:SF-295	ordinal	226.81421381532272	226.8142141421369	1.4408893634081349e-09
lower_task	CNS:SF-295	magnitude_g0.80	430.5961917916742	430.5961923222702	1.232235760318978e-09
lower_task	CNS:SF-295	magnitude_g0.50	421.47300560342524	421.47300612489823	1.2372631015113953e-09
lower_task	CNS:SF-295	magnitude_g1.00	436.26724158072795	436.2672421169957	1.229218463634592e-09
lower_task	CNS:SF-295	magnitude_g1.25	443.05219243439524	443.0521929774473	1.2257067600333167e-09
primary	ME:UACC-62	magnitude_g2.00	1036.4176951616412	1036.417696298059	1.0964862216234107e-09
primary	ME:UACC-62	magnitude_g1.00	1002.854849259075	1002.8548503619273	1.0997128514559766e-09
primary	ME:UACC-62	ordinal	752.073798736834	752.0737995889081	1.1329660683142158e-09
primary	ME:UACC-62	magnitude_g0.50	984.2255140618729	984.2255151460979	1.101602213514636e-09
primary	ME:UACC-62	magnitude_g1.25	1011.8064798741468	1011.8064809859535	1.098833328694347e-09
primary	ME:UACC-62	magnitude_g0.80	995.4935307561437	995.493531851637	1.1004524583404303e-09
primary	ME:SK-MEL-2	ordinal	762.0549347236192	762.0549355856742	1.1312242255786323e-09
primary	ME:SK-MEL-2	magnitude_g2.00	1039.1350729554604	1039.135074094597	1.0962354044720113e-09
primary	ME:SK-MEL-2	magnitude_g0.50	986.6451575789749	986.6451586656194	1.101352882362423e-09
primary	ME:SK-MEL-2	magnitude_g1.00	1005.661009757232	1005.6610108628927	1.0994367360503102e-09
primary	ME:SK-MEL-2	magnitude_g1.25	1014.6227415850396	1014.6227426996612	1.0985576438345434e-09
primary	ME:SK-MEL-2	magnitude_g0.80	998.1868024825158	998.1868035807024	1.1001815044276663e-09
lower_task	ME:SK-MEL-28	magnitude_g0.50	418.1394643281016	418.1394648462407	1.2391537249161683e-09
lower_task	ME:SK-MEL-28	magnitude_g1.25	439.86254614054724	439.8625466804097	1.2273435738781968e-09
lower_task	ME:SK-MEL-28	magnitude_g2.00	458.0686720621693	458.06867262023815	1.2183082626233154e-09
lower_task	ME:SK-MEL-28	magnitude_g0.80	427.42762064097593	427.42762116840345	1.2339574966662491e-09
lower_task	ME:SK-MEL-28	ordinal	251.77704525919762	251.77704561097482	1.3971774216371917e-09
lower_task	ME:SK-MEL-28	magnitude_g1.00	433.1996447260871	433.19964525928674	1.230840402083189e-09
half_serum	RE:ACHN	magnitude_g0.80	389.5536204050735	389.55362089462716	1.256704162499729e-09
half_serum	RE:ACHN	magnitude_g1.25	402.8223966356061	402.8223971384286	1.2482486228604366e-09
half_serum	RE:ACHN	magnitude_g0.50	379.47667425407536	379.4766747335521	1.2635209796329035e-09
half_serum	RE:ACHN	magnitude_g1.00	395.75131007076055	395.7513105665115	1.2526830374588916e-09
half_serum	RE:ACHN	ordinal	207.39667025784496	207.39667056524172	1.4821682532720975e-09
half_serum	RE:ACHN	magnitude_g2.00	421.33373286715164	421.33373338848537	1.2373415444150859e-09
primary	ME:SK-MEL-28	magnitude_g1.25	1011.7569319568773	1011.7569330686334	1.0988371381667167e-09
primary	ME:SK-MEL-28	magnitude_g0.50	982.9097126297581	982.9097137126682	1.1017391414576054e-09
primary	ME:SK-MEL-28	ordinal	803.3584054244358	803.3584063277942	1.1244775041964434e-09
primary	ME:SK-MEL-28	magnitude_g1.00	1002.4203009406355	1002.4203020430565	1.0997592895698167e-09
primary	ME:SK-MEL-28	magnitude_g2.00	1037.2497458961852	1037.2497470334347	1.0964085168453023e-09
primary	ME:SK-MEL-28	magnitude_g0.80	994.722295027651	994.7222961223722	1.1005295260193146e-09
half_serum	RE:CAKI-1	magnitude_g1.00	394.4348979156177	394.4348984100526	1.2535273043971024e-09
half_serum	RE:CAKI-1	magnitude_g0.80	388.4577862627261	388.45778675118373	1.2574278997473381e-09
half_serum	RE:CAKI-1	ordinal	190.72040053394798	190.72040082466833	1.5243274976878588e-09
half_serum	RE:CAKI-1	magnitude_g2.00	419.5039262449986	419.5039267645027	1.23837723586344e-09
half_serum	RE:CAKI-1	magnitude_g0.50	378.841366658035	378.8413671368761	1.2639620649554744e-09
half_serum	RE:CAKI-1	magnitude_g1.25	401.2427281639934	401.24272866523614	1.2492257958113335e-09
primary	ME:MDA-MB-435	magnitude_g0.80	992.5929499442847	992.5929510368783	1.1007468940425116e-09
primary	ME:MDA-MB-435	magnitude_g0.50	980.7541757560379	980.7541768367927	1.1019630143510725e-09
primary	ME:MDA-MB-435	magnitude_g2.00	1034.8036680760283	1034.8036692108315	1.0966361804959645e-09
primary	ME:MDA-MB-435	ordinal	728.790897236684	728.7908980654745	1.1372129717589926e-09
primary	ME:MDA-MB-435	magnitude_g1.25	1009.5710091910277	1009.5710103005979	1.0990512056126306e-09
primary	ME:MDA-MB-435	magnitude_g1.00	1000.2749824251745	1000.2749835254507	1.099973748683338e-09
half_serum	OV:OVCAR-8	magnitude_g0.80	390.74124639854676	390.74124688928816	1.2559242312915368e-09
half_serum	OV:OVCAR-8	magnitude_g1.00	396.76928958672585	396.7692900834951	1.2520355259871106e-09
half_serum	OV:OVCAR-8	magnitude_g0.50	380.9359802648126	380.93598074574834	1.2625106688502282e-09
half_serum	OV:OVCAR-8	magnitude_g1.25	403.99575335030937	403.99575385430524	1.2475276275313718e-09
half_serum	OV:OVCAR-8	magnitude_g2.00	422.58887259895033	422.5888731215392	1.2366366583623532e-09
half_serum	OV:OVCAR-8	ordinal	207.73473109574002	207.73473140347465	1.4813827045146353e-09
primary	CNS:SNB-19	magnitude_g2.00	1025.97954702992	1025.9795481558995	1.097467737206605e-09
primary	CNS:SNB-19	magnitude_g1.25	996.9497367469281	996.9497378438792	1.100307336538426e-09
primary	CNS:SNB-19	magnitude_g0.50	963.3073989990817	963.3074000623885	1.1038084574309924e-09
primary	CNS:SNB-19	magnitude_g0.80	977.2011311937372	977.2011322709379	1.102332688273474e-09
primary	CNS:SNB-19	ordinal	752.847706741175	752.8477075940224	1.1328285721940765e-09
primary	CNS:SNB-19	magnitude_g1.00	986.1654361780718	986.1654372642381	1.1014037619677284e-09
lower_task	CNS:SNB-19	magnitude_g0.80	422.8818841161075	422.88188463898996	1.236473943024983e-09
lower_task	CNS:SNB-19	ordinal	221.1626212391142	221.16262156027676	1.4521556936627166e-09
lower_task	CNS:SNB-19	magnitude_g0.50	412.8893903640655	412.8893908769546	1.24219498550261e-09
lower_task	CNS:SNB-19	magnitude_g2.00	454.4439244312256	454.4439249856697	1.2200495681082467e-09
lower_task	CNS:SNB-19	magnitude_g1.00	428.70078454341757	428.70078507211906	1.23326457645452e-09
lower_task	CNS:SNB-19	magnitude_g1.25	435.7109708420598	435.7109713781299	1.2303341888008233e-09
primary	RE:A498	magnitude_g1.00	1009.472898837455	1009.4728999469282	1.0990619571937904e-09
primary	RE:A498	magnitude_g2.00	1041.9961346196687	1041.996135761664	1.0959687477793624e-09
primary	RE:A498	magnitude_g0.50	990.7562707180086	990.7562718087653	1.1009333849436855e-09
primary	RE:A498	ordinal	760.2985741713472	760.2985750316457	1.1315270832766032e-09
primary	RE:A498	magnitude_g0.80	1002.148449986025	1002.1484510881737	1.099785922985623e-09
primary	RE:A498	magnitude_g1.25	1018.222021260157	1018.2220223783784	1.0982097470474135e-09
lower_task	PR:DU-145	magnitude_g0.80	426.5081274763455	426.5081280028536	1.2344619962752687e-09
lower_task	PR:DU-145	magnitude_g1.25	438.90443900979625	438.90443954870125	1.2278413042798658e-09
lower_task	PR:DU-145	magnitude_g1.00	432.12242755547095	432.1224280875937	1.2314165902863856e-09
lower_task	PR:DU-145	magnitude_g0.50	417.40435381404103	417.40435433144575	1.2395767075751825e-09
lower_task	PR:DU-145	ordinal	220.51668792635164	220.51668824686806	1.4534792061751177e-09
lower_task	PR:DU-145	magnitude_g2.00	457.22091939646356	457.22091995368436	1.218712393544424e-09
lower_task	ME:M14	ordinal	243.55014332239452	243.5501436659447	1.4105931737886752e-09
lower_task	ME:M14	magnitude_g1.00	436.8365237919237	436.8365243287603	1.2289187173786154e-09
lower_task	ME:M14	magnitude_g1.25	443.53272137666676	443.5327219201995	1.225462539893908e-09
lower_task	ME:M14	magnitude_g0.50	421.65601043892957	421.6560109605857	1.2371604689537494e-09
lower_task	ME:M14	magnitude_g0.80	431.0579068193518	431.0579073504101	1.231988382319644e-09
lower_task	ME:M14	magnitude_g2.00	460.90366731588085	460.9036678767844	1.216964871952265e-09
primary	OV:OVCAR-8	ordinal	765.7663181859728	765.7663190517395	1.130588724503832e-09
primary	OV:OVCAR-8	magnitude_g1.25	1014.2454511723978	1014.2454522866426	1.0985948311707055e-09
primary	OV:OVCAR-8	magnitude_g0.80	996.5848190097106	996.5848201062954	1.1003426799148075e-09
primary	OV:OVCAR-8	magnitude_g0.50	984.1409647310123	984.1409658151541	1.1016122943518031e-09
primary	OV:OVCAR-8	magnitude_g1.00	1004.6319908307406	1004.6319919353722	1.0995385125771905e-09
primary	OV:OVCAR-8	magnitude_g2.00	1040.229731835768	1040.2297329759972	1.096132087573235e-09
half_serum	CNS:U251	magnitude_g1.00	387.98891573090594	387.9889162188947	1.2577389125649849e-09
half_serum	CNS:U251	magnitude_g0.80	381.29519726465844	381.29519774595417	1.2622653840321576e-09
half_serum	CNS:U251	magnitude_g0.50	370.8219771755006	370.8219776463226	1.269671207746261e-09
half_serum	CNS:U251	ordinal	198.0195813189371	198.01958161695688	1.5050015905755865e-09
half_serum	CNS:U251	magnitude_g1.25	395.3406641811331	395.34066467647403	1.2529471073347081e-09
half_serum	CNS:U251	magnitude_g2.00	415.0192912736152	415.01929178863463	1.2409530398108042e-09
half_serum	LC:NCI-H322M	magnitude_g1.25	403.71084278223134	403.7108432859421	1.2477017799409596e-09
half_serum	LC:NCI-H322M	ordinal	215.61725816444724	215.61725848006432	1.463783970405706e-09
half_serum	LC:NCI-H322M	magnitude_g0.50	380.563393023022	380.56339350358564	1.2627689657589097e-09
half_serum	LC:NCI-H322M	magnitude_g1.00	396.3352809718589	396.3352814681941	1.2523115415392142e-09
half_serum	LC:NCI-H322M	magnitude_g2.00	422.6593725312596	422.659373053919	1.2365972883188125e-09
half_serum	LC:NCI-H322M	magnitude_g0.80	390.199795633433	390.19979612363284	1.2562791107302767e-09
half_serum	OV:SK-OV-3	magnitude_g0.80	389.468361705848	389.4683621953165	1.2567606331220311e-09
half_serum	OV:SK-OV-3	magnitude_g0.50	380.149366604764	380.14936708491337	1.2630544979335189e-09
half_serum	OV:SK-OV-3	magnitude_g1.00	395.26084313285173	395.26084362811287	1.2529982214073995e-09
half_serum	OV:SK-OV-3	magnitude_g2.00	420.7156215640686	420.7156220847843	1.237690369829645e-09
half_serum	OV:SK-OV-3	ordinal	188.42806097685772	188.4280612652858	1.5307066351990014e-09
half_serum	OV:SK-OV-3	magnitude_g1.25	402.13540070950125	402.13540121205847	1.2497213941752794e-09
primary	OV:OVCAR-3	magnitude_g2.00	1030.1600035297984	1030.1600046599583	1.097072241616292e-09
primary	OV:OVCAR-3	magnitude_g1.00	993.0027817933188	993.0027828863208	1.1007038347333213e-09
primary	OV:OVCAR-3	ordinal	753.470826721324	753.4708275747948	1.13271917247158e-09
primary	OV:OVCAR-3	magnitude_g0.50	971.8413163730603	971.841317444902	1.1028978167850041e-09
primary	OV:OVCAR-3	magnitude_g1.25	1003.0373260132046	1003.0373271162421	1.0996973088042795e-09
primary	OV:OVCAR-3	magnitude_g0.80	984.6725259541768	984.6725270388486	1.101555863061485e-09
primary	ME:UACC-257	magnitude_g1.25	1005.9774930872507	1005.9774941932292	1.0994068298135334e-09
primary	ME:UACC-257	magnitude_g2.00	1033.6977143033764	1033.6977154370745	1.0967404593938477e-09
primary	ME:UACC-257	magnitude_g0.50	973.8389105856603	973.8389116594991	1.1026862770576385e-09
primary	ME:UACC-257	ordinal	768.2219448520669	768.2219457202893	1.1301713085114369e-09
primary	ME:UACC-257	magnitude_g0.80	987.1182266409714	987.1182277280893	1.1013046368925003e-09
primary	ME:UACC-257	magnitude_g1.00	995.6789606324563	995.6789617281354	1.1004340864845168e-09
half_serum	LE:K-562	magnitude_g2.00	421.06076294421234	421.06076346527317	1.237495564399338e-09
half_serum	LE:K-562	magnitude_g0.80	387.55676709054046	387.5567675780969	1.2580259310613934e-09
half_serum	LE:K-562	magnitude_g0.50	377.2383857571178	377.2383862343564	1.2650850530831334e-09
half_serum	LE:K-562	magnitude_g1.25	401.571658700875	401.5716592024466	1.2490214254783814e-09
half_serum	LE:K-562	magnitude_g1.00	393.99788098879725	393.9978814827953	1.2538089581360243e-09
half_serum	LE:K-562	ordinal	199.87307735292404	199.873077652797	1.5003169488435141e-09
primary	LE:HL-60(TB)	magnitude_g2.00	1033.3609325135815	1033.360933646943	1.096772248069194e-09
primary	LE:HL-60(TB)	magnitude_g1.00	993.5848824928012	993.5848835863873	1.1006468718095643e-09
primary	LE:HL-60(TB)	magnitude_g1.25	1004.4721123116867	1004.4721134161591	1.0995550695487774e-09
primary	LE:HL-60(TB)	ordinal	749.4038003286834	749.4038011780872	1.1334394328132037e-09
primary	LE:HL-60(TB)	magnitude_g0.80	984.4476346302185	984.4476357146651	1.1015787355131414e-09
primary	LE:HL-60(TB)	magnitude_g0.50	970.1082192811679	970.1082203512757	1.103080879904461e-09
primary	PR:DU-145	magnitude_g0.80	990.6337828222852	990.6337839129194	1.1009459125695776e-09
primary	PR:DU-145	magnitude_g2.00	1034.19517437726	1034.1951755114537	1.0966921996661565e-09
primary	PR:DU-145	magnitude_g0.50	978.6078907773859	978.6078918559944	1.1021865146626976e-09
primary	PR:DU-145	ordinal	757.4079532751417	757.40795413255	1.1320296777388568e-09
primary	PR:DU-145	magnitude_g1.25	1008.0972361572665	1008.0972372653636	1.0991966260950007e-09
primary	PR:DU-145	magnitude_g1.00	998.5097336580842	998.5097347565937	1.1001490437651994e-09
half_serum	CNS:SNB-19	magnitude_g0.50	374.1648493344492	374.1648498086143	1.2672625995097152e-09
half_serum	CNS:SNB-19	magnitude_g2.00	416.54308822679707	416.5430887433403	1.2400715969491142e-09
half_serum	CNS:SNB-19	ordinal	201.0903254999556	201.09032580104576	1.4972881114473884e-09
half_serum	CNS:SNB-19	magnitude_g1.25	397.42582333740296	397.42582383482886	1.2516194775185215e-09
half_serum	CNS:SNB-19	magnitude_g0.80	384.27253881827505	384.2725393025479	1.2602327694650152e-09
half_serum	CNS:SNB-19	magnitude_g1.00	390.3388351033352	390.33883559367393	1.2561873855261506e-09
half_serum	LC:NCI-H460	magnitude_g2.00	420.3828704867736	420.3828710071565	1.237878487461117e-09
half_serum	LC:NCI-H460	magnitude_g0.50	380.1282945105376	380.12829499066595	1.263069185444277e-09
half_serum	LC:NCI-H460	magnitude_g0.80	389.37426703872285	389.3742675280971	1.2568222912412e-09
half_serum	LC:NCI-H460	ordinal	200.77348298503986	200.77348328581348	1.4980744301908344e-09
half_serum	LC:NCI-H460	magnitude_g1.25	401.84016322612814	401.8401637279684	1.2488553746117702e-09
half_serum	LC:NCI-H460	magnitude_g1.00	395.0389615172504	395.03896201228935	1.2531395146741958e-09
lower_task	LE:K-562	magnitude_g1.00	431.21527448814436	431.2152750193597	1.2319028713950707e-09
lower_task	LE:K-562	magnitude_g1.25	438.66337672935	438.66337726801345	1.22796545081451e-09
lower_task	LE:K-562	magnitude_g2.00	458.3778251840536	458.37782574243147	1.21816069226942e-09
lower_task	LE:K-562	magnitude_g0.50	414.92637449256875	414.9263750074952	1.2410068072500518e-09
lower_task	LE:K-562	ordinal	221.7049519354214	221.70495225712608	1.451048668669939e-09
lower_task	LE:K-562	magnitude_g0.80	425.0082729396505	425.00827346465866	1.2352892416594092e-09
half_serum	OV:OVCAR-4	magnitude_g1.00	387.9141372959958	387.91413778390984	1.2577888192148405e-09
half_serum	OV:OVCAR-4	magnitude_g1.25	395.6333529536448	395.6333534492783	1.2527595414562092e-09
half_serum	OV:OVCAR-4	magnitude_g0.80	381.46893382141116	381.46893430288003	1.2621443870555034e-09
half_serum	OV:OVCAR-4	magnitude_g2.00	415.91365866691723	415.9136591828303	1.2404331421276934e-09
half_serum	OV:OVCAR-4	ordinal	198.22992280493477	198.22992310316482	1.504465342247785e-09
half_serum	OV:OVCAR-4	magnitude_g0.50	371.36645598082293	371.36645645218937	1.2692757417742224e-09
lower_task	LC:A549/ATCC	ordinal	227.58644043170028	227.58644075928663	1.4393930874646826e-09
lower_task	LC:A549/ATCC	magnitude_g0.50	419.43956700714386	419.4395675265837	1.2384139780059498e-09
lower_task	LC:A549/ATCC	magnitude_g0.80	428.11410057797286	428.1141011060872	1.2335831851585064e-09
lower_task	LC:A549/ATCC	magnitude_g1.00	433.60225810610854	433.60225863971067	1.230625817025439e-09
lower_task	LC:A549/ATCC	magnitude_g2.00	457.86633462690577	457.86633518477197	1.218404060408965e-09
lower_task	LC:A549/ATCC	magnitude_g1.25	440.10413355297857	440.1041340930834	1.2272205793048034e-09
primary	RE:ACHN	magnitude_g1.00	997.5774491003131	997.5774501978896	1.1002418927842416e-09
primary	RE:ACHN	magnitude_g0.80	989.1955127427586	989.1955138319532	1.1010913248134707e-09
primary	RE:ACHN	magnitude_g0.50	976.059456459034	976.0594575350934	1.102452766220341e-09
primary	RE:ACHN	ordinal	749.7825354740207	749.7825363238035	1.1333722731824988e-09
primary	RE:ACHN	magnitude_g2.00	1034.5346126090367	1034.5346137435708	1.0966613830375672e-09
primary	RE:ACHN	magnitude_g1.25	1007.5492200249965	1007.5492211325459	1.0992508510384655e-09
lower_task	CO:HCT-15	ordinal	208.31627832256518	208.3162786308814	1.4800390718141247e-09
lower_task	CO:HCT-15	magnitude_g2.00	455.7577420357073	455.7577425914649	1.2194144900950652e-09
lower_task	CO:HCT-15	magnitude_g1.25	436.4254551693315	436.4254557057571	1.2291345434835122e-09
lower_task	CO:HCT-15	magnitude_g0.80	422.7396742604688	422.7396747832088	1.2365529258489439e-09
lower_task	CO:HCT-15	magnitude_g0.50	412.9023196071112	412.9023201200136	1.2421881651866432e-09
lower_task	CO:HCT-15	magnitude_g1.00	429.028180720029	429.02818124905775	1.2330862232643602e-09
half_serum	CNS:SNB-75	magnitude_g2.00	418.7497475630915	418.7497480818413	1.2388062404042423e-09
half_serum	CNS:SNB-75	magnitude_g1.00	393.28129867427174	393.281299167553	1.2542708713110763e-09
half_serum	CNS:SNB-75	magnitude_g0.80	387.0831784635723	387.08317895065557	1.2583425692368158e-09
half_serum	CNS:SNB-75	magnitude_g1.25	400.3506167169464	400.3506172172973	1.249781888957157e-09
half_serum	CNS:SNB-75	magnitude_g0.50	377.3700052319871	377.37000570935703	1.2649917718676278e-09
half_serum	CNS:SNB-75	ordinal	184.8380714704856	184.83807175532382	1.5410149006419072e-09
primary	ME:M14	magnitude_g1.25	1016.6366354043772	1016.6366365210139	1.098363592938069e-09
primary	ME:M14	magnitude_g0.80	1000.1041437994752	1000.1041448995802	1.0999904525696533e-09
primary	ME:M14	magnitude_g1.00	1007.5916107979465	1007.5916119055385	1.0992469153873016e-09
primary	ME:M14	ordinal	769.5744372299561	769.5744380995304	1.129941851557382e-09
primary	ME:M14	magnitude_g2.00	1040.6056828843853	1040.6056840249908	1.0960976955114999e-09
primary	ME:M14	magnitude_g0.50	988.5456496763255	988.5456507648705	1.101158040998046e-09
half_serum	LC:EKVX	magnitude_g2.00	424.0539204042662	424.0539209283201	1.235819058591841e-09
half_serum	LC:EKVX	magnitude_g1.25	405.94253729003435	405.9425377959771	1.2463408101633896e-09
half_serum	LC:EKVX	magnitude_g1.00	399.0328029654233	399.03280346445604	1.2506058334395323e-09
half_serum	LC:EKVX	magnitude_g0.80	393.15164175220497	393.1516422453567	1.2543550086909458e-09
half_serum	LC:EKVX	magnitude_g0.50	383.98239015351544	383.9823906374982	1.2604296089317147e-09
half_serum	LC:EKVX	ordinal	217.96471334116072	217.9647136591255	1.4587901473236864e-09
lower_task	CNS:U251	magnitude_g2.00	453.29629404337635	453.2962945966727	1.2206063422286674e-09
lower_task	CNS:U251	magnitude_g0.50	409.57129477179166	409.57129528136284	1.2441574554254189e-09
lower_task	CNS:U251	ordinal	216.30642037799117	216.30642069429786	1.4623083384539253e-09
lower_task	CNS:U251	magnitude_g1.00	426.6901047807285	426.69010530741855	1.2343619511085453e-09
lower_task	CNS:U251	magnitude_g1.25	433.9963996825755	433.99640021657206	1.2304170495883026e-09
lower_task	CNS:U251	magnitude_g0.80	420.1172303380457	420.117230858163	1.2380289238741362e-09
half_serum	ME:LOX IMVI	magnitude_g0.50	378.20452921121387	378.2045296894185	1.2644074922318e-09
half_serum	ME:LOX IMVI	magnitude_g1.25	401.40286108090845	401.4028615823113	1.249126217290769e-09
half_serum	ME:LOX IMVI	magnitude_g1.00	394.28800961252114	394.2880101068091	1.2536216219009734e-09
half_serum	ME:LOX IMVI	magnitude_g0.80	388.0295333554562	388.02953384348586	1.2577127312966027e-09
half_serum	ME:LOX IMVI	magnitude_g2.00	419.98470245945936	419.9847029794443	1.2381045025026332e-09
half_serum	ME:LOX IMVI	ordinal	211.75269930834733	211.75269962009992	1.472248464510626e-09
half_serum	LC:NCI-H522	ordinal	205.89601635266345	205.89601665855972	1.4856832598397838e-09
half_serum	LC:NCI-H522	magnitude_g1.25	402.9974759625707	402.99747646556847	1.2481411922411167e-09
half_serum	LC:NCI-H522	magnitude_g0.80	388.907991190373	388.90799167928134	1.2571310541835707e-09
half_serum	LC:NCI-H522	magnitude_g0.50	378.5468692088006	378.5468696873474	1.2641678476141976e-09
half_serum	LC:NCI-H522	magnitude_g1.00	395.3654843777859	395.36548487315144	1.25293070430134e-09
half_serum	LC:NCI-H522	magnitude_g2.00	422.2164517397008	422.2164522619171	1.2368449417579713e-09
primary	OV:OVCAR-4	magnitude_g1.00	975.9490694142329	975.9490704901825	1.1024649338815735e-09
primary	OV:OVCAR-4	ordinal	704.0696739474024	704.0696747514725	1.1420319390759596e-09
primary	OV:OVCAR-4	magnitude_g0.50	951.4649585275574	951.4649595790233	1.1051020910451394e-09
primary	OV:OVCAR-4	magnitude_g0.80	966.4273324915915	966.4273335580186	1.1034736572689223e-09
primary	OV:OVCAR-4	magnitude_g1.25	987.4087571611901	987.4087582485993	1.101275574024033e-09
primary	OV:OVCAR-4	magnitude_g2.00	1018.3263935457258	1018.3263946640519	1.098200120078088e-09
lower_task	CNS:SNB-75	magnitude_g2.00	457.7252012574266	457.72520181515193	1.218472003966388e-09
lower_task	CNS:SNB-75	ordinal	202.1464300281875	202.1464303303339	1.494690843985269e-09
lower_task	CNS:SNB-75	magnitude_g1.25	440.04587391967596	440.04587445972163	1.2272485841620876e-09
lower_task	CNS:SNB-75	magnitude_g0.80	427.4247081005184	427.42470862794346	1.2339601864595602e-09
lower_task	CNS:SNB-75	magnitude_g1.00	433.32574718165813	433.32574771516215	1.2311846800584794e-09
lower_task	CNS:SNB-75	magnitude_g0.50	417.66405262578616	417.6640531434505	1.2394275142134481e-09
lower_task	LE:MOLT-4	magnitude_g0.50	420.8215874662504	420.8215879870722	1.2376308997017026e-09
lower_task	LE:MOLT-4	magnitude_g1.00	437.388348825647	437.38834936303533	1.2286298001129452e-09
lower_task	LE:MOLT-4	magnitude_g2.00	462.7530876894823	462.7530882522358	1.216098821750978e-09
lower_task	LE:MOLT-4	magnitude_g0.80	431.15200286496537	431.15200339611755	1.2319371782191592e-09
lower_task	LE:MOLT-4	magnitude_g1.25	444.5328052028671	444.53280574739983	1.2249550951372494e-09
lower_task	LE:MOLT-4	ordinal	233.30266833883073	233.30266867213368	1.4286289653588662e-09
lower_task	RE:CAKI-1	magnitude_g2.00	458.24431951391756	458.2443200721624	1.218225325387954e-09
lower_task	RE:CAKI-1	magnitude_g0.80	428.6021438750521	428.6021444036546	1.2333175058441192e-09
lower_task	RE:CAKI-1	ordinal	206.8558797486964	206.85588005555206	1.483427342549672e-09
lower_task	RE:CAKI-1	magnitude_g0.50	419.6026776176045	419.6026781372071	1.2383204234271757e-09
lower_task	RE:CAKI-1	magnitude_g1.00	434.09836956215577	434.0983700962546	1.2303635958794742e-09
lower_task	RE:CAKI-1	magnitude_g1.25	440.6236444305153	440.62364497231937	1.229630041196692e-09
half_serum	CO:SW-620	ordinal	202.11064547761146	202.11064577972235	1.4947797047341509e-09
half_serum	CO:SW-620	magnitude_g0.80	386.6741066028252	386.6741070894991	1.258615209879771e-09
half_serum	CO:SW-620	magnitude_g1.00	392.7857034757764	392.78570396856225	1.254592072876019e-09
half_serum	CO:SW-620	magnitude_g2.00	420.0917352703024	420.09173579039464	1.2380443864101e-09
half_serum	CO:SW-620	magnitude_g1.25	400.14671703388706	400.1467175340336	1.2499078957308773e-09
half_serum	CO:SW-620	magnitude_g0.50	376.48405938195384	376.48405985843823	1.265616368267714e-09
primary	BR:MCF7	magnitude_g0.50	994.2156587345079	994.2156598287237	1.1005819457519841e-09
primary	BR:MCF7	magnitude_g1.25	1020.2500968107452	1020.2500979309948	1.098014730682078e-09
primary	BR:MCF7	magnitude_g2.00	1043.4578761872285	1043.4578773306878	1.0958365297163768e-09
primary	BR:MCF7	magnitude_g0.80	1004.8468055955011	1004.8468067003478	1.0995175127493188e-09
primary	BR:MCF7	magnitude_g1.00	1011.7947540411592	1011.7947551529536	1.098833928181167e-09
primary	BR:MCF7	ordinal	767.8847037399925	767.8847046078783	1.1302294255556281e-09
half_serum	LE:CCRF-CEM	ordinal	199.18562818788567	199.1856284870711	1.5020433308409621e-09
half_serum	LE:CCRF-CEM	magnitude_g2.00	424.3843475625656	424.3843480869501	1.235635859432742e-09
half_serum	LE:CCRF-CEM	magnitude_g0.50	382.50955188594406	382.50955236845374	1.2614317061602597e-09
half_serum	LE:CCRF-CEM	magnitude_g0.80	392.4604870962361	392.4604875886966	1.2548027921925345e-09
half_serum	LE:CCRF-CEM	magnitude_g1.25	406.00105499812713	406.0010555041281	1.2463045409305427e-09
half_serum	LE:CCRF-CEM	magnitude_g1.00	398.69374871563787	398.6937492143315	1.250818767266521e-09
primary	BR:BT-549	magnitude_g0.80	991.2690839634007	991.2690850546703	1.1008813120896758e-09
primary	BR:BT-549	magnitude_g2.00	1036.1322722013379	1036.13227333747	1.0965126477928153e-09
primary	BR:BT-549	magnitude_g1.25	1009.4337767221426	1009.4337778315769	1.099065922826186e-09
primary	BR:BT-549	ordinal	763.0492793380936	763.0492802011424	1.1310525769254572e-09
primary	BR:BT-549	magnitude_g1.00	999.5268960948108	999.5268971943375	1.1000471214003071e-09
primary	BR:BT-549	magnitude_g0.50	978.49954374948	978.4995448279794	1.1021971359815864e-09
lower_task	RE:SN12C	magnitude_g1.25	439.0451717677716	439.0451723068166	1.2277666145792113e-09
lower_task	RE:SN12C	ordinal	237.67301751617453	237.67301785384768	1.4207467070532471e-09
lower_task	RE:SN12C	magnitude_g2.00	458.1402719782184	458.1402725363585	1.2182734498747976e-09
lower_task	RE:SN12C	magnitude_g0.80	425.902462613053	425.9024631389555	1.2347956813970163e-09
lower_task	RE:SN12C	magnitude_g0.50	416.6202178990922	416.6202184157126	1.2400271684847579e-09
lower_task	RE:SN12C	magnitude_g1.00	431.88281458680547	431.8828151186884	1.2315446292873366e-09
lower_task	OV:OVCAR-8	magnitude_g2.00	460.4946687339201	460.4946692944153	1.2171589540815418e-09
lower_task	OV:OVCAR-8	magnitude_g0.50	419.91448496646603	419.9144854863805	1.2381436789431493e-09
lower_task	OV:OVCAR-8	magnitude_g1.00	434.77120470255335	434.7712052373241	1.230005049115719e-09
lower_task	OV:OVCAR-8	magnitude_g1.25	441.7160316257342	441.7160321674504	1.2263901496488318e-09
lower_task	OV:OVCAR-8	magnitude_g0.80	429.04106201517527	429.0410625442162	1.2330775544998159e-09
lower_task	OV:OVCAR-8	ordinal	229.94750433515148	229.94750466509907	1.434882267193245e-09
primary	OV:SK-OV-3	magnitude_g0.50	985.0410718935262	985.041072978568	1.1015192788302484e-09
primary	OV:SK-OV-3	magnitude_g0.80	997.0186528506641	997.0186539476822	1.100298442675605e-09
primary	OV:SK-OV-3	ordinal	750.775451970357	750.7754528211332	1.1331965236449035e-09
primary	OV:SK-OV-3	magnitude_g1.25	1013.9871960819971	1013.9871971959857	1.0986219198512325e-09
primary	OV:SK-OV-3	magnitude_g2.00	1039.060524086959	1039.0605252260198	1.0962409674794418e-09
primary	OV:SK-OV-3	magnitude_g1.00	1004.719884447265	1004.7198855519865	1.0995318279998826e-09
lower_task	LC:EKVX	ordinal	241.97823817057227	241.9782385125504	1.4132598826281857e-09
lower_task	LC:EKVX	magnitude_g2.00	461.95811035551714	461.95811091747476	1.2164687823336638e-09
lower_task	LC:EKVX	magnitude_g1.00	438.046146018315	438.04614655636135	1.228286853002477e-09
lower_task	LC:EKVX	magnitude_g0.50	423.70866107956016	423.7086616032688	1.2360111979907863e-09
lower_task	LC:EKVX	magnitude_g0.80	432.45869886923384	432.45869940169223	1.2312352326528427e-09
lower_task	LC:EKVX	magnitude_g1.25	444.5448783455651	444.54487889011017	1.2249495748042325e-09
lower_task	OV:IGROV1	magnitude_g1.00	424.0145389518996	424.01453947591426	1.235841202990427e-09
lower_task	OV:IGROV1	magnitude_g2.00	451.99553323857424	451.9955337905693	1.2212401036763743e-09
lower_task	OV:IGROV1	magnitude_g0.80	417.58599117285195	417.58599169043816	1.2394721724525787e-09
lower_task	OV:IGROV1	magnitude_g0.50	407.190142159087	407.1901426662775	1.2455864427462009e-09
lower_task	OV:IGROV1	magnitude_g1.25	431.7464508404255	431.7464513721719	1.2316173574992741e-09
lower_task	OV:IGROV1	ordinal	203.624795190415	203.6247954940399	1.491099778523402e-09
primary	OV:NCI/ADR-RES	magnitude_g0.50	976.0431755854368	976.0431766614802	1.1024547323731332e-09
primary	OV:NCI/ADR-RES	magnitude_g1.25	1008.0395891577022	1008.0395902657424	1.099203096047803e-09
primary	OV:NCI/ADR-RES	magnitude_g0.80	989.2428302594936	989.2428313487369	1.1010878444337922e-09
primary	OV:NCI/ADR-RES	magnitude_g1.00	997.7669546083501	997.7669557061173	1.1002240037652538e-09
primary	OV:NCI/ADR-RES	magnitude_g2.00	1035.4888491888728	1035.4888503243608	1.0965719162712412e-09
primary	OV:NCI/ADR-RES	ordinal	767.2909670083831	767.2909678756743	1.1303289482663856e-09
primary	CNS:SF-268	magnitude_g2.00	1027.5566152700285	1027.5566163975864	1.0973194695046592e-09
primary	CNS:SF-268	magnitude_g0.80	978.0621722580132	978.0621733360749	1.1022425065942992e-09
primary	CNS:SF-268	magnitude_g0.50	963.7428354957605	963.7428365595033	1.1037621281993743e-09
primary	CNS:SF-268	magnitude_g1.25	998.193973406516	998.1939745047096	1.1001805482799844e-09
primary	CNS:SF-268	ordinal	738.9386591242456	738.9386599631848	1.1353299248793845e-09
primary	CNS:SF-268	magnitude_g1.00	987.2074719120654	987.2074729992738	1.101296744419771e-09
half_serum	RE:SN12C	magnitude_g1.00	394.2322294658673	394.2322299600995	1.253657549465888e-09
half_serum	RE:SN12C	magnitude_g1.25	401.65756978305404	401.6575702847115	1.248967968948583e-09
half_serum	RE:SN12C	magnitude_g2.00	420.6469577724183	420.6469582930651	1.2377286211226236e-09
half_serum	RE:SN12C	ordinal	214.73418582695766	214.73418614169185	1.4656920743668985e-09
half_serum	RE:SN12C	magnitude_g0.50	378.2005551164995	378.20055559470023	1.2644104078256968e-09
half_serum	RE:SN12C	magnitude_g0.80	387.96325501111846	387.9632554990817	1.257756315735634e-09
half_serum	ME:SK-MEL-2	magnitude_g1.25	404.0871581487286	404.087158652816	1.2474720571845313e-09
half_serum	ME:SK-MEL-2	ordinal	212.36074026046367	212.3607405728244	1.4708967643749115e-09
half_serum	ME:SK-MEL-2	magnitude_g0.80	390.9920602852355	390.9920607762278	1.2557602985842116e-09
half_serum	ME:SK-MEL-2	magnitude_g2.00	421.9265318275447	421.9265323494708	1.2370070560561277e-09
half_serum	ME:SK-MEL-2	magnitude_g1.00	397.0221281131516	397.02212861017364	1.2518748796925264e-09
half_serum	ME:SK-MEL-2	magnitude_g0.50	381.5568457547234	381.5568462362801	1.2620837552746752e-09
lower_task	BR:MCF7	magnitude_g0.80	439.60287356373925	439.6028741033424	1.2274786680624846e-09
lower_task	BR:MCF7	magnitude_g1.25	450.2368375339941	450.2368380842313	1.2221061078853184e-09
lower_task	BR:MCF7	magnitude_g2.00	466.12371027365936	466.1237108397835	1.2145362195298466e-09
lower_task	BR:MCF7	ordinal	246.00180201949777	246.0018023654996	1.4065011860110935e-09
lower_task	BR:MCF7	magnitude_g0.50	431.51809413133674	431.5180946628549	1.2317400983928554e-09
lower_task	BR:MCF7	magnitude_g1.00	444.5001244383276	444.50012498282797	1.2249723922386025e-09
half_serum	PR:DU-145	magnitude_g0.80	387.6085445772016	387.60854506481013	1.2579922144435034e-09
half_serum	PR:DU-145	magnitude_g1.00	393.5352568440022	393.5352573375375	1.254106830254445e-09
half_serum	PR:DU-145	ordinal	201.6952388187287	201.69523912042402	1.495797870600736e-09
half_serum	PR:DU-145	magnitude_g2.00	419.2796509089149	419.27965142819465	1.2385045411033017e-09
half_serum	PR:DU-145	magnitude_g1.25	400.618802720472	400.61880322109107	1.2496145388406461e-09
half_serum	PR:DU-145	magnitude_g0.50	378.1296037715957	378.1296042497253	1.2644594483090307e-09
half_serum	CO:KM12	ordinal	189.91061517622677	189.91061546613741	1.5265636655168272e-09
half_serum	CO:KM12	magnitude_g0.50	371.61061579548675	371.61061626709727	1.2690986195756553e-09
half_serum	CO:KM12	magnitude_g1.25	394.81980057119563	394.81980106601577	1.253280968882669e-09
half_serum	CO:KM12	magnitude_g1.00	387.538732155446	387.5387326429846	1.2580384190583084e-09
half_serum	CO:KM12	magnitude_g0.80	381.3243817061746	381.3243821874994	1.2622449512363173e-09
half_serum	CO:KM12	magnitude_g2.00	414.59878015710837	414.59878067170695	1.2411965665163572e-09
lower_task	ME:SK-MEL-5	magnitude_g2.00	457.7896434732625	457.78964403105215	1.2184409173541393e-09
lower_task	ME:SK-MEL-5	ordinal	240.89863787889809	240.89863821979662	1.4151119360590864e-09
lower_task	ME:SK-MEL-5	magnitude_g0.80	425.5725166122594	425.57251713783177	1.2349772469754182e-09
lower_task	ME:SK-MEL-5	magnitude_g1.25	438.63956752195946	438.6395680605998	1.2279793611250752e-09
lower_task	ME:SK-MEL-5	magnitude_g0.50	416.1255401574485	416.12554067357394	1.2403118859073343e-09
lower_task	ME:SK-MEL-5	magnitude_g1.00	431.4877330377754	431.48773356926296	1.2317558930875862e-09
primary	BR:T-47D	magnitude_g0.50	986.8785886607591	986.8785897476367	1.1013286460573054e-09
primary	BR:T-47D	ordinal	763.2150145835762	763.2150154467906	1.1310238468292865e-09
primary	BR:T-47D	magnitude_g0.80	999.458766495072	999.4587675945305	1.100053858714209e-09
primary	BR:T-47D	magnitude_g1.25	1017.0993849546386	1017.0993860717393	1.0983201383969202e-09
primary	BR:T-47D	magnitude_g2.00	1042.5303215558372	1042.530322698368	1.0959210179367482e-09
primary	BR:T-47D	magnitude_g1.00	1007.4753007914092	1007.4753018988843	1.0992578172394148e-09
lower_task	LE:CCRF-CEM	magnitude_g1.25	445.01188735278964	445.01188789780167	1.2247134152726005e-09
lower_task	LE:CCRF-CEM	magnitude_g1.00	438.1298229430781	438.12982348120784	1.2282425967795448e-09
lower_task	LE:CCRF-CEM	magnitude_g0.80	432.04393241537286	432.0439329474167	1.2314577008102518e-09
lower_task	LE:CCRF-CEM	ordinal	219.54553285913425	219.5455331786797	1.455486000989676e-09
lower_task	LE:CCRF-CEM	magnitude_g2.00	462.9533039378554	462.95330450080905	1.2160052117355306e-09
lower_task	LE:CCRF-CEM	magnitude_g0.50	421.8569063490617	421.8569068709188	1.2370476368725372e-09
half_serum	OV:OVCAR-5	magnitude_g1.00	395.04131155970185	395.04131205524595	1.2544108311610108e-09
half_serum	OV:OVCAR-5	ordinal	197.9542646257801	197.95426492373426	1.5051666590073246e-09
half_serum	OV:OVCAR-5	magnitude_g0.50	379.0860435533981	379.0860440324841	1.2637922331546142e-09
half_serum	OV:OVCAR-5	magnitude_g2.00	421.30465145323234	421.3046519745372	1.2373584138818882e-09
half_serum	OV:OVCAR-5	magnitude_g1.25	402.1519308231576	402.1519313253093	1.2486616479595514e-09
half_serum	OV:OVCAR-5	magnitude_g0.80	388.85047663243245	388.8504771212829	1.2571681808873347e-09
primary	CO:KM12	ordinal	731.8854308769018	731.8854317087876	1.1366339299463335e-09
primary	CO:KM12	magnitude_g2.00	1025.89568593447	1025.895687060366	1.0974761091179925e-09
primary	CO:KM12	magnitude_g0.50	966.0841920599539	966.0841931260387	1.1035112682338618e-09
primary	CO:KM12	magnitude_g0.80	979.2764422189205	979.2764432981973	1.1021165615204602e-09
primary	CO:KM12	magnitude_g1.00	987.7948441347484	987.7948452225438	1.1012362133419225e-09
primary	CO:KM12	magnitude_g1.25	998.0643855718258	998.0643866698902	1.1001938821697843e-09
half_serum	RE:A498	magnitude_g0.80	390.5922669110993	390.5922674016913	1.2560208088397376e-09
half_serum	RE:A498	magnitude_g2.00	421.06257820189813	421.06257872296084	1.2374946843864108e-09
half_serum	RE:A498	magnitude_g1.25	402.9656447512106	402.96564525417625	1.2481600854508488e-09
half_serum	RE:A498	magnitude_g0.50	381.57667766953466	381.57667815111176	1.262071640409122e-09
half_serum	RE:A498	magnitude_g1.00	396.21608071002026	396.21608120623597	1.2523865868370664e-09
half_serum	RE:A498	ordinal	199.15801048562872	199.15801078478677	1.5021140508565062e-09
lower_task	LC:NCI-H522	magnitude_g2.00	460.4548269047107	460.4548274651654	1.2171762510693375e-09
lower_task	LC:NCI-H522	magnitude_g1.25	441.4729234009371	441.47292394241043	1.2265154358076983e-09
lower_task	LC:NCI-H522	ordinal	227.71384146410875	227.71384179182257	1.439147565285487e-09
lower_task	LC:NCI-H522	magnitude_g0.50	417.4819519127203	417.48195243020245	1.2395317521966314e-09
lower_task	LC:NCI-H522	magnitude_g1.00	434.2832259611834	434.28322649595896	1.2313981288543884e-09
lower_task	LC:NCI-H522	magnitude_g0.80	427.896932804205	427.89693333210175	1.2337007319386377e-09
primary	CNS:SNB-75	ordinal	759.3750488172676	759.3750496766434	1.131688152007365e-09
primary	CNS:SNB-75	magnitude_g0.80	997.4773228936494	997.477323991127	1.1002531767483587e-09
primary	CNS:SNB-75	magnitude_g1.00	1004.8519896977716	1004.8519908026234	1.0995169314661618e-09
primary	CNS:SNB-75	magnitude_g2.00	1038.3445545796399	1038.3445557179843	1.0963070804353393e-09
primary	CNS:SNB-75	magnitude_g1.25	1013.7987582703333	1013.798759384131	1.098637841857209e-09
primary	CNS:SNB-75	magnitude_g0.50	986.2115433630205	986.2115444492312	1.1013972271017676e-09
primary	LC:NCI-H322M	magnitude_g1.00	1006.7867474145161	1006.7867485213025	1.099325540438388e-09
primary	LC:NCI-H322M	ordinal	778.212850041531	778.2128509197439	1.1284995600268694e-09
primary	LC:NCI-H322M	magnitude_g0.50	987.5486101891131	987.5486112766611	1.101260177217648e-09
primary	LC:NCI-H322M	magnitude_g2.00	1040.7531025969145	1040.7531037376682	1.0960848790512328e-09
primary	LC:NCI-H322M	magnitude_g1.25	1015.906679786485	1015.9066809023922	1.0984346902533351e-09
primary	LC:NCI-H322M	magnitude_g0.80	999.2306590397213	999.2306601389521	1.100077092339292e-09
primary	LE:CCRF-CEM	magnitude_g1.00	1000.9737384007628	1000.9737395017362	1.0999023326828662e-09
primary	LE:CCRF-CEM	magnitude_g2.00	1037.591084528338	1037.5910856659289	1.0963769713517135e-09
primary	LE:CCRF-CEM	magnitude_g0.50	979.7034751074548	979.7034761871586	1.1020720253343654e-09
primary	LE:CCRF-CEM	magnitude_g1.25	1010.9663060372454	1010.9663071482116	1.0989151555783039e-09
primary	LE:CCRF-CEM	ordinal	736.5608148237702	736.5608156603321	1.1357675429564662e-09
primary	LE:CCRF-CEM	magnitude_g0.80	992.6716023160064	992.671603408678	1.1007382434644304e-09
primary	LC:NCI-H522	magnitude_g0.50	973.8926229243722	973.8926239982634	1.102679276053158e-09
primary	LC:NCI-H522	magnitude_g2.00	1035.2962242016047	1035.2962253369012	1.0965910204814419e-09
primary	LC:NCI-H522	magnitude_g1.00	996.5924460524922	996.5924471490848	1.1003421300722982e-09
primary	LC:NCI-H522	magnitude_g0.80	987.7631022245608	987.7631033123245	1.1012393750579351e-09
primary	LC:NCI-H522	magnitude_g1.25	1007.1742281234599	1007.1742292306342	1.0992877436516952e-09
primary	LC:NCI-H522	ordinal	743.8749454120234	743.8749462558982	1.1344309657578762e-09
lower_task	CO:COLO 205	magnitude_g0.50	427.7982033008611	427.7982038286591	1.2337546490467511e-09
lower_task	CO:COLO 205	magnitude_g2.00	467.38266096363145	467.3826615310141	1.2139574049083603e-09
lower_task	CO:COLO 205	ordinal	262.42450523729985	262.4245055997245	1.3810625538518438e-09
lower_task	CO:COLO 205	magnitude_g0.80	437.2020782581603	437.20207879536247	1.2287273260215134e-09
lower_task	CO:COLO 205	magnitude_g1.25	449.867125057078	449.86712560694536	1.222288394139469e-09
lower_task	CO:COLO 205	magnitude_g1.00	442.9826448508646	442.98264539487394	1.2280602268619402e-09
half_serum	BR:T-47D	ordinal	213.09870429226282	213.09870460536166	1.46926673516453e-09
half_serum	BR:T-47D	magnitude_g0.50	383.1334019641759	383.13340244730955	1.2610063345823663e-09
half_serum	BR:T-47D	magnitude_g0.80	393.46162056844025	393.46162106190206	1.254154880834172e-09
half_serum	BR:T-47D	magnitude_g1.25	407.6462195497302	407.64622005737635	1.2453106473048395e-09
half_serum	BR:T-47D	magnitude_g2.00	426.47374512483185	426.4737456513056	1.234481013345808e-09
half_serum	BR:T-47D	magnitude_g1.00	399.97233873524334	399.9723392352157	1.2500173747440205e-09
lower_task	OV:NCI/ADR-RES	magnitude_g1.00	434.9678443248015	434.9678448597689	1.229901026846091e-09
lower_task	OV:NCI/ADR-RES	magnitude_g0.80	429.27508831232603	429.2750888416016	1.2329519405459898e-09
lower_task	OV:NCI/ADR-RES	ordinal	226.33592130242045	226.33592162875647	1.4418216049797218e-09
lower_task	OV:NCI/ADR-RES	magnitude_g1.25	441.84348628371515	441.84348682555867	1.2263245610869854e-09
lower_task	OV:NCI/ADR-RES	magnitude_g2.00	459.8924527391717	459.8924532990644	1.2174427360679956e-09
lower_task	OV:NCI/ADR-RES	magnitude_g0.50	420.1480810514546	420.1480815716027	1.2380113468748998e-09
lower_task	RE:ACHN	magnitude_g1.00	434.2205380085793	434.2205385427998	1.230297577139748e-09
lower_task	RE:ACHN	magnitude_g2.00	459.23765528824856	459.23765584748617	1.2177520704533963e-09
lower_task	RE:ACHN	magnitude_g1.25	441.03471803025053	441.03471857128574	1.2267406257407386e-09
lower_task	RE:ACHN	magnitude_g0.50	419.06100345525766	419.0610039743184	1.2386280987022135e-09
lower_task	RE:ACHN	ordinal	229.1961993749224	229.19619970411867	1.436307710882038e-09
lower_task	RE:ACHN	magnitude_g0.80	428.4903050229123	428.4903055514027	1.2333776723133786e-09
half_serum	OV:NCI/ADR-RES	magnitude_g0.50	381.7448607806148	381.7448612623598	1.2619554799047354e-09
half_serum	OV:NCI/ADR-RES	ordinal	206.45135396452216	206.45135427097358	1.484375956506524e-09
half_serum	OV:NCI/ADR-RES	magnitude_g0.80	391.3100864042111	391.31008689552107	1.2555514525759752e-09
half_serum	OV:NCI/ADR-RES	magnitude_g1.00	397.0861838819915	397.0861843790777	1.2518345519534458e-09
half_serum	OV:NCI/ADR-RES	magnitude_g1.25	404.05953529420134	404.0595357982613	1.2474893896992745e-09
half_serum	OV:NCI/ADR-RES	magnitude_g2.00	422.20801212317616	422.2080126453842	1.2368501434623706e-09
half_serum	OV:IGROV1	magnitude_g2.00	414.512834008156	414.5128345226691	1.2412476712380458e-09
half_serum	OV:IGROV1	ordinal	186.5902308808769	186.59023116746727	1.5359344512943067e-09
half_serum	OV:IGROV1	magnitude_g0.50	368.78084111427535	368.78084158305603	1.271163334266872e-09
half_serum	OV:IGROV1	magnitude_g1.25	393.8036260031508	393.8036264969545	1.2539339214142463e-09
half_serum	OV:IGROV1	magnitude_g0.80	379.2305682089212	379.2305686881519	1.2636920760487983e-09
half_serum	OV:IGROV1	magnitude_g1.00	385.8333216384012	385.83332212423466	1.2591796888513655e-09
primary	LC:NCI-H460	magnitude_g1.25	1015.3797539168983	1015.3797550322771	1.098484416396937e-09
primary	LC:NCI-H460	magnitude_g2.00	1039.7309158879696	1039.730917027701	1.09617926053874e-09
primary	LC:NCI-H460	magnitude_g0.50	987.190903642445	987.1909047296351	1.1012966866807062e-09
primary	LC:NCI-H460	ordinal	775.484995773094	775.4849966485788	1.128951199064184e-09
primary	LC:NCI-H460	magnitude_g0.80	998.8127925151884	998.8127936140014	1.100119028388751e-09
primary	LC:NCI-H460	magnitude_g1.00	1006.3364838944674	1006.3364850008039	1.099370383660685e-09
half_serum	CNS:SF-539	magnitude_g2.00	416.46200744940114	416.46200796586334	1.2401183893418491e-09
half_serum	CNS:SF-539	magnitude_g1.25	396.717457840413	396.7174583371303	1.252068287707274e-09
half_serum	CNS:SF-539	ordinal	199.94101257956285	199.94101287950366	1.5001464898111242e-09
half_serum	CNS:SF-539	magnitude_g0.50	373.084009741341	373.08401021442506	1.268036311180501e-09
half_serum	CNS:SF-539	magnitude_g0.80	383.04231517558406	383.0423156586263	1.2610675727248731e-09
half_serum	CNS:SF-539	magnitude_g1.00	389.3033265096344	389.3033269989379	1.2568695283968491e-09
lower_task	OV:OVCAR-5	magnitude_g0.80	428.90389277382195	428.90389330272603	1.2331529051879934e-09
lower_task	OV:OVCAR-5	magnitude_g1.25	441.68336643733005	441.6833669790133	1.2264062043225977e-09
lower_task	OV:OVCAR-5	ordinal	215.64365900966789	215.64365932531183	1.463729312556356e-09
lower_task	OV:OVCAR-5	magnitude_g2.00	459.9140092063066	459.9140097662206	1.2174318985514709e-09
lower_task	OV:OVCAR-5	magnitude_g0.50	419.42710056382055	419.42710108324815	1.2384216486657815e-09
lower_task	OV:OVCAR-5	magnitude_g1.00	434.8071131147674	434.80711364957466	1.2299873997875711e-09
lower_task	LC:NCI-H460	ordinal	219.95144652816555	219.95144684811703	1.4546459559484674e-09
lower_task	LC:NCI-H460	magnitude_g0.50	419.34885471200323	419.348855231352	1.238464714324948e-09
lower_task	LC:NCI-H460	magnitude_g0.80	427.90129325078516	427.90129377868624	1.2336982561660219e-09
lower_task	LC:NCI-H460	magnitude_g2.00	457.8062447357591	457.8062452935652	1.2184327412620066e-09
lower_task	LC:NCI-H460	magnitude_g1.00	433.3395651279418	433.3395656612814	1.2307660623606789e-09
lower_task	LC:NCI-H460	magnitude_g1.25	439.8853581609949	439.88535870088026	1.2273320020247394e-09
lower_task	ME:UACC-62	magnitude_g0.50	418.70286055142066	418.7028610701234	1.2388325539857174e-09
lower_task	ME:UACC-62	magnitude_g1.00	432.800307941358	432.8003084741589	1.2310547347989286e-09
lower_task	ME:UACC-62	magnitude_g1.25	439.371702385454	439.37170292482597	1.2275983287170594e-09
lower_task	ME:UACC-62	ordinal	217.14233768691165	217.14233800405412	1.4605280700549093e-09
lower_task	ME:UACC-62	magnitude_g2.00	457.3535993171324	457.35359987448624	1.2186496738815588e-09
lower_task	ME:UACC-62	magnitude_g0.80	427.3304438127947	427.33044434012504	1.2340106401520767e-09
primary	PR:PC-3	magnitude_g0.80	982.9346915402754	982.9346926232101	1.1017362417739676e-09
primary	PR:PC-3	magnitude_g1.25	1002.0569001223251	1002.0569012243823	1.099794958061519e-09
primary	PR:PC-3	magnitude_g2.00	1029.6925493228619	1029.6925504525545	1.0971165054420824e-09
primary	PR:PC-3	magnitude_g1.00	991.620546575319	991.6205476669397	1.1008451554503256e-09
primary	PR:PC-3	magnitude_g0.50	969.3747317012565	969.3747327706308	1.1031588566100586e-09
primary	PR:PC-3	ordinal	730.719269765025	730.7192705957451	1.1368525548822777e-09
lower_task	PR:PC-3	magnitude_g2.00	452.02287136891374	452.0228719209363	1.2212271083020832e-09
lower_task	PR:PC-3	magnitude_g1.00	425.4977506808217	425.4977512063193	1.2350185753451789e-09
lower_task	PR:PC-3	magnitude_g0.50	410.3786388098788	410.3786393202573	1.243677128216939e-09
lower_task	PR:PC-3	magnitude_g1.25	432.6098122346558	432.6098127672658	1.2311555888247185e-09
lower_task	PR:PC-3	ordinal	205.17136779864447	205.1713681038159	1.48739772601576e-09
lower_task	PR:PC-3	magnitude_g0.80	419.59084279981573	419.59084331940636	1.2383269015919433e-09
lower_task	ME:MDA-MB-435	magnitude_g0.80	429.15032984692147	429.15033037607157	1.2330180427125766e-09
lower_task	ME:MDA-MB-435	magnitude_g2.00	458.740967398461	458.74096795720214	1.2179883089704012e-09
lower_task	ME:MDA-MB-435	magnitude_g1.25	441.621822488911	441.62182303053316	1.2264388749189959e-09
lower_task	ME:MDA-MB-435	magnitude_g0.50	419.8193694956517	419.8193700154711	1.2381978079907215e-09
lower_task	ME:MDA-MB-435	magnitude_g1.00	434.94267131065027	434.942671845593	1.229915489147867e-09
lower_task	ME:MDA-MB-435	ordinal	231.06451704551722	231.06451737658165	1.432779172072977e-09
lower_task	ME:LOX IMVI	magnitude_g1.25	439.1145500801492	439.1145506192637	1.2277309499116583e-09
lower_task	ME:LOX IMVI	magnitude_g2.00	457.6458854785085	457.64588603615465	1.218510158299608e-09
lower_task	ME:LOX IMVI	magnitude_g1.00	432.1017552637299	432.10175579583193	1.2314276182409954e-09
lower_task	ME:LOX IMVI	magnitude_g0.80	426.15774813351794	426.15774865967546	1.234654358421082e-09
lower_task	ME:LOX IMVI	magnitude_g0.50	416.9257602136439	416.92576073056955	1.2398505624342093e-09
lower_task	ME:LOX IMVI	ordinal	233.01167519231475	233.01167552532638	1.4291628386768848e-09
half_serum	CNS:SF-268	magnitude_g1.25	398.4405388733039	398.4405393717446	1.2509788072290651e-09
half_serum	CNS:SF-268	magnitude_g0.80	384.5419575446145	384.54195802915626	1.2600491637709555e-09
half_serum	CNS:SF-268	magnitude_g1.00	390.9999784845539	390.9999789755543	1.2557556572759173e-09
half_serum	CNS:SF-268	magnitude_g0.50	374.24875699767057	374.2487574719195	1.2672023565734586e-09
half_serum	CNS:SF-268	ordinal	198.56963290811564	198.5696332066854	1.5036023835903314e-09
half_serum	CNS:SF-268	magnitude_g2.00	417.6019807604421	417.60198127804426	1.2394629635686552e-09
primary	CO:HCT-15	magnitude_g0.80	979.7651112424451	979.7651123222097	1.1020647735942697e-09
primary	CO:HCT-15	magnitude_g1.00	988.9499798487801	988.9499809377297	1.1011169671662113e-09
primary	CO:HCT-15	magnitude_g1.25	999.9210629059345	999.9210640058559	1.1000082369655241e-09
primary	CO:HCT-15	magnitude_g0.50	965.373461798227	965.3734628636012	1.1035875521103166e-09
primary	CO:HCT-15	ordinal	727.4247739803236	727.4247748077478	1.137470434357347e-09
primary	CO:HCT-15	magnitude_g2.00	1029.0827010537682	1029.0827021828513	1.097174310104345e-09
lower_task	CO:HCT-116	ordinal	215.25266864292655	215.2526689581793	1.4645706849456889e-09
lower_task	CO:HCT-116	magnitude_g1.25	439.0331975459752	439.0331980850082	1.227772781740129e-09
lower_task	CO:HCT-116	magnitude_g0.80	426.36707484260415	426.3670753689719	1.2345412184212878e-09
lower_task	CO:HCT-116	magnitude_g1.00	432.1679582304821	432.1679587626502	1.231391817093184e-09
lower_task	CO:HCT-116	magnitude_g2.00	457.5723536252954	457.5723541828678	1.2185447245322313e-09
lower_task	CO:HCT-116	magnitude_g0.50	417.2790002428654	417.2790007601446	1.2396483025947705e-09
primary	CO:SW-620	magnitude_g1.25	1004.7012814929085	1004.7012825976109	1.0995331768104171e-09
primary	CO:SW-620	magnitude_g2.00	1032.7732926092929	1032.7732937420662	1.0968267531971954e-09
primary	CO:SW-620	magnitude_g0.80	985.5423913665949	985.5423924521376	1.1014673326419895e-09
primary	CO:SW-620	magnitude_g1.00	994.2689507574661	994.2689518517363	1.100577725321437e-09
primary	CO:SW-620	ordinal	738.1937968488216	738.1937976870158	1.1354663044914086e-09
primary	CO:SW-620	magnitude_g0.50	971.4859348261557	971.485935897641	1.1029344012528542e-09
primary	CO:HCT-116	magnitude_g0.80	991.8161549761558	991.8161560679723	1.100825542804439e-09
primary	CO:HCT-116	magnitude_g1.00	999.995055602181	999.9950567021767	1.100001195547232e-09
primary	CO:HCT-116	magnitude_g0.50	979.1548725362961	979.1548736154513	1.102129163249342e-09
primary	CO:HCT-116	magnitude_g2.00	1036.21432630768	1036.2143274438954	1.0965061292570031e-09
primary	CO:HCT-116	ordinal	754.3820901416493	754.3820909960316	1.1325590703549753e-09
primary	CO:HCT-116	magnitude_g1.25	1009.8028285758263	1009.8028296856288	1.0990289050562796e-09
lower_task	LC:NCI-H322M	ordinal	237.97082206149094	237.9708223994616	1.4202189685191766e-09
lower_task	LC:NCI-H322M	magnitude_g1.25	441.7709264011581	441.770926942929	1.2263616683732834e-09
lower_task	LC:NCI-H322M	magnitude_g2.00	460.32471362962474	460.32471418994953	1.2172381282083292e-09
lower_task	LC:NCI-H322M	magnitude_g1.00	434.8602761762834	434.8602767111435	1.2299585962455038e-09
lower_task	LC:NCI-H322M	magnitude_g0.80	429.1398428820678	429.13984341120755	1.2330240666571906e-09
lower_task	LC:NCI-H322M	magnitude_g0.50	419.96244479756643	419.9624453175287	1.2381161149392684e-09
half_serum	RE:RXF 393	magnitude_g1.00	388.47806261278384	388.4780631012618	1.2574145065902074e-09
half_serum	RE:RXF 393	magnitude_g0.50	372.94848700393106	372.94848747687956	1.268133579836381e-09
half_serum	RE:RXF 393	magnitude_g2.00	414.95107405900814	414.951074573959	1.2409917054614606e-09
half_serum	RE:RXF 393	magnitude_g0.80	382.4868554957274	382.48685597821384	1.2614457745859931e-09
half_serum	RE:RXF 393	magnitude_g1.25	395.64985332191003	395.6498538175597	1.2527482420222048e-09
half_serum	RE:RXF 393	ordinal	192.68157645775744	192.68157675043886	1.5189901692396294e-09
half_serum	ME:SK-MEL-5	magnitude_g1.25	400.86829953733894	400.8683000382074	1.2494588698309463e-09
half_serum	ME:SK-MEL-5	magnitude_g0.80	387.4181371013855	387.4181375888037	1.2581191122515188e-09
half_serum	ME:SK-MEL-5	magnitude_g0.50	377.5574354991475	377.55743597670494	1.2648603265676874e-09
half_serum	ME:SK-MEL-5	magnitude_g1.00	393.5639888824584	393.56398937602296	1.2540898016600306e-09
half_serum	ME:SK-MEL-5	magnitude_g2.00	420.20533431483295	420.20533483503834	1.237979024525831e-09
half_serum	ME:SK-MEL-5	ordinal	217.84658574352719	217.84658606137378	1.459038697961092e-09
lower_task	ME:UACC-257	magnitude_g2.00	460.21879657004064	460.2187971302595	1.217288039578243e-09
lower_task	ME:UACC-257	magnitude_g1.00	434.47967952699076	434.4796800614704	1.2301602357669213e-09
lower_task	ME:UACC-257	magnitude_g0.80	428.15734578767837	428.15734631583564	1.2335588254636559e-09
lower_task	ME:UACC-257	magnitude_g1.25	441.5913793410615	441.59137988265286	1.226453656745092e-09
lower_task	ME:UACC-257	magnitude_g0.50	417.94302746135713	417.9430279793001	1.239266911826726e-09
lower_task	ME:UACC-257	ordinal	241.08175979490736	241.08176013598938	1.4147981526642728e-09
half_serum	ME:SK-MEL-28	magnitude_g1.25	401.875534972346	401.87553547422175	1.248833857853886e-09
half_serum	ME:SK-MEL-28	ordinal	227.97894649592024	227.9789468238991	1.438636584677723e-09
half_serum	ME:SK-MEL-28	magnitude_g0.50	379.4047451128479	379.4047455922524	1.263570248487011e-09
half_serum	ME:SK-MEL-28	magnitude_g2.00	420.3476437784411	420.3476442987886	1.237897978314937e-09
half_serum	ME:SK-MEL-28	magnitude_g0.80	389.02858922314766	389.02858971217626	1.257050528333716e-09
half_serum	ME:SK-MEL-28	magnitude_g1.00	395.06784388925365	395.0678443843213	1.2531205616887127e-09
half_serum	LE:HL-60(TB)	magnitude_g0.50	382.4181502169976	382.41815069941583	1.2614940355822403e-09
half_serum	LE:HL-60(TB)	magnitude_g1.25	405.33018028965927	405.3301807949892	1.2467118080030048e-09
half_serum	LE:HL-60(TB)	magnitude_g1.00	398.4378730674711	398.4378735672973	1.25446451090282e-09
half_serum	LE:HL-60(TB)	magnitude_g2.00	423.8227738524659	423.8227743762884	1.2359470501940081e-09
half_serum	LE:HL-60(TB)	ordinal	203.0971213133109	203.09712161640778	1.4923740254541854e-09
half_serum	LE:HL-60(TB)	magnitude_g0.80	392.1809069564526	392.18090744863343	1.254984209283435e-09
half_serum	CO:HCT-116	ordinal	196.78048790503672	196.78048820181715	1.5081801602804826e-09
half_serum	CO:HCT-116	magnitude_g1.25	400.25091484638057	400.2509153466317	1.2498438214792057e-09
half_serum	CO:HCT-116	magnitude_g0.50	377.56829098957246	377.56829146714097	1.26485331800116e-09
half_serum	CO:HCT-116	magnitude_g0.80	387.08098523269524	387.08098571977644	1.2583444124497998e-09
half_serum	CO:HCT-116	magnitude_g2.00	419.5083232765841	419.50832379609267	1.2383748249526342e-09
half_serum	CO:HCT-116	magnitude_g1.00	393.11736877183404	393.1173692649513	1.2543767410625988e-09
primary	LE:MOLT-4	ordinal	739.1659482430026	739.1659490821685	1.1352875033043892e-09
primary	LE:MOLT-4	magnitude_g0.80	987.3434748068545	987.3434758941978	1.1012817210066775e-09
primary	LE:MOLT-4	magnitude_g2.00	1034.4940991021656	1034.4941002366606	1.0966665269299348e-09
primary	LE:MOLT-4	magnitude_g1.00	996.0889222001313	996.0889232962212	1.1003936569096116e-09
primary	LE:MOLT-4	magnitude_g0.50	973.655210236393	973.6552113100493	1.1027068005372406e-09
primary	LE:MOLT-4	magnitude_g1.25	1006.5943068603718	1006.5943079669659	1.0993446113656038e-09
half_serum	BR:MCF7	magnitude_g1.00	405.3139810192208	405.3139815245348	1.2467223668898334e-09
half_serum	BR:MCF7	ordinal	221.93757603454807	221.9375763564856	1.4505769602470324e-09
half_serum	BR:MCF7	magnitude_g0.80	399.9799728850818	399.9799733850617	1.250012417882764e-09
half_serum	BR:MCF7	magnitude_g0.50	391.46379353382315	391.46379402528646	1.2554502333408283e-09
half_serum	BR:MCF7	magnitude_g1.25	411.50728845884186	411.5072889703492	1.2430091469924097e-09
half_serum	BR:MCF7	magnitude_g2.00	428.24671180816216	428.24671233640856	1.2335095366730858e-09
half_serum	LE:MOLT-4	magnitude_g0.80	392.11206237313905	392.11206286525123	1.2550294310877885e-09
half_serum	LE:MOLT-4	ordinal	212.85091288687292	212.85091319972355	1.4698110827511665e-09
half_serum	LE:MOLT-4	magnitude_g1.00	398.57237237977597	398.57237287834823	1.2508951877653842e-09
half_serum	LE:MOLT-4	magnitude_g1.25	406.08462461737673	406.0846251234611	1.2462534089761986e-09
half_serum	LE:MOLT-4	magnitude_g2.00	424.692248304384	424.692248829076	1.235464000526887e-09
half_serum	LE:MOLT-4	magnitude_g0.50	381.9210525697944	381.92105305171515	1.261833352083143e-09
half_serum	ME:UACC-257	magnitude_g1.25	403.1223557443271	403.12235624744926	1.2480632075911613e-09
half_serum	ME:UACC-257	magnitude_g0.80	389.25787577958965	389.2578762688478	1.2568997515217176e-09
half_serum	ME:UACC-257	magnitude_g1.00	395.686841523997	395.6868420196837	1.2527248017783821e-09
half_serum	ME:UACC-257	ordinal	218.65268044325163	218.65268076190435	1.4573465237979642e-09
half_serum	ME:UACC-257	magnitude_g0.50	379.1578811507848	379.1578816299424	1.2637415367712982e-09
half_serum	ME:UACC-257	magnitude_g2.00	422.0312777214616	422.0312782434928	1.2369490794802526e-09
half_serum	OV:OVCAR-3	magnitude_g1.00	387.6899566155316	387.6899571032219	1.2579388860719361e-09
half_serum	OV:OVCAR-3	magnitude_g0.50	372.3667659834327	372.36676645579996	1.2685537999436337e-09
half_serum	OV:OVCAR-3	magnitude_g2.00	414.6997771908429	414.69977770554254	1.2411379950530938e-09
half_serum	OV:OVCAR-3	magnitude_g1.25	394.92801510171086	394.92801559663894	1.2532108863405948e-09
half_serum	OV:OVCAR-3	magnitude_g0.80	381.6599028589618	381.6599033406218	1.2620135823147854e-09
half_serum	OV:OVCAR-3	ordinal	189.39836549529682	189.39836578469522	1.527987845080419e-09
half_serum	RE:TK-10	ordinal	202.8969728348152	202.8969731377121	1.492860724015128e-09
half_serum	RE:TK-10	magnitude_g1.00	398.12310898804844	398.1231094861714	1.251178243507518e-09
half_serum	RE:TK-10	magnitude_g1.25	404.86305846937177	404.8630589742343	1.246995853921369e-09
half_serum	RE:TK-10	magnitude_g2.00	422.5373039345109	422.5373044570483	1.2366658354472752e-09
half_serum	RE:TK-10	magnitude_g0.80	392.5040705880763	392.50407108058056	1.25477497272377e-09
half_serum	RE:TK-10	magnitude_g0.50	383.4545112998762	383.4545117833309	1.2607876143059992e-09
lower_task	RE:RXF 393	magnitude_g1.25	434.8459422495416	434.8459427843873	1.229965936564714e-09
lower_task	RE:RXF 393	ordinal	210.06212901722165	210.06212932728405	1.4760509457221933e-09
lower_task	RE:RXF 393	magnitude_g1.00	427.81891300381244	427.81891353163104	1.233743024093955e-09
lower_task	RE:RXF 393	magnitude_g0.50	412.4701599558989	412.4701604683694	1.242442552819712e-09
lower_task	RE:RXF 393	magnitude_g2.00	453.5492202576106	453.54922081115984	1.2204832531168247e-09
lower_task	RE:RXF 393	magnitude_g0.80	421.77419093278195	421.7741914545562	1.2370938750003812e-09
half_serum	ME:UACC-62	magnitude_g0.80	387.68016744979263	387.6801679374725	1.2579438175251138e-09
half_serum	ME:UACC-62	magnitude_g1.00	393.4562468108401	393.4562473042965	1.2541581405514146e-09
half_serum	ME:UACC-62	ordinal	197.5832401618758	197.5832404594591	1.5061160247846739e-09
half_serum	ME:UACC-62	magnitude_g2.00	419.1469519398042	419.1469524589511	1.2385797061637175e-09
half_serum	ME:UACC-62	magnitude_g1.25	400.45487475642454	400.4548752568795	1.249716272692606e-09
half_serum	ME:UACC-62	magnitude_g0.50	378.67787654007697	378.6778770187549	1.2640768006034653e-09
lower_task	CNS:SF-539	ordinal	221.0457876444236	221.0457879654693	1.4523945152260035e-09
lower_task	CNS:SF-539	magnitude_g2.00	454.2144516076758	454.2144521618903	1.2201603545592034e-09
lower_task	CNS:SF-539	magnitude_g1.25	434.5636382136126	434.56363874817595	1.2301152428590292e-09
lower_task	CNS:SF-539	magnitude_g1.00	427.17461927332585	427.17461980050064	1.2340967069361023e-09
lower_task	CNS:SF-539	magnitude_g0.80	420.90579283433897	420.9057933552449	1.2375831766579832e-09
lower_task	CNS:SF-539	magnitude_g0.50	411.150414113977	411.1504146251272	1.243219551055596e-09
primary	CNS:SF-295	magnitude_g0.80	995.6740219687982	995.674023064472	1.1004341782740545e-09
primary	CNS:SF-295	ordinal	762.9364850841691	762.9364859471061	1.1310731662976431e-09
primary	CNS:SF-295	magnitude_g1.00	1003.7311211896342	1003.7311222933652	1.0996280920819795e-09
primary	CNS:SF-295	magnitude_g1.25	1013.3507444398449	1013.3507455531953	1.0986822104319594e-09
primary	CNS:SF-295	magnitude_g2.00	1039.2201579872446	1039.2201591264648	1.0962259482607653e-09
primary	CNS:SF-295	magnitude_g0.50	983.0604832977469	983.0604843808073	1.1017230529797268e-09
lower_task	BR:T-47D	magnitude_g1.00	440.8193653764249	440.81936591724417	1.2268500440305082e-09
lower_task	BR:T-47D	magnitude_g2.00	465.8121249589214	465.8121255247334	1.2146785611171636e-09
lower_task	BR:T-47D	ordinal	236.50393639304355	236.50393672954752	1.4228260986381323e-09
lower_task	BR:T-47D	magnitude_g0.80	435.0098424754067	435.0098430104165	1.229879766687856e-09
lower_task	BR:T-47D	magnitude_g0.50	425.06792815802186	425.06792868308986	1.2352566931454282e-09
lower_task	BR:T-47D	magnitude_g1.25	447.8129649527128	447.8129655005261	1.2233083269026549e-09
lower_task	ME:SK-MEL-2	magnitude_g0.80	430.456126444753	430.45612697520943	1.2323123908755183e-09
lower_task	ME:SK-MEL-2	magnitude_g2.00	460.0609813203748	460.06098188043563	1.2173621208692719e-09
lower_task	ME:SK-MEL-2	ordinal	233.027759190476	233.02775952350368	1.4291331066541196e-09
lower_task	ME:SK-MEL-2	magnitude_g1.00	436.07093047800447	436.0709310140754	1.22932055096231e-09
lower_task	ME:SK-MEL-2	magnitude_g1.25	442.7370543460665	442.73705488880364	1.2258679264503113e-09
lower_task	ME:SK-MEL-2	magnitude_g0.50	421.26541075209326	421.2654112733586	1.2373798935367135e-09
primary	RE:CAKI-1	magnitude_g2.00	1037.5178091164014	1037.5178102539185	1.0963831794665409e-09
primary	RE:CAKI-1	magnitude_g1.00	1002.2194548199733	1002.2194559221928	1.0997785624182922e-09
primary	RE:CAKI-1	magnitude_g1.25	1011.8027281440912	1011.8027292558936	1.098833133425247e-09
primary	RE:CAKI-1	ordinal	759.9701895590945	759.9701904190647	1.1315841410172735e-09
primary	RE:CAKI-1	magnitude_g0.50	981.842107745141	981.8421088269837	1.1018499702444006e-09
primary	RE:CAKI-1	magnitude_g0.80	994.2554115762508	994.2554126705058	1.100577390281782e-09
primary	OV:OVCAR-5	magnitude_g1.00	1002.6082095170538	1002.6082106196625	1.0997403816522e-09
primary	OV:OVCAR-5	magnitude_g1.25	1012.4472397098673	1012.4472408223145	1.098770533699249e-09
primary	OV:OVCAR-5	ordinal	765.9649042641981	765.9649051301626	1.1305537127559857e-09
primary	OV:OVCAR-5	magnitude_g0.50	981.6858712616704	981.6858723433568	1.1018660953239799e-09
primary	OV:OVCAR-5	magnitude_g2.00	1038.9513248826195	1038.95132602157	1.096250046257819e-09
primary	OV:OVCAR-5	magnitude_g0.80	994.4185878947156	994.4185889891337	1.1005607360864153e-09
primary	CNS:SF-539	magnitude_g0.80	979.9564982608522	979.9564993408081	1.1020447870507253e-09
primary	CNS:SF-539	magnitude_g1.25	999.85055525096	999.8505563508099	1.1000142878501112e-09
primary	CNS:SF-539	magnitude_g1.00	989.0139109987643	989.0139120877773	1.101109816503022e-09
primary	CNS:SF-539	ordinal	744.157541911613	744.1575427557697	1.1343790374225129e-09
primary	CNS:SF-539	magnitude_g2.00	1028.845240484613	1028.8452416134564	1.0971946083779833e-09
primary	CNS:SF-539	magnitude_g0.50	965.9360623917023	965.9360634576371	1.103525254479584e-09
primary	LC:EKVX	magnitude_g1.25	1019.4756589880329	1019.4756601075089	1.0980899705428472e-09
primary	LC:EKVX	ordinal	771.7086742958558	771.7086751675644	1.129582492142885e-09
primary	LC:EKVX	magnitude_g2.00	1043.2961830546521	1043.2961841979486	1.0958503222423132e-09
primary	LC:EKVX	magnitude_g0.80	1003.4119168549636	1003.4119179583754	1.0996598707558203e-09
primary	LC:EKVX	magnitude_g0.50	992.095033743291	992.0950348353841	1.1007949038101918e-09
primary	LC:EKVX	magnitude_g1.00	1010.728075427335	1010.7280765380619	1.0989374013582479e-09
half_serum	BR:BT-549	magnitude_g0.80	386.99407937383285	386.99407986082724	1.2584027017170275e-09
half_serum	BR:BT-549	ordinal	207.71301256815806	207.71301287587096	1.481432922087835e-09
half_serum	BR:BT-549	magnitude_g1.00	393.0927900005817	393.09279049367456	1.2543929926170286e-09
half_serum	BR:BT-549	magnitude_g2.00	419.54067022986254	419.5406707494032	1.2383558968212013e-09
half_serum	BR:BT-549	magnitude_g1.25	400.2817929563537	400.2817934566359	1.2498250860158797e-09
half_serum	BR:BT-549	magnitude_g0.50	377.17715590223855	377.1771563794157	1.2651273578588947e-09
half_serum	ME:M14	magnitude_g0.50	381.9899399603375	381.9899404423272	1.2617864490248318e-09
half_serum	ME:M14	magnitude_g2.00	422.4534610495704	422.45346157202397	1.2367126684050724e-09
half_serum	ME:M14	magnitude_g1.00	397.3685379520576	397.36853844942596	1.25165514708678e-09
half_serum	ME:M14	ordinal	220.04070404899164	220.04070436903217	1.454460568084715e-09
half_serum	ME:M14	magnitude_g0.80	391.40569903973807	391.40569953114414	1.2554903283711269e-09
half_serum	ME:M14	magnitude_g1.25	404.5373633744332	404.53736387897084	1.2471966350065699e-09
primary	ME:SK-MEL-5	magnitude_g1.00	993.5839937729653	993.583994866549	1.1006454534524917e-09
primary	ME:SK-MEL-5	magnitude_g0.50	971.6645617963676	971.6645628680326	1.102916622545387e-09
primary	ME:SK-MEL-5	magnitude_g1.25	1003.8432064754109	1003.8432075792546	1.0996176573986926e-09
primary	ME:SK-MEL-5	magnitude_g0.80	985.0432567727768	985.0432578578213	1.101519720926901e-09
primary	ME:SK-MEL-5	ordinal	747.6100878695482	747.6100887171588	1.1337601457864256e-09
primary	ME:SK-MEL-5	magnitude_g2.00	1031.4351973241596	1031.4351984555944	1.0969519281767402e-09
half_serum	CO:HCT-15	magnitude_g0.50	374.3222198170659	374.32222029138813	1.2671495564817688e-09
half_serum	CO:HCT-15	magnitude_g1.25	398.2868769500071	398.2868774482939	1.251075101324818e-09
half_serum	CO:HCT-15	ordinal	188.4322806691347	188.4322809575671	1.5306951327492344e-09
half_serum	CO:HCT-15	magnitude_g1.00	390.8277324858758	390.82773297670366	1.2558675282205497e-09
half_serum	CO:HCT-15	magnitude_g0.80	384.3891960880406	384.38919657243	1.2601536063085553e-09
half_serum	CO:HCT-15	magnitude_g2.00	418.1092437836871	418.1092443017967	1.2391728658687527e-09
primary	CO:HCC-2998	magnitude_g2.00	1036.3573571231968	1036.3573582595557	1.09649323662244e-09
primary	CO:HCC-2998	magnitude_g1.25	1008.4300916995097	1008.4300928079392	1.0991634523769728e-09
primary	CO:HCC-2998	magnitude_g1.00	997.8085273671389	997.8085284649476	1.100219750793629e-09
primary	CO:HCC-2998	magnitude_g0.80	988.8787627696332	988.8787638585113	1.1011239541837648e-09
primary	CO:HCC-2998	magnitude_g0.50	974.624131484512	974.6241325591359	1.1026034440908473e-09
primary	CO:HCC-2998	ordinal	750.8483787075136	750.8483795583622	1.1331830613762929e-09
lower_task	CO:SW-620	magnitude_g2.00	457.6203412316075	457.62034178922806	1.2185222783592906e-09
lower_task	CO:SW-620	ordinal	221.6199166272978	221.61991694891782	1.451223391676963e-09
lower_task	CO:SW-620	magnitude_g1.00	430.45798363055263	430.45798416101024	1.2323098472561207e-09
lower_task	CO:SW-620	magnitude_g1.25	437.7456617471537	437.7456622848993	1.2284430605905885e-09
lower_task	CO:SW-620	magnitude_g0.50	414.7711138280819	414.77111434285325	1.2410973483948016e-09
lower_task	CO:SW-620	magnitude_g0.80	424.3337088533217	424.3337093776556	1.2356640927830062e-09
lower_task	OV:SK-OV-3	magnitude_g0.80	428.88293774881635	428.8829382776995	1.233164382379996e-09
lower_task	OV:SK-OV-3	magnitude_g1.25	441.15161999879945	441.151620539951	1.2266793091447802e-09
lower_task	OV:SK-OV-3	magnitude_g0.50	419.91289050978327	419.9128910301412	1.2392045335405737e-09
lower_task	OV:SK-OV-3	ordinal	204.26705026828074	204.2670505725478	1.4895552009663452e-09
lower_task	OV:SK-OV-3	magnitude_g1.00	434.56165704188476	434.5616575764465	1.230117188391497e-09
lower_task	OV:SK-OV-3	magnitude_g2.00	458.8828990021135	458.8828995609958	1.2179191653501883e-09
primary	LE:K-562	ordinal	698.0590898349625	698.059090633021	1.1432535354082514e-09
primary	LE:K-562	magnitude_g1.25	994.9256485075782	994.925649602502	1.1005080970301951e-09
primary	LE:K-562	magnitude_g2.00	1025.5773391303974	1025.5773402559753	1.0975066111959394e-09
primary	LE:K-562	magnitude_g0.50	958.9606437354246	958.9606447943853	1.104279645801547e-09
primary	LE:K-562	magnitude_g1.00	983.4732034634975	983.4732045469718	1.1016815983221427e-09
primary	LE:K-562	magnitude_g0.80	973.9056680017306	973.9056690756369	1.1026799148482098e-09
lower_task	LE:HL-60(TB)	magnitude_g0.50	421.3435306298228	421.3435311511661	1.2373354366093653e-09
lower_task	LE:HL-60(TB)	magnitude_g2.00	461.82841247131375	461.8284130331421	1.2165305184503877e-09
lower_task	LE:HL-60(TB)	ordinal	220.4923517513494	220.49235207184185	1.4535309658991314e-09
lower_task	LE:HL-60(TB)	magnitude_g1.25	444.041181392754	444.0411819367956	1.2252052745277803e-09
lower_task	LE:HL-60(TB)	magnitude_g1.00	437.3601441017102	437.36014464001886	1.2308132366436114e-09
lower_task	LE:HL-60(TB)	magnitude_g0.80	431.2261362240344	431.226136755261	1.231897942179241e-09
half_serum	ME:MDA-MB-435	magnitude_g1.00	396.24499071486724	396.2449912111124	1.2523695226179992e-09
half_serum	ME:MDA-MB-435	ordinal	208.43194783999215	208.4319481484244	1.479774342784402e-09
half_serum	ME:MDA-MB-435	magnitude_g1.25	403.28421301527214	403.28421351855644	1.2479642930468544e-09
half_serum	ME:MDA-MB-435	magnitude_g0.50	380.7991466989982	380.79914717979693	1.2626045797677104e-09
half_serum	ME:MDA-MB-435	magnitude_g0.80	390.2155204783701	390.21552096858574	1.2562689821639763e-09
half_serum	ME:MDA-MB-435	magnitude_g2.00	421.14918763911083	421.1491881602602	1.2374460258468548e-09
primary	RE:SN12C	magnitude_g1.25	1010.609875629426	1010.6098767400363	1.098950513720963e-09
primary	RE:SN12C	magnitude_g1.00	1000.8621974058161	1000.8621985066784	1.0999139348395944e-09
primary	RE:SN12C	ordinal	760.3541043772591	760.3541052376136	1.1315181580654505e-09
primary	RE:SN12C	magnitude_g0.50	979.9703905475305	979.9703916275021	1.1020450576452824e-09
primary	RE:SN12C	magnitude_g0.80	992.7284206496292	992.7284217423573	1.1007321594697796e-09
primary	RE:SN12C	magnitude_g2.00	1036.8373053355865	1036.8373064724246	1.0964479486483882e-09
primary	OV:IGROV1	magnitude_g0.80	966.6011470854298	966.6011481520318	1.1034561221468248e-09
primary	OV:IGROV1	magnitude_g0.50	951.568077740479	951.5680787920467	1.1050892621804987e-09
primary	OV:IGROV1	magnitude_g1.00	976.2125064251895	976.2125075014029	1.1024376072460546e-09
primary	OV:IGROV1	magnitude_g2.00	1019.0615060841127	1019.0615072031746	1.0981299383827084e-09
primary	OV:IGROV1	magnitude_g1.25	987.7635939318897	987.7635950196511	1.1012366400539274e-09
primary	OV:IGROV1	ordinal	694.8914273855121	694.8914281804036	1.1439075470106293e-09
primary	ME:LOX IMVI	magnitude_g1.00	1003.8852771140105	1003.8852782178965	1.0996137026505553e-09
primary	ME:LOX IMVI	magnitude_g1.25	1013.5893086336877	1013.5893097472778	1.0986600570985406e-09
primary	ME:LOX IMVI	magnitude_g0.50	983.3171410897926	983.3171421731098	1.1016966655216767e-09
primary	ME:LOX IMVI	magnitude_g0.80	995.8167947377584	995.8167958335761	1.10042093839077e-09
primary	ME:LOX IMVI	magnitude_g2.00	1039.4243797687293	1039.4243809081534	1.0962067847414382e-09
primary	ME:LOX IMVI	ordinal	779.9738681069445	779.9738689869178	1.1282086946028138e-09
lower_task	OV:OVCAR-3	magnitude_g0.50	411.1656205822544	411.1656210934202	1.2432114524166768e-09
lower_task	OV:OVCAR-3	magnitude_g1.00	426.0169346929518	426.0169352189685	1.2347319487159956e-09
lower_task	OV:OVCAR-3	magnitude_g2.00	452.26714683501564	452.26714738728276	1.2211082063797707e-09
lower_task	OV:OVCAR-3	magnitude_g0.80	420.24563409799526	420.2456346182412	1.2379567496279128e-09
lower_task	OV:OVCAR-3	ordinal	205.48153155359836	205.48153185907972	1.4866609292762783e-09
lower_task	OV:OVCAR-3	magnitude_g1.25	433.0417644648995	433.04176499794164	1.230925541986409e-09
primary	CO:COLO 205	magnitude_g0.50	985.9757950560179	985.9757961419939	1.101422585633584e-09
primary	CO:COLO 205	magnitude_g0.80	999.1540519994445	999.1540530985974	1.1000834959226717e-09
primary	CO:COLO 205	magnitude_g1.00	1007.3012361765582	1007.3012372838589	1.0992746406869657e-09
primary	CO:COLO 205	magnitude_g1.25	1017.0124735925152	1017.0124747095272	1.0983266939497657e-09
primary	CO:COLO 205	magnitude_g2.00	1042.7964617341408	1042.7964628769382	1.0958968649323748e-09
primary	CO:COLO 205	ordinal	786.4165282333319	786.4165291197482	1.1271588980887693e-09
primary	__reference__	uniform_pfba	1141.2094024140306	1141.2094036552392	1.0876256037110893e-09
lower_task	__reference__	uniform_pfba	532.3824745668983	532.3824751992804	1.1878342273498774e-09
half_serum	__reference__	uniform_pfba	493.65435078174664	493.65435137540067	1.2025702214531025e-09
