arm	exchange_id	profiles	B0_low	B0_high	B0_width	B0_shared	B1_mean_width	B1_max_width	B1_location_spread	B1_exploration	B1_all_fixed	B1_constant_across_profiles	B2_mean_width	B2_max_width	B2_location_spread	B2_exploration	B2_all_fixed	B2_constant_across_profiles
magnitude_g0.50	EX_4abut_e	47	0.0	179.01124760682112	179.01124760682112	True	2.4851144375251766e-07	3.226916646615376e-07	6.38316821327891e-08	3.565791702261553e-10	True	True	1.0204242694482716e-08	3.6982908249150266e-08	1.8383286625564558e-08	1.0269347245677804e-10	True	True
magnitude_g0.50	EX_L2aadp_e	47	0.0	10.92607639877498	10.92607639877498	True	9.336775557171091e-08	1.0348617079746617e-07	8.753709634659245e-09	8.011759496428839e-10	True	True	3.6436394388103336e-09	1.2608856467811183e-08	6.258442295226842e-09	5.727986943170681e-10	True	True
magnitude_g0.50	EX_Lkynr_e	47	0.0	8.61390890897742	8.61390890897742	True	4.3651783708287276e-08	5.9190503941043295e-08	1.1679648049755976e-08	1.355905683839243e-09	True	True	1.5399178962431532e-09	5.124607644021492e-09	2.5367998711981854e-09	2.9450042924813513e-10	True	True
magnitude_g0.50	EX_ala__L_e	47	0.0	161.42590270782023	161.42590270782023	True	3.040918144998817e-05	0.0008549544277141052	0.8407418939248217	0.005208221727875722	False	False	4.2998802895571304e-07	3.265837165145058e-06	0.8407355050571894	0.005208182150165298	True	False
magnitude_g0.50	EX_anth_e	47	0.0	8.613908908977407	8.613908908977407	True	3.814307863948859e-08	4.913041855506852e-08	8.621953406518174e-09	1.000933896286317e-09	True	True	1.3537943411286816e-09	4.477744540099826e-09	2.2173579355574104e-09	2.5741599533824674e-10	True	True
magnitude_g0.50	EX_cala_e	47	0.0	16.576892935525013	16.576892935525013	True	2.0543123892825722e-08	2.276649278343848e-08	1.8206999509705688e-09	1.0983360742281977e-10	True	True	7.757845690803717e-10	2.5167798152055752e-09	1.24654968333433e-09	7.519802946081162e-11	True	True
magnitude_g0.50	EX_chol_e	47	-10.0	5.802857235091036	15.802857235091036	True	1.0170081369677788e-06	1.4958329961345385e-06	2.6867440805489196e-07	1.700163483463528e-08	True	True	3.734893645421174e-08	1.442206474244756e-07	5.693590221511613e-08	3.6028865772885113e-09	True	True
magnitude_g0.50	EX_cholp_e	47	0.0	6.071678091942436	6.071678091942436	True	5.279290608871125e-08	5.683657204224413e-08	3.1469692101311577e-09	5.183030395348886e-10	True	True	2.002906290452929e-09	6.80267969638394e-09	3.374782191144515e-09	5.558236355815865e-10	True	True
magnitude_g0.50	EX_cit_e	47	0.0	62.319508811365665	62.319508811365665	True	4.889987596076237e-06	6.584750479840869e-05	3.2396750809701316e-05	5.198492643413275e-07	False	False	5.9471960468360845e-08	1.8609659551384035e-07	9.199846112235963e-08	1.4762385467579487e-09	True	True
magnitude_g0.50	EX_cmp_e	47	0.0	0.0	0.0	True	0.0	0.0	0.0	nan	True	True	2.1792501251117746e-10	7.337912506978845e-10	3.6689562534894226e-10	nan	True	True
magnitude_g0.50	EX_crn_e	47	-1.0	6.661338147750939e-16	1.0000000000000007	True	1.49269742981153e-06	1.6191853007693354e-05	7.815241543593824e-06	7.815241543593819e-06	False	True	1.0673330851466558e-07	1.642570882196624e-06	8.208980883026289e-07	8.208980883026284e-07	True	True
magnitude_g0.50	EX_cytd_e	47	0.0	10.811017131864224	10.811017131864224	True	1.2250833332617505e-08	1.3281368049747854e-08	8.981982549320763e-10	8.308175299109838e-11	True	True	4.697416848853764e-10	1.5524879424769138e-09	7.693915286378654e-10	7.116735819150381e-11	True	True
magnitude_g0.50	EX_dhap_e	47	0.0	6.071678091942525	6.071678091942525	True	3.42284848745098e-08	3.6972740835686325e-08	2.1454711521954275e-09	3.5335719708898836e-10	True	True	1.3025327367921268e-09	4.471338812065734e-09	2.2183439269232988e-09	3.6535927849455193e-10	True	True
magnitude_g0.50	EX_duri_e	47	0.0	10.811017131864164	10.811017131864164	True	1.2390354833070909e-08	1.3491246726867899e-08	9.415116100526475e-10	8.708816187865026e-11	True	True	4.724619153214017e-10	1.5716474721352424e-09	7.78997543773727e-10	7.205589763406498e-11	True	True
magnitude_g0.50	EX_fum_e	47	0.0	75.07460134290349	75.07460134290349	True	5.285343795207459e-05	0.0012928073366786919	3.6892026665301216	0.049140489600200156	False	False	6.061844348467498e-07	2.928574874161427e-06	3.6891303288976403	0.04913952605685543	True	False
magnitude_g0.50	EX_glcur_e	47	0.0	18.283735368672975	18.283735368672975	True	4.190336076482591e-08	5.5708116283999555e-08	1.0589951082353518e-08	5.792006320818967e-10	True	True	1.561300473039689e-09	4.971072918363994e-09	2.462451315801992e-09	1.3467988166253553e-10	True	True
magnitude_g0.50	EX_gln__L_e	47	-10.0	31.44223233881349	41.44223233881349	True	1.135197168002591e-06	1.9616112929554674e-06	6.58146367626955e-07	1.5881054916304687e-08	True	True	3.9655212031344165e-08	1.3795758846413264e-07	6.846808453531139e-08	1.6521331181087545e-09	True	True
magnitude_g0.50	EX_glu__L_e	47	-10.0	65.0746013429071	75.0746013429071	True	6.446870131071591e-07	7.591219493008339e-07	1.2333823740107164e-07	1.6428756889126577e-09	True	True	2.5171575462299517e-08	9.271631107310441e-08	4.603545278314414e-08	6.131961004078442e-10	True	True
magnitude_g0.50	EX_gly_e	47	-10.0	136.67340860229515	146.67340860229515	True	5.3820029160509636e-05	0.0017099087699303794	1.6814455130810773	0.011463874257128063	False	False	6.439400590435455e-07	9.45349291736619e-06	1.6814389536622656	0.011463829535873719	True	False
magnitude_g0.50	EX_glyald_e	47	0.0	58.4051322937533	58.4051322937533	True	8.155822061747028e-08	8.936626977883952e-08	6.179465990456058e-09	1.058034756153952e-10	True	True	3.1078371048814933e-09	1.0488563509480038e-08	5.1948065469695385e-09	8.894435031568531e-11	True	True
magnitude_g0.50	EX_glyc3p_e	47	0.0	6.071678091942356	6.071678091942356	True	3.31493812252281e-08	3.573499813771384e-08	2.0091087630375765e-09	3.308984324619973e-10	True	True	1.2720072021801058e-09	4.351100600225841e-09	2.15760345664647e-09	3.55355376878395e-10	True	True
magnitude_g0.50	EX_hom__L_e	47	0.0	0.0	0.0	True	0.0	0.0	0.0	nan	True	True	0.0	0.0	2.7047629485004465e-27	nan	True	True
magnitude_g0.50	EX_hxan_e	47	0.0	9.751113491485459	9.751113491485459	True	9.315903746985313e-09	1.0130113112397232e-08	6.60524049031612e-10	6.77383203065345e-11	True	True	3.6750930357849695e-10	1.202985936978937e-09	5.966107353996224e-10	6.1183857199547e-11	True	True
magnitude_g0.50	EX_icit_e	47	0.0	62.31950881136552	62.31950881136552	True	6.690399789130378e-07	1.5227396862203933e-06	5.265269523825331e-07	8.44883026880513e-09	True	True	2.3342381736695948e-08	8.41099790325183e-08	4.176484944892048e-08	6.701729561980054e-10	True	True
magnitude_g0.50	EX_ins_e	47	0.0	7.422489374115665	7.422489374115665	True	7.043125638836287e-09	7.658065028905149e-09	4.946846806545364e-10	6.664673477063407e-11	True	True	2.6896540041752736e-10	9.106521598381647e-10	4.517073623970858e-10	6.085658592820868e-11	True	True
magnitude_g0.50	EX_lac__L_e	47	-1.0	108.03961591890912	109.03961591890912	True	3.822914996098408e-05	0.0004436843217323627	3.2282507440263757	0.02960621895832034	False	False	9.186058220283475e-07	4.994161622917659e-06	3.2282306233881606	0.029606034432374927	True	False
magnitude_g0.50	EX_leu__L_e	47	-10.0	-1.7922337326704483	8.207766267329552	True	1.4325340113006927e-06	2.415841878544711e-06	7.343581476249028e-07	8.947113303505789e-08	True	True	4.552209649894828e-08	1.6370389976927413e-07	8.110258087334898e-08	9.881200101442e-09	True	True
magnitude_g0.50	EX_lys__L_e	47	-10.0	-1.9452265708841594	8.05477342911584	True	0.012398162784494139	0.5810370823337356	0.580760529915898	0.07210141104858453	False	False	0.012370318787457573	0.5804869193596742	0.5804866175967578	0.07206740483828566	False	False
magnitude_g0.50	EX_mal__L_e	47	0.0	69.54957388179446	69.54957388179446	True	1.1802964287003424e-06	1.6162686772358456e-06	3.291241096520615e-07	4.7322232370745575e-09	True	True	4.823807895682754e-08	2.0164014147540823e-07	1.0029265490288089e-07	1.4420311916409e-09	True	True
magnitude_g0.50	EX_met__L_e	47	-10.0	-0.5026982632120784	9.497301736787922	True	0.00015599354445149536	0.00384733339623633	6.5260697400505725	0.6871498790832091	False	False	1.1357202253470728e-06	1.0103170867914457e-05	6.526079564662012	0.6871509135466506	False	False
magnitude_g0.50	EX_nac_e	47	0.0	12.871302969659121	12.871302969659121	True	1.5642305436624956e-07	1.7302838055622225e-07	1.4618304973778057e-08	1.135728450199413e-09	True	True	5.969355973434875e-09	1.9673738645182055e-08	9.757525034097953e-09	7.580837042760068e-10	True	True
magnitude_g0.50	EX_ncam_e	47	-10.0	0.0	10.0	True	1.0772722778992834e-06	1.0942235936401131e-06	2.1379358778126073e-08	2.1379358778126073e-09	True	True	3.833267753264582e-08	1.2207387512873544e-07	6.05172201696599e-08	6.05172201696599e-09	True	True
magnitude_g0.50	EX_orn_e	47	0.0	75.0746013429061	75.0746013429061	True	5.350517097923609e-07	7.719874549558142e-07	2.162776727682079e-07	2.880836779676676e-09	True	True	2.2614148260363493e-08	7.938187998993041e-08	3.950468929382367e-08	5.262057818114078e-10	True	True
magnitude_g0.50	EX_orot_e	47	0.0	16.576892935525226	16.576892935525226	True	2.4886377667471538e-08	2.6997815920246096e-08	1.8447808175813043e-09	1.1128628415207014e-10	True	True	9.31668866007916e-10	3.1303145624947595e-09	1.5520747561531675e-09	9.362880982521055e-11	True	True
magnitude_g0.50	EX_phe__L_e	47	-10.0	-0.8524036882104298	9.14759631178957	True	7.5690088664788875e-06	7.814319943899584e-05	2.4473433872827357	0.2675395047908443	False	False	9.038358539381619e-08	3.7966167676373175e-07	2.447340522667242	0.26753919163584755	True	False
magnitude_g0.50	EX_pro__L_e	47	-10.0	73.71949939148459	83.71949939148459	True	2.484124172585922e-06	3.3578733731332022e-06	7.610056258489095e-07	9.089944772487665e-09	True	True	8.361668185275895e-08	2.654661908074729e-07	9.562453961997619e-08	1.1422015219276681e-09	True	True
magnitude_g0.50	EX_sbt__D_e	47	0.0	0.0	0.0	True	0.0	0.0	0.0	nan	True	True	0.0	0.0	0.0	nan	True	True
magnitude_g0.50	EX_ser__L_e	47	-10.0	57.234337439573	67.234337439573	True	9.56327452972486e-08	1.1009668199335465e-07	1.071436450672536e-08	1.5935851998772082e-10	True	True	3.6526439934147113e-09	1.2962072304389949e-08	6.4317244863332235e-09	9.566130538750009e-11	True	True
magnitude_g0.50	EX_sprm_e	47	0.0	3.3387831585263967	3.3387831585263967	True	5.302482679564369e-09	6.035930332404918e-09	5.958992490473296e-10	1.7847797258877254e-10	True	True	2.2963091093474693e-10	7.090060147740771e-10	3.513879399552869e-10	1.052443130539736e-10	True	True
magnitude_g0.50	EX_srtn_e	47	0.0	8.613908908977418	8.613908908977418	True	4.135714969714507e-08	5.528957179356972e-08	1.0458920245636122e-08	1.2141897895780895e-09	True	True	1.448289148305085e-09	4.873744630526994e-09	2.4137992271209774e-09	2.8022112291033346e-10	True	True
magnitude_g0.50	EX_succ_e	47	0.0	115.44565627115206	115.44565627115206	True	4.0509621123246845e-05	0.000854955650694933	3.2592898608773897	0.02823224334419442	False	False	5.489002263400235e-07	2.9668024357221157e-06	3.2592031195197038	0.028231491983246874	True	False
magnitude_g0.50	EX_taur_e	47	0.0	16.909696464552507	16.909696464552507	True	3.358071893485128e-08	4.224358599781374e-08	6.704565515905535e-09	3.9649236341765186e-10	True	True	1.2017419707785797e-09	3.9822962530328e-09	1.9721839217574513e-09	1.16630356191887e-10	True	True
magnitude_g0.50	EX_tchola_e	47	0.0	1.442357719857035	1.442357719857035	True	7.15892844376255e-09	9.021232224560015e-09	1.4574027086610496e-09	1.0104308304360904e-09	True	True	4.4207938399284033e-10	1.0701351413479198e-09	5.263921182257781e-10	3.649525433107909e-10	True	True
magnitude_g0.50	EX_thr__L_e	47	-10.0	-1.0272564007096072	8.972743599290393	True	1.5437185915194528e-06	2.4158430136367315e-06	6.58328942471087e-07	7.336986008640108e-08	True	True	4.9908141019432936e-08	1.5859068636103757e-07	7.849729977138509e-08	8.748416680221758e-09	True	True
magnitude_g0.50	EX_thym_e	47	0.0	12.751456104250083	12.751456104250083	True	1.5773618401976773e-08	1.740602709889278e-08	1.3745107692196336e-09	1.0779245585619878e-10	True	True	5.922254639244096e-10	1.9776890269450376e-09	9.804366133783752e-10	7.688820832403555e-11	True	True
magnitude_g0.50	EX_thymd_e	47	0.0	9.041941601195715	9.041941601195715	True	1.04153063948859e-08	1.137407073769898e-08	8.208484866376823e-10	9.078232561567667e-11	True	True	3.953414158048155e-10	1.322012149904802e-09	6.553562603189848e-10	7.247959445262508e-11	True	True
magnitude_g0.50	EX_ump_e	47	0.0	6.071678091942417	6.071678091942417	True	7.834551646356581e-09	8.450303396370102e-09	5.272833505686636e-10	8.684310047141813e-11	True	True	3.603475384624831e-10	1.0022512759844447e-09	4.963884189618041e-10	8.175473262005602e-11	True	True
magnitude_g0.50	EX_ura_e	47	0.0	16.576892935525386	16.576892935525386	True	2.217216164364568e-08	2.4476907915094637e-08	1.957032762685556e-09	1.1805787551969431e-10	True	True	8.297342646735213e-10	2.736997310078718e-09	1.3566340935424059e-09	8.183886442525358e-11	True	True
magnitude_g0.50	EX_urate_e	47	0.0	9.751113491485452	9.751113491485452	True	8.861243880968383e-09	9.597518711354073e-09	5.983592097773329e-10	6.136316742696232e-11	True	True	3.566282491316039e-10	1.1478211683102221e-09	5.692309421566647e-10	5.837599394712306e-11	True	True
magnitude_g0.50	EX_uri_e	47	0.0	10.811017131864261	10.811017131864261	True	1.2565281227878135e-08	1.3687928060148284e-08	9.707868272598073e-10	8.979606779074672e-11	True	True	4.736497787015419e-10	1.5975043688114626e-09	7.922087499446109e-10	7.327791088311796e-11	True	True
magnitude_g0.50	EX_val__L_e	47	-10.0	-1.158392649860927	8.841607350139073	True	1.1530483273807046e-06	1.4448734688699005e-06	2.695996208501583e-07	3.049215037194766e-08	True	True	3.982960512232881e-08	1.4157411531989794e-07	7.021964520959045e-08	7.941954718050892e-09	True	True
magnitude_g0.50	EX_xan_e	47	0.0	9.751113491485343	9.751113491485343	True	9.126050997149327e-09	9.902487408211215e-09	6.27419918133548e-10	6.434341254272243e-11	True	True	3.5435903770252065e-10	1.1790132610916643e-09	5.846811734932059e-10	5.996045210670028e-11	True	True
magnitude_g0.80	EX_4abut_e	47	0.0	179.01124760682112	179.01124760682112	True	2.616260913878149e-07	3.3849174858311537e-07	6.664618088959167e-08	3.723016390342847e-10	True	True	1.2234276826453515e-08	4.3395034694828614e-08	2.1536090286181553e-08	1.2030579404420023e-10	True	True
magnitude_g0.80	EX_L2aadp_e	47	0.0	10.92607639877498	10.92607639877498	True	9.401960534070762e-08	1.0448374495440963e-07	8.957401449936481e-09	8.19818672596942e-10	True	True	4.1868806406888635e-09	1.5081517125909946e-08	7.473534101970041e-09	6.840089552007861e-10	True	True
magnitude_g0.80	EX_Lkynr_e	47	0.0	8.61390890897742	8.61390890897742	True	4.156654008155019e-08	5.1778644166178966e-08	8.403496233004128e-09	9.755729160597462e-10	True	True	1.70789824534693e-09	5.546759169747946e-09	2.740310067994477e-09	3.181261953140141e-10	True	True
magnitude_g0.80	EX_ala__L_e	47	0.0	161.42590270782023	161.42590270782023	True	3.2577432320336095e-05	0.0009296099322373408	1.4699667568306651	0.009106139300898288	False	False	5.355445233756514e-07	2.585119945663905e-06	1.4700263804529126	0.009106508656876773	True	False
magnitude_g0.80	EX_anth_e	47	0.0	8.613908908977407	8.613908908977407	True	3.6613615438633106e-08	4.420700173590824e-08	6.627525297513039e-09	7.693981173408787e-10	True	True	1.5116550357195223e-09	5.021323209125589e-09	2.48352189451308e-09	2.883153189517428e-10	True	True
magnitude_g0.80	EX_cala_e	47	0.0	16.576892935525013	16.576892935525013	True	2.0305370241106202e-08	2.1944055474132753e-08	1.4558299142766496e-09	8.782284593011649e-11	True	True	8.907139489307917e-10	3.0453238176103526e-09	1.5078031136602813e-09	9.095812583967365e-11	True	True
magnitude_g0.80	EX_chol_e	47	-10.0	5.802857235091036	15.802857235091036	True	1.0457889776760904e-06	1.5855506614315118e-06	3.188120518693438e-07	2.0174329687760874e-08	True	True	4.35862813831777e-08	1.4507283907505553e-07	5.426085580850781e-08	3.433610454191718e-09	True	True
magnitude_g0.80	EX_cholp_e	47	0.0	6.071678091942436	6.071678091942436	True	5.2688535834742556e-08	5.680364953234222e-08	3.0420393219464774e-09	5.010211799573972e-10	True	True	2.2906304068464483e-09	8.083788453184588e-09	4.0045496397912145e-09	6.595457761678022e-10	True	True
magnitude_g0.80	EX_cit_e	47	0.0	62.319508811365665	62.319508811365665	True	1.816538234567833e-06	3.9913779995825485e-06	1.5621432675899747e-06	2.506668132315374e-08	True	True	5.394918780224733e-08	1.25150632006926e-07	5.987071656879132e-08	9.60705848148024e-10	True	True
magnitude_g0.80	EX_cmp_e	47	0.0	0.0	0.0	True	0.0	0.0	0.0	nan	True	True	2.86422232097819e-10	7.231654545471401e-10	3.6158272727357007e-10	nan	True	True
magnitude_g0.80	EX_crn_e	47	-1.0	6.661338147750939e-16	1.0000000000000007	True	2.5920966148571143e-06	3.573838132957946e-05	0.057439752370033646	0.057439752370033605	False	False	2.131217336826869e-07	4.4400430277951905e-06	0.057457799245767084	0.05745779924576704	True	False
magnitude_g0.80	EX_cytd_e	47	0.0	10.811017131864224	10.811017131864224	True	1.2161184485697415e-08	1.317344544681473e-08	8.512444270668748e-10	7.873860680119821e-11	True	True	5.373490318760776e-10	1.8381587366385572e-09	9.098992463917531e-10	8.416407404534862e-11	True	True
magnitude_g0.80	EX_dhap_e	47	0.0	6.071678091942525	6.071678091942525	True	3.43169022376802e-08	3.7153447313199765e-08	2.2483611973493335e-09	3.7030309632736317e-10	True	True	1.4989474037708903e-09	5.3218728786983725e-09	2.636326607032548e-09	4.3420065542195143e-10	True	True
magnitude_g0.80	EX_duri_e	47	0.0	10.811017131864164	10.811017131864164	True	1.2300657415109298e-08	1.3403032644791749e-08	8.973266585502306e-10	8.300113186440793e-11	True	True	5.389055775706331e-10	1.850746986103676e-09	9.162658283355579e-10	8.47529716362187e-11	True	True
magnitude_g0.80	EX_fum_e	47	0.0	75.07460134290349	75.07460134290349	True	3.49358670189727e-05	0.00030241872384095814	1.2706620021921573	0.016925324669902733	False	False	1.852450673650467e-06	2.821828116950087e-05	1.2706650654102774	0.01692536547222556	False	False
magnitude_g0.80	EX_glcur_e	47	0.0	18.283735368672975	18.283735368672975	True	3.984003548118374e-08	5.116802788180693e-08	8.811250846751774e-09	4.819174347627463e-10	True	True	1.7751502551035157e-09	5.9907523305595575e-09	2.966024638357221e-09	1.6222202840668732e-10	True	True
magnitude_g0.80	EX_gln__L_e	47	-10.0	31.44223233881349	41.44223233881349	True	1.2169419561514782e-06	2.2477442342960785e-06	7.960142909269052e-07	1.9207804358101224e-08	True	True	4.9211277813994575e-08	1.734346337656234e-07	8.563380760051587e-08	2.0663415739869285e-09	True	True
magnitude_g0.80	EX_glu__L_e	47	-10.0	65.0746013429071	75.0746013429071	True	6.702406523873939e-07	7.985372825203285e-07	1.3892378980528974e-07	1.8504765569216703e-09	True	True	2.990796890523423e-08	1.1398339694324022e-07	5.6486987531911836e-08	7.52411421725766e-10	True	True
magnitude_g0.80	EX_gly_e	47	-10.0	136.67340860229515	146.67340860229515	True	2.364379068179772e-05	0.00017585175695256083	1.6750584993844981	0.01142032843817258	False	False	7.836207699183929e-07	4.510911646882221e-06	1.675064308433459	0.01142036804350402	True	False
magnitude_g0.80	EX_glyald_e	47	0.0	58.4051322937533	58.4051322937533	True	8.209173023133549e-08	8.99364070157679e-08	6.276137110653655e-09	1.0745865755576615e-10	True	True	3.587157467803792e-09	1.2589176249549303e-08	6.2257900053703955e-09	1.0659662534547967e-10	True	True
magnitude_g0.80	EX_glyc3p_e	47	0.0	6.071678091942356	6.071678091942356	True	3.335170282344649e-08	3.6043394183858084e-08	2.121027518847241e-09	3.493313523426132e-10	True	True	1.463888824759258e-09	5.196026322538549e-09	2.5725673722404204e-09	4.2369956596586377e-10	True	True
magnitude_g0.80	EX_hom__L_e	47	0.0	0.0	0.0	True	0.0	0.0	0.0	nan	True	True	4.1245708245692825e-28	1.9385482875475628e-26	9.692741437737814e-27	nan	True	True
magnitude_g0.80	EX_hxan_e	47	0.0	9.751113491485459	9.751113491485459	True	9.262478256189688e-09	1.0068856797067208e-08	6.197405889225866e-10	6.355587897358961e-11	True	True	4.1752552082715854e-10	1.418150784618067e-09	7.010559768398483e-10	7.189496640070911e-11	True	True
magnitude_g0.80	EX_icit_e	47	0.0	62.31950881136552	62.31950881136552	True	6.594155899111e-07	1.5327065890333886e-06	5.392324457867019e-07	8.6527069303274e-09	True	True	2.670749208711826e-08	1.0287947264508217e-07	5.0869769566131246e-08	8.162735961239455e-10	True	True
magnitude_g0.80	EX_ins_e	47	0.0	7.422489374115665	7.422489374115665	True	7.017561582443152e-09	7.630045734971917e-09	4.803769443150426e-10	6.47191151246715e-11	True	True	3.078143825186183e-10	1.0787687523736181e-09	5.343823411496492e-10	7.199502945914515e-11	True	True
magnitude_g0.80	EX_lac__L_e	47	-1.0	108.03961591890912	109.03961591890912	True	3.827428648744378e-05	0.00029571131631023206	2.8623693167147675	0.02625072816510526	False	False	2.3947655885548524e-06	3.043065819419155e-05	2.8624367898988403	0.026251346960242276	False	False
magnitude_g0.80	EX_leu__L_e	47	-10.0	-1.7922337326704483	8.207766267329552	True	1.3073682463424395e-06	2.4242644531824453e-06	7.379278459396232e-07	8.99060501852854e-08	True	True	4.873091870453126e-08	1.46986074645028e-07	7.28275750816465e-08	8.87300791830923e-09	True	True
magnitude_g0.80	EX_lys__L_e	47	-10.0	-1.9452265708841594	8.05477342911584	True	5.315613772497192e-06	1.4811060554009714e-05	6.3748244141237365e-06	7.914343550720446e-07	False	True	1.487373745964217e-07	3.927699687711339e-07	1.942448828451404e-07	2.4115499281829254e-08	True	True
magnitude_g0.80	EX_mal__L_e	47	0.0	69.54957388179446	69.54957388179446	True	1.2720553942615056e-06	1.8202788581226736e-06	4.082993412185993e-07	5.870623189044113e-09	True	True	6.007036356224413e-08	2.7468546932510015e-07	1.3633578036407753e-07	1.9602676588039496e-09	True	True
magnitude_g0.80	EX_met__L_e	47	-10.0	-0.5026982632120784	9.497301736787922	True	5.0405887544431974e-05	0.000374594205142742	6.526067272030744	0.6871496192178392	False	False	2.0451917135943366e-06	1.2990901256948462e-05	6.526079554781394	0.6871509125062901	False	False
magnitude_g0.80	EX_nac_e	47	0.0	12.871302969659121	12.871302969659121	True	1.5780937890919995e-07	1.720313136807864e-07	1.27579012756352e-08	9.911895715382322e-10	True	True	6.8866366383338945e-09	2.4947240936212962e-08	1.236638735441541e-08	9.607719889405197e-10	True	True
magnitude_g0.80	EX_ncam_e	47	-10.0	0.0	10.0	True	1.0901499447214102e-06	1.1051189502124502e-06	1.9343266433790773e-08	1.9343266433790773e-09	True	True	4.439834383220121e-08	1.440217958043771e-07	7.124187849615499e-08	7.124187849615499e-09	True	True
magnitude_g0.80	EX_orn_e	47	0.0	75.0746013429061	75.0746013429061	True	6.31020774443584e-07	9.883613777238643e-07	3.0310812902699235e-07	4.037425755250226e-09	True	True	3.018323940272675e-08	1.164146256157485e-07	5.780809151570218e-08	7.700086378302766e-10	True	True
magnitude_g0.80	EX_orot_e	47	0.0	16.576892935525226	16.576892935525226	True	2.469424583385631e-08	2.6707860155024796e-08	1.6935864148020983e-09	1.0216549153024004e-10	True	True	1.063200838418518e-09	3.690783405837128e-09	1.8275851748857775e-09	1.1024895811260012e-10	True	True
magnitude_g0.80	EX_phe__L_e	47	-10.0	-0.8524036882104298	9.14759631178957	True	3.428805881990337e-06	4.816694502629559e-05	2.361095620062592e-05	2.5811104246255095e-06	False	False	6.686386510661966e-08	2.2314335379469696e-07	1.1028478397179242e-07	1.2056148983056413e-08	True	True
magnitude_g0.80	EX_pro__L_e	47	-10.0	73.71949939148459	83.71949939148459	True	2.4188645706082623e-06	3.285179732914756e-06	7.285732785966559e-07	8.70255178175088e-09	True	True	9.327702991089563e-08	2.655755932945425e-07	8.394620776286388e-08	1.0027079518275566e-09	True	True
magnitude_g0.80	EX_sbt__D_e	47	0.0	0.0	0.0	True	0.0	0.0	0.0	nan	True	True	1.1959302583321528e-28	5.620872214161119e-27	2.8104361070805593e-27	nan	True	True
magnitude_g0.80	EX_ser__L_e	47	-10.0	57.234337439573	67.234337439573	True	9.671933087053944e-08	1.113724295009888e-07	1.1071310979104965e-08	1.6466751069058022e-10	True	True	4.2449209726487906e-09	1.5417151999486123e-08	7.639103571932537e-09	1.1361908011361304e-10	True	True
magnitude_g0.80	EX_sprm_e	47	0.0	3.3387831585263967	3.3387831585263967	True	5.22381213906483e-09	5.867988442559795e-09	5.290318218627103e-10	1.584504883198834e-10	True	True	2.5341308477881676e-10	8.318619034857776e-10	4.061019852817996e-10	1.2163173407794368e-10	True	True
magnitude_g0.80	EX_srtn_e	47	0.0	8.613908908977418	8.613908908977418	True	3.940138245376168e-08	5.0873197197562575e-08	8.709570555390572e-09	1.0111054861879785e-09	True	True	1.609112735115709e-09	5.2833446182211435e-09	2.612443230525979e-09	3.0328196619345373e-10	True	True
magnitude_g0.80	EX_succ_e	47	0.0	115.44565627115206	115.44565627115206	True	3.518857300995196e-05	0.00037168879584648096	1.1420787113711732	0.009892782008954283	False	False	1.8641735356507457e-06	3.3495554648155235e-05	1.142102967081252	0.009892992113958336	False	False
magnitude_g0.80	EX_taur_e	47	0.0	16.909696464552507	16.909696464552507	True	3.232615676442722e-08	3.984359103896816e-08	5.958985965732876e-09	3.524005281954405e-10	True	True	1.3432096769432394e-09	4.486676935120957e-09	2.2197227730583125e-09	1.3126922637029454e-10	True	True
magnitude_g0.80	EX_tchola_e	47	0.0	1.442357719857035	1.442357719857035	True	6.8860275052528914e-09	8.45663436498918e-09	1.2413484486331498e-09	8.606384058153001e-10	True	True	4.823854023000039e-10	1.0217993810282176e-09	4.95667096958378e-10	3.436506007729539e-10	True	True
magnitude_g0.80	EX_thr__L_e	47	-10.0	-1.0272564007096072	8.972743599290393	True	1.4294250684859198e-06	2.4242508889216197e-06	6.765437969846744e-07	7.539988070518127e-08	True	True	5.402183044163256e-08	1.573656180919869e-07	7.788046696433071e-08	8.679671507663483e-09	True	True
magnitude_g0.80	EX_thym_e	47	0.0	12.751456104250083	12.751456104250083	True	1.5609497981227812e-08	1.7095339250533583e-08	1.222882207386134e-09	9.590137764569061e-11	True	True	6.740824054806709e-10	2.3459579767248575e-09	1.161837267939387e-09	9.11140859867874e-11	True	True
magnitude_g0.80	EX_thymd_e	47	0.0	9.041941601195715	9.041941601195715	True	1.035217279721444e-08	1.131138647229446e-08	7.891666163277767e-10	8.727844650350501e-11	True	True	4.526661508369437e-10	1.5648876637391424e-09	7.748976720280301e-10	8.570036240065484e-11	True	True
magnitude_g0.80	EX_ump_e	47	0.0	6.071678091942417	6.071678091942417	True	7.791363763452985e-09	8.41107597946071e-09	5.079198535167042e-10	8.365394967015015e-11	True	True	4.240279646120441e-10	1.1853485949837042e-09	5.834716550130198e-10	9.609726440987237e-11	True	True
magnitude_g0.80	EX_ura_e	47	0.0	16.576892935525386	16.576892935525386	True	2.1893703561500962e-08	2.3858860916785727e-08	1.7090269244597515e-09	1.030969392821011e-10	True	True	9.4390191915027e-10	3.2542512475266493e-09	1.6114544667550262e-09	9.721088704757041e-11	True	True
magnitude_g0.80	EX_urate_e	47	0.0	9.751113491485452	9.751113491485452	True	8.82291349396576e-09	9.560320094162483e-09	5.729744044219658e-10	5.875989495171806e-11	True	True	4.1616337042559503e-10	1.4023831710347235e-09	6.939215948217023e-10	7.116331846897546e-11	True	True
magnitude_g0.80	EX_uri_e	47	0.0	10.811017131864261	10.811017131864261	True	1.2488481269448491e-08	1.3588061898175731e-08	9.21079401671522e-10	8.519821867238964e-11	True	True	5.413289432449014e-10	1.889316043175671e-09	9.357525573790539e-10	8.655545967280248e-11	True	True
magnitude_g0.80	EX_val__L_e	47	-10.0	-1.158392649860927	8.841607350139073	True	1.1138550914143282e-06	1.407218091387108e-06	2.4432592571344003e-07	2.7633654836481392e-08	True	True	4.4429927888079106e-08	1.4699160089115537e-07	7.283001024482871e-08	8.237191198462702e-09	True	True
magnitude_g0.80	EX_xan_e	47	0.0	9.751113491485343	9.751113491485343	True	9.07761511952642e-09	9.850982607256962e-09	5.974072954548124e-10	6.126554633749955e-11	True	True	4.066993359438846e-10	1.3950892516038825e-09	6.908403438660718e-10	7.084732881729994e-11	True	True
magnitude_g1.00	EX_4abut_e	47	0.0	179.01124760682112	179.01124760682112	True	2.703894120054171e-07	3.49161185985601e-07	6.829783961828092e-08	3.8152820301152113e-10	True	True	1.2051972401223791e-08	4.266945860228569e-08	2.12359100586635e-08	1.1862891490095575e-10	True	True
magnitude_g1.00	EX_L2aadp_e	47	0.0	10.92607639877498	10.92607639877498	True	9.447850247107039e-08	1.0456006834281791e-07	8.488127127057576e-09	7.768687328608884e-10	True	True	3.9847344390748685e-09	1.4516106164226897e-08	7.227475763360025e-09	6.61488671648897e-10	True	True
magnitude_g1.00	EX_Lkynr_e	47	0.0	8.61390890897742	8.61390890897742	True	4.050551920772601e-08	4.95491039508703e-08	7.533708381708852e-09	8.745981018974113e-10	True	True	1.5780967893321142e-09	5.266902753349008e-09	2.6202060012208875e-09	3.0418315644017405e-10	True	True
magnitude_g1.00	EX_ala__L_e	47	0.0	161.42590270782023	161.42590270782023	True	1.6252476827007244e-05	0.00014231180294466128	1.620229909354567	0.01003698837780187	False	False	5.561317193236478e-07	4.280805514511599e-06	1.6201799660306158	0.010036678989264382	True	False
magnitude_g1.00	EX_anth_e	47	0.0	8.613908908977407	8.613908908977407	True	3.584099915942523e-08	4.271295829326796e-08	5.898472507228511e-09	6.847614212731142e-10	True	True	1.4036031925093694e-09	4.776677849064607e-09	2.3772566177878357e-09	2.759788433924883e-10	True	True
magnitude_g1.00	EX_cala_e	47	0.0	16.576892935525013	16.576892935525013	True	2.0181408774431535e-08	2.1704795452875012e-08	1.3628816041757407e-09	8.221574510233008e-11	True	True	8.300387269398411e-10	2.9089835462650205e-09	1.4480763504018143e-09	8.735511268812763e-11	True	True
magnitude_g1.00	EX_chol_e	47	-10.0	5.802857235091036	15.802857235091036	True	1.0853603193688644e-06	1.6538886877803805e-06	3.4116060376732094e-07	2.1588539255404823e-08	True	True	4.2943426847616136e-08	1.4689741645312893e-07	5.6115696978054075e-08	3.550984239321378e-09	True	True
magnitude_g1.00	EX_cholp_e	47	0.0	6.071678091942436	6.071678091942436	True	5.2676248660088065e-08	5.670453751382694e-08	2.9341764571954283e-09	4.832562617391222e-10	True	True	2.1705967366221677e-09	7.749550168478674e-09	3.8579030092700496e-09	6.353932061038893e-10	True	True
magnitude_g1.00	EX_cit_e	47	0.0	62.319508811365665	62.319508811365665	True	1.5030289004867065e-06	2.7737778551079233e-06	9.741170067471677e-07	1.563101226769475e-08	True	True	4.554522261079795e-08	1.2548959340644304e-07	6.229345188432191e-08	9.995818817005984e-10	True	True
magnitude_g1.00	EX_cmp_e	47	0.0	0.0	0.0	True	0.0	0.0	0.0	nan	True	True	2.3680753594524355e-10	7.566262953424681e-10	3.7831314767123406e-10	nan	True	True
magnitude_g1.00	EX_crn_e	47	-1.0	6.661338147750939e-16	1.0000000000000007	True	8.271651539236794e-06	0.00025810228163550275	0.16204953459391402	0.1620495345939139	False	False	1.4701577961739447e-07	1.210709538306463e-06	0.16205596899342703	0.16205596899342692	True	False
magnitude_g1.00	EX_cytd_e	47	0.0	10.811017131864224	10.811017131864224	True	1.212065071124384e-08	1.3069628052631009e-08	8.022861810200701e-10	7.421005546790082e-11	True	True	5.056336140539789e-10	1.7596074336253136e-09	8.75708078701339e-10	8.100145139168179e-11	True	True
magnitude_g1.00	EX_dhap_e	47	0.0	6.071678091942525	6.071678091942525	True	3.441828988613576e-08	3.7242437912895556e-08	2.177528121633415e-09	3.5863695154114364e-10	True	True	1.4243241319556356e-09	5.115861498634675e-09	2.5468929298278766e-09	4.194710080575177e-10	True	True
magnitude_g1.00	EX_duri_e	47	0.0	10.811017131864164	10.811017131864164	True	1.2259004988849077e-08	1.3291757801261882e-08	8.454053226151879e-10	7.81984999471935e-11	True	True	5.077133518911424e-10	1.7720911413844124e-09	8.820167584654805e-10	8.158499313314775e-11	True	True
magnitude_g1.00	EX_fum_e	47	0.0	75.07460134290349	75.07460134290349	True	4.344445653381907e-05	0.0006046258215199884	1.2706658731142468	0.01692537623091032	False	False	1.3112650317238116e-06	1.0613935671699437e-05	1.2706545242730805	0.0169252250633921	False	False
magnitude_g1.00	EX_glcur_e	47	0.0	18.283735368672975	18.283735368672975	True	3.88128370645519e-08	4.888921680530465e-08	7.847147340426335e-09	4.2918731770049006e-10	True	True	1.6410503580112082e-09	5.595721897862916e-09	2.7849100420112874e-09	1.5231625189581898e-10	True	True
magnitude_g1.00	EX_gln__L_e	47	-10.0	31.44223233881349	41.44223233881349	True	1.2713138019195258e-06	2.3598068317198795e-06	8.277435643577746e-07	1.997343090957328e-08	True	True	4.9310883735614045e-08	1.72942135279186e-07	8.600503420552741e-08	2.0752992624139555e-09	True	True
magnitude_g1.00	EX_glu__L_e	47	-10.0	65.0746013429071	75.0746013429071	True	6.881852768593281e-07	8.244323321804359e-07	1.395810986792867e-07	1.8592319663709282e-09	True	True	2.9096920126269825e-08	1.1225846563434061e-07	5.59137536271237e-08	7.447758979329741e-10	True	True
magnitude_g1.00	EX_gly_e	47	-10.0	136.67340860229515	146.67340860229515	True	1.9946295823989418e-05	0.00023567524324885625	1.6750547676615968	0.011420302995776873	False	False	9.751281652786124e-07	8.499222192703826e-06	1.6750550406916247	0.011420304857259677	True	False
magnitude_g1.00	EX_glyald_e	47	0.0	58.4051322937533	58.4051322937533	True	8.256613826031956e-08	8.99922422960169e-08	5.868350003814165e-09	1.0047661521078025e-10	True	True	3.4145913178645377e-09	1.2145566186237358e-08	6.041803808549375e-09	1.0344645361235787e-10	True	True
magnitude_g1.00	EX_glyc3p_e	47	0.0	6.071678091942356	6.071678091942356	True	3.352252509453168e-08	3.6212307077310804e-08	2.062475792619691e-09	3.39687934931329e-10	True	True	1.3964939432901386e-09	5.003109633665831e-09	2.4901384609201685e-09	4.101235973337912e-10	True	True
magnitude_g1.00	EX_hom__L_e	47	0.0	0.0	0.0	True	0.0	0.0	0.0	nan	True	True	0.0	0.0	0.0	nan	True	True
magnitude_g1.00	EX_hxan_e	47	0.0	9.751113491485459	9.751113491485459	True	9.241780673735843e-09	9.999409762759555e-09	5.828775605821125e-10	5.977548729086922e-11	True	True	3.954878807048503e-10	1.35902916968419e-09	6.765000479981341e-10	6.937669719348923e-11	True	True
magnitude_g1.00	EX_icit_e	47	0.0	62.31950881136552	62.31950881136552	True	6.55981321202234e-07	1.497361290188565e-06	5.18266839422313e-07	8.31628569138841e-09	True	True	2.5930758589171185e-08	9.964527335895793e-08	4.96413102078118e-08	7.965613201167988e-10	True	True
magnitude_g1.00	EX_ins_e	47	0.0	7.422489374115665	7.422489374115665	True	7.011443099880987e-09	7.591965637384411e-09	4.471466092144721e-10	6.024213531026393e-11	True	True	2.908281512529895e-10	1.0346294551411467e-09	5.150478334299675e-10	6.939017457217063e-11	True	True
magnitude_g1.00	EX_lac__L_e	47	-1.0	108.03961591890912	109.03961591890912	True	6.217869409395392e-05	0.0009197723369815947	4.06365435231106	0.037267687693738116	False	False	2.589548009064491e-06	1.8010457784711775e-05	4.063813067403747	0.037269143266479725	False	False
magnitude_g1.00	EX_leu__L_e	47	-10.0	-1.7922337326704483	8.207766267329552	True	1.237454845122827e-06	2.2045235805734364e-06	6.239546057607015e-07	7.602002608728148e-08	True	True	4.3923472802172204e-08	1.4151862015587824e-07	7.025514925373955e-08	8.55959428735018e-09	True	True
magnitude_g1.00	EX_lys__L_e	47	-10.0	-1.9452265708841594	8.05477342911584	True	4.3507945406418e-06	9.496842347189727e-06	3.7830739829658455e-06	4.696685780497624e-07	True	True	1.2432831063959539e-07	3.2067584343487e-07	1.58375461190019e-07	1.966231112318247e-08	True	True
magnitude_g1.00	EX_mal__L_e	47	0.0	69.54957388179446	69.54957388179446	True	1.3451636507740356e-06	1.9748992373288466e-06	4.6095339212884666e-07	6.627695417836449e-09	True	True	6.083841754230683e-08	2.814854477859659e-07	1.4033953486962694e-07	2.0178345752074077e-09	True	True
magnitude_g1.00	EX_met__L_e	47	-10.0	-0.5026982632120784	9.497301736787922	True	4.553593973634392e-05	0.0005296743233085266	6.511721882427766	0.6856391491916621	False	False	2.5239997123425974e-06	2.123876555204518e-05	6.511718017440075	0.6856387422352658	False	False
magnitude_g1.00	EX_nac_e	47	0.0	12.871302969659121	12.871302969659121	True	1.5877917826179348e-07	1.7142632755664865e-07	1.13429722407553e-08	8.812606048893046e-10	True	True	6.582452306416837e-09	2.398465555710624e-08	1.1938654195613125e-08	9.275404536553539e-10	True	True
magnitude_g1.00	EX_ncam_e	47	-10.0	0.0	10.0	True	1.0984192913051654e-06	1.1125367223518786e-06	1.829477760141616e-08	1.8294777601416161e-09	True	True	4.225741419756148e-08	1.3947655440182523e-07	6.937802980197829e-08	6.937802980197829e-09	True	True
magnitude_g1.00	EX_orn_e	47	0.0	75.0746013429061	75.0746013429061	True	7.047188882847838e-07	1.118599568673293e-06	3.53158293856916e-07	4.704098157562663e-09	True	True	3.160898649274132e-08	1.2208670920138026e-07	6.071103299636845e-08	8.086760623485497e-10	True	True
magnitude_g1.00	EX_orot_e	47	0.0	16.576892935525226	16.576892935525226	True	2.4601413644321322e-08	2.6566544378911043e-08	1.6266322899784344e-09	9.812648825718532e-11	True	True	1.0033709262959496e-09	3.533813642253546e-09	1.7589985879456365e-09	1.061114766673797e-10	True	True
magnitude_g1.00	EX_phe__L_e	47	-10.0	-0.8524036882104298	9.14759631178957	True	1.825084369682851e-06	6.6312347130059734e-06	2.8491140241504453e-06	3.114604019504513e-07	True	True	5.3525615641886066e-08	1.689187986153584e-07	8.395560713303496e-08	9.177887203530354e-09	True	True
magnitude_g1.00	EX_pro__L_e	47	-10.0	73.71949939148459	83.71949939148459	True	2.367230273925978e-06	3.174627409174846e-06	6.801261458466712e-07	8.123867806068716e-09	True	True	8.550078787289535e-08	2.504642131473389e-07	7.723273443005496e-08	9.225178720778468e-10	True	True
magnitude_g1.00	EX_sbt__D_e	47	0.0	0.0	0.0	True	0.0	0.0	0.0	nan	True	True	4.2858957520395935e-28	2.014371003458609e-26	1.0071855017293045e-26	nan	True	True
magnitude_g1.00	EX_ser__L_e	47	-10.0	57.234337439573	67.234337439573	True	9.762350024348198e-08	1.1172317293528522e-07	1.0442187559078775e-08	1.553103363064106e-10	True	True	4.0588652817003555e-09	1.493239665251167e-08	7.43461114893762e-09	1.1057759222539365e-10	True	True
magnitude_g1.00	EX_sprm_e	47	0.0	3.3387831585263967	3.3387831585263967	True	5.1842886374340665e-09	5.782057985589706e-09	4.930679160179303e-10	1.4767892750350112e-10	True	True	2.298754534999181e-10	8.031387698778818e-10	3.9555159070545633e-10	1.1847178206087415e-10	True	True
magnitude_g1.00	EX_srtn_e	47	0.0	8.613908908977418	8.613908908977418	True	3.8415814239834234e-08	4.855657886432017e-08	7.73464398058913e-09	8.979249795093702e-10	True	True	1.4896190281002824e-09	5.021936876270877e-09	2.4990383678524746e-09	2.9011664672329843e-10	True	True
magnitude_g1.00	EX_succ_e	47	0.0	115.44565627115206	115.44565627115206	True	2.679805949034691e-05	0.00017714324241602242	1.2922375089639164	0.011193470163388251	False	False	1.1262915452101894e-06	1.2675751341006958e-05	1.2922745865672614	0.011193791332711919	False	False
magnitude_g1.00	EX_taur_e	47	0.0	16.909696464552507	16.909696464552507	True	3.1713382947064855e-08	3.846349557158936e-08	5.282544705549517e-09	3.123973701493235e-10	True	True	1.2522889032837795e-09	4.277783996262558e-09	2.1291236585298713e-09	1.2591140609727177e-10	True	True
magnitude_g1.00	EX_tchola_e	47	0.0	1.442357719857035	1.442357719857035	True	6.748843176187963e-09	8.165498816088402e-09	1.1194983508404333e-09	7.761586015925348e-10	True	True	4.719870651768173e-10	1.0292749870142963e-09	5.108178245267666e-10	3.541547408762081e-10	True	True
magnitude_g1.00	EX_thr__L_e	47	-10.0	-1.0272564007096072	8.972743599290393	True	1.3592122800893191e-06	2.204534702343608e-06	5.84959571447996e-07	6.519294405049726e-08	True	True	4.857796411463919e-08	1.4638761491880814e-07	7.269204127524631e-08	8.101428562050424e-09	True	True
magnitude_g1.00	EX_thym_e	47	0.0	12.751456104250083	12.751456104250083	True	1.552767764692661e-08	1.6913289184330973e-08	1.1481459084619327e-09	9.004037649310133e-11	True	True	6.346557844848008e-10	2.2438586936305585e-09	1.116937345895069e-09	8.759292560500535e-11	True	True
magnitude_g1.00	EX_thymd_e	47	0.0	9.041941601195715	9.041941601195715	True	1.032521789201632e-08	1.122620345458113e-08	7.453133939448899e-10	8.242846800142227e-11	True	True	4.2663138415604496e-10	1.4994445222989595e-09	7.463731301267092e-10	8.254567028258711e-11	True	True
magnitude_g1.00	EX_ump_e	47	0.0	6.071678091942417	6.071678091942417	True	7.77308822787715e-09	8.362762251339548e-09	4.832248178073955e-10	7.958669917772354e-11	True	True	3.896896046956546e-10	1.1352304295575137e-09	5.63519706795765e-10	9.28111962232647e-11	True	True
magnitude_g1.00	EX_ura_e	47	0.0	16.576892935525386	16.576892935525386	True	2.1744600001520165e-08	2.3572180836378406e-08	1.6008197476958555e-09	9.656934830442152e-11	True	True	8.857320100511038e-10	3.1084357034324636e-09	1.5473820634800094e-09	9.334572344156646e-11	True	True
magnitude_g1.00	EX_urate_e	47	0.0	9.751113491485452	9.751113491485452	True	8.810680745664283e-09	9.543227690195616e-09	5.520532266445572e-10	5.661437815554122e-11	True	True	3.879273766612763e-10	1.303490495309332e-09	6.485263723680958e-10	6.650792988250837e-11	True	True
magnitude_g1.00	EX_uri_e	47	0.0	10.811017131864261	10.811017131864261	True	1.2456458789314992e-08	1.3489078740716711e-08	8.702017990223829e-10	8.049213024161811e-11	True	True	5.112474348468074e-10	1.809907644999001e-09	9.009343490771286e-10	8.333483686948618e-11	True	True
magnitude_g1.00	EX_val__L_e	47	-10.0	-1.158392649860927	8.841607350139073	True	1.0922527726153054e-06	1.3857966738584082e-06	2.2680617739467834e-07	2.565214314692575e-08	True	True	4.105794510052422e-08	1.415221573264347e-07	7.038307359152896e-08	7.960438730681913e-09	True	True
magnitude_g1.00	EX_xan_e	47	0.0	9.751113491485343	9.751113491485343	True	9.059930167088446e-09	9.81857061541142e-09	5.720010179249795e-10	5.866007183943144e-11	True	True	3.8549094954391305e-10	1.3370555878072843e-09	6.655392966010418e-10	6.825264593445555e-11	True	True
magnitude_g1.25	EX_4abut_e	47	0.0	179.01124760682112	179.01124760682112	True	2.819753416728595e-07	3.625979985728971e-07	7.320764108875781e-08	4.0895553808747533e-10	True	True	1.279302568096407e-08	5.0441298854847465e-08	2.519641623844385e-08	1.407532575482914e-10	True	True
magnitude_g1.25	EX_L2aadp_e	47	0.0	10.92607639877498	10.92607639877498	True	9.504777450244616e-08	1.0469097580729742e-07	7.935691368827444e-09	7.263075123396708e-10	True	True	4.139488519091909e-09	1.3880496790167867e-08	6.933612879383458e-09	6.345931170828027e-10	True	True
magnitude_g1.25	EX_Lkynr_e	47	0.0	8.61390890897742	8.61390890897742	True	3.938110563582416e-08	4.7366177775836945e-08	6.708579847618911e-09	7.788078465314656e-10	True	True	1.6144913060616733e-09	4.667280800912559e-09	2.331084882022061e-09	2.7061870593878735e-10	True	True
magnitude_g1.25	EX_ala__L_e	47	0.0	161.42590270782023	161.42590270782023	True	1.4399969417577581e-05	0.00015694725672865673	1.6416739789584724	0.010169829943152872	False	False	4.2139301916435254e-07	1.845276866418999e-06	1.641598104251468	0.010169359915073539	True	False
magnitude_g1.25	EX_anth_e	47	0.0	8.613908908977407	8.613908908977407	True	3.501617279792858e-08	4.11824671979904e-08	5.327305009763332e-09	6.184538362381821e-10	True	True	1.4349808864944042e-09	4.222405249100227e-09	2.1090952361921865e-09	2.4484763636101253e-10	True	True
magnitude_g1.25	EX_cala_e	47	0.0	16.576892935525013	16.576892935525013	True	2.0046125973201532e-08	2.1420095951371772e-08	1.249097544484319e-09	7.53517290207894e-11	True	True	8.58436227997487e-10	2.62230768713216e-09	1.3097208757009524e-09	7.900882757673862e-11	True	True
magnitude_g1.25	EX_chol_e	47	-10.0	5.802857235091036	15.802857235091036	True	1.1596445028352473e-06	1.7012240873803819e-06	3.498351732744709e-07	2.2137463375777664e-08	True	True	4.805036763749416e-08	1.4407048976039505e-07	5.7103855866103004e-08	3.613514633246261e-09	True	True
magnitude_g1.25	EX_cholp_e	47	0.0	6.071678091942436	6.071678091942436	True	5.268848485388485e-08	5.6606834031106576e-08	2.8131051209775573e-09	4.6331591997783195e-10	True	True	2.2459815867506526e-09	7.230826066932857e-09	3.6119878818584384e-09	5.948912025905675e-10	True	True
magnitude_g1.25	EX_cit_e	47	0.0	62.319508811365665	62.319508811365665	True	1.2835675271695e-06	2.0538225957056962e-06	6.343287905703529e-07	1.0178655170251689e-08	True	True	4.356248676385348e-08	9.609310123950694e-08	4.797814699598985e-08	7.698736384655158e-10	True	True
magnitude_g1.25	EX_cmp_e	47	0.0	0.0	0.0	True	0.0	0.0	0.0	nan	True	True	2.3890400700021927e-10	7.588787142027407e-10	3.7943935710137036e-10	nan	True	True
magnitude_g1.25	EX_crn_e	47	-1.0	6.661338147750939e-16	1.0000000000000007	True	4.499964788728782e-06	6.174137322717543e-05	0.1620506898244841	0.16205068982448398	False	False	1.9151243214998024e-07	1.3194962976137425e-06	0.16205592161818363	0.16205592161818352	True	False
magnitude_g1.25	EX_cytd_e	47	0.0	10.811017131864224	10.811017131864224	True	1.207975265176819e-08	1.2961635736787288e-08	7.502924782975186e-10	6.940072975059102e-11	True	True	5.215556313375327e-10	1.6359557710729889e-09	8.171732358056611e-10	7.558708175543793e-11	True	True
magnitude_g1.25	EX_dhap_e	47	0.0	6.071678091942525	6.071678091942525	True	3.455657057156818e-08	3.73635794747708e-08	2.0967373664958446e-09	3.453307857803494e-10	True	True	1.4785386323841565e-09	4.794397304381461e-09	2.394829125727017e-09	3.944262343066403e-10	True	True
magnitude_g1.25	EX_duri_e	47	0.0	10.811017131864164	10.811017131864164	True	1.2216025771189304e-08	1.3175116022130638e-08	7.899592802119052e-10	7.306983890383412e-11	True	True	5.240764750804308e-10	1.6600546452978038e-09	8.292283060543226e-10	7.670215447261411e-11	True	True
magnitude_g1.25	EX_fum_e	47	0.0	75.07460134290349	75.07460134290349	True	9.824539294501612e-05	0.002743266914027487	1.313433153085949	0.017495039994775845	False	False	9.417874765628472e-07	5.035382436346936e-06	1.3137428101288098	0.017499164652613808	True	False
magnitude_g1.25	EX_glcur_e	47	0.0	18.283735368672975	18.283735368672975	True	3.775584098399585e-08	4.680939198789993e-08	7.069192420026837e-09	3.8663830325060737e-10	True	True	1.6861451115703889e-09	4.873748233163966e-09	2.4329363016062037e-09	1.3306560462337216e-10	True	True
magnitude_g1.25	EX_gln__L_e	47	-10.0	31.44223233881349	41.44223233881349	True	1.3375276353144727e-06	2.481025095590894e-06	8.563207849476839e-07	2.066299850709733e-08	True	True	5.335306335736848e-08	1.50624742900618e-07	7.523204459403132e-08	1.8153473002845786e-09	True	True
magnitude_g1.25	EX_glu__L_e	47	-10.0	65.0746013429071	75.0746013429071	True	7.093332881258588e-07	8.560314519456824e-07	1.3962529443745098e-07	1.8598206575843842e-09	True	True	3.0847760582337575e-08	1.0244544590420901e-07	5.117202128701592e-08	6.816156246143098e-10	True	True
magnitude_g1.25	EX_gly_e	47	-10.0	136.67340860229515	146.67340860229515	True	1.779645233498171e-05	7.328857279809142e-05	1.4279374516099264	0.009735489651582161	False	False	7.553508799055465e-07	6.012877075356471e-06	1.4279672101797427	0.009735692541595422	True	False
magnitude_g1.25	EX_glyald_e	47	0.0	58.4051322937533	58.4051322937533	True	8.318108695630486e-08	9.016253653158574e-08	5.414290355612904e-09	9.270230445470608e-11	True	True	3.556808214214056e-09	1.1521190427262097e-08	5.754168831694138e-09	9.852162996144046e-11	True	True
magnitude_g1.25	EX_glyc3p_e	47	0.0	6.071678091942356	6.071678091942356	True	3.3740489652006467e-08	3.642515564086057e-08	1.995590212625352e-09	3.2867193919151834e-10	True	True	1.450671567619817e-09	4.703176174788338e-09	2.3493093561459303e-09	3.8692916860392644e-10	True	True
magnitude_g1.25	EX_hom__L_e	47	0.0	0.0	0.0	True	0.0	0.0	0.0	nan	True	True	0.0	0.0	0.0	nan	True	True
magnitude_g1.25	EX_hxan_e	47	0.0	9.751113491485459	9.751113491485459	True	9.221869635239484e-09	9.957921390543931e-09	5.600543064152039e-10	5.743490801376025e-11	True	True	4.0906406814843097e-10	1.262435396783064e-09	6.305945767698858e-10	6.466898137535909e-11	True	True
magnitude_g1.25	EX_icit_e	47	0.0	62.31950881136552	62.31950881136552	True	6.53935992808959e-07	1.4617140355378165e-06	4.969936870623583e-07	7.974929464972275e-09	True	True	2.6761530887870918e-08	7.966688151245501e-08	3.979782460337433e-08	6.386094075907768e-10	True	True
magnitude_g1.25	EX_ins_e	47	0.0	7.422489374115665	7.422489374115665	True	7.0078370908410286e-09	7.580605282582721e-09	4.2918212919490194e-10	5.7821858350054674e-11	True	True	3.0059834924557826e-10	9.64884113459546e-10	4.819805490784787e-10	6.493516188238439e-11	True	True
magnitude_g1.25	EX_lac__L_e	47	-1.0	108.03961591890912	109.03961591890912	True	0.00013690534807643098	0.003790945950827407	4.2926947033244165	0.039368211884722885	False	False	1.9981733693857325e-06	1.821549908953557e-05	4.293003014124386	0.03937103939651638	False	False
magnitude_g1.25	EX_leu__L_e	47	-10.0	-1.7922337326704483	8.207766267329552	True	1.175925164599608e-06	1.9931646786375268e-06	5.19852591196468e-07	6.333667093636736e-08	True	True	4.376197318471044e-08	1.3215780780839737e-07	6.600458379857344e-08	8.041723125242996e-09	True	True
magnitude_g1.25	EX_lys__L_e	47	-10.0	-1.9452265708841594	8.05477342911584	True	3.689081390334762e-06	8.75654008325455e-06	3.477609292090733e-06	4.317451412748756e-07	True	True	1.1534720099165681e-07	2.9618699848299457e-07	1.4788271207599735e-07	1.8359636478593067e-08	True	True
magnitude_g1.25	EX_mal__L_e	47	0.0	69.54957388179446	69.54957388179446	True	1.440391934527065e-06	2.1912732276857567e-06	5.369048787595533e-07	7.719743612981293e-09	True	True	6.655720745068724e-08	2.2562358282818363e-07	1.1271526726546016e-07	1.6206464105305598e-09	True	True
magnitude_g1.25	EX_met__L_e	47	-10.0	-0.5026982632120784	9.497301736787922	True	4.730604991021181e-05	0.0004118577088512154	6.511708382680898	0.6856377277619506	False	False	2.139507143334712e-06	2.065878727908199e-05	6.511718065512943	0.6856387472970052	False	False
magnitude_g1.25	EX_nac_e	47	0.0	12.871302969659121	12.871302969659121	True	1.599191768727912e-07	1.7181215118968834e-07	1.0364859852574533e-08	8.052688897936052e-10	True	True	6.812024230777301e-09	2.2451760159594184e-08	1.1214567776505367e-08	8.712845780214254e-10	True	True
magnitude_g1.25	EX_ncam_e	47	-10.0	0.0	10.0	True	1.108348118088228e-06	1.121402214419207e-06	1.6991591582512707e-08	1.6991591582512706e-09	True	True	4.416583873553378e-08	1.3290871601412564e-07	6.638061441733401e-08	6.638061441733401e-09	True	True
magnitude_g1.25	EX_orn_e	47	0.0	75.0746013429061	75.0746013429061	True	8.114990892179102e-07	1.306928811453129e-06	4.280063877337213e-07	5.701081059075968e-09	True	True	3.799062077224629e-08	1.6309453034703105e-07	8.147096422640986e-08	1.0852000912304298e-09	True	True
magnitude_g1.25	EX_orot_e	47	0.0	16.576892935525226	16.576892935525226	True	2.4504408033445777e-08	2.6413636702180513e-08	1.5542952416838876e-09	9.37627604720149e-11	True	True	1.034770404043103e-09	3.2874738178394664e-09	1.642058920676718e-09	9.90570987617162e-11	True	True
magnitude_g1.25	EX_phe__L_e	47	-10.0	-0.8524036882104298	9.14759631178957	True	1.4379046527783343e-06	3.347091249494838e-06	1.198517313727443e-06	1.3101991745993146e-07	True	True	4.86603006612034e-08	1.4069051934573196e-07	7.027033133155669e-08	7.681835635990097e-09	True	True
magnitude_g1.25	EX_pro__L_e	47	-10.0	73.71949939148459	83.71949939148459	True	2.316971979577046e-06	3.05347535900502e-06	6.542976669354772e-07	7.81535570197196e-09	True	True	8.749935586012303e-08	2.5452911533996314e-07	7.546442759576166e-08	9.013960683505642e-10	True	True
magnitude_g1.25	EX_sbt__D_e	47	0.0	0.0	0.0	True	0.0	0.0	0.0	nan	True	True	0.0	0.0	1.4998659411666422e-26	nan	True	True
magnitude_g1.25	EX_ser__L_e	47	-10.0	57.234337439573	67.234337439573	True	9.875939710468629e-08	1.1243339059774371e-07	9.813362567001604e-09	1.4595760054631884e-10	True	True	4.243729679721602e-09	1.3912629270862453e-08	6.9499055399546705e-09	1.0336839485033838e-10	True	True
magnitude_g1.25	EX_sprm_e	47	0.0	3.3387831585263967	3.3387831585263967	True	5.1411898581131145e-09	5.69140727782047e-09	4.569653348499295e-10	1.3686583199719248e-10	True	True	2.3236388260328458e-10	7.364092935952245e-10	3.678284281259313e-10	1.1016840886674288e-10	True	True
magnitude_g1.25	EX_srtn_e	47	0.0	8.613908908977418	8.613908908977418	True	3.739145802823328e-08	4.624531155421367e-08	6.828871099637594e-09	7.92772615986285e-10	True	True	1.5166413737719239e-09	4.4565394267341335e-09	2.2260023018176416e-09	2.584195311721606e-10	True	True
magnitude_g1.25	EX_succ_e	47	0.0	115.44565627115206	115.44565627115206	True	3.3346005957372e-05	0.0006302193268137302	1.256598598700883	0.01088476292039483	False	False	7.56477589335793e-07	4.739246248774975e-06	1.2562979064959396	0.010882158299184683	True	False
magnitude_g1.25	EX_taur_e	47	0.0	16.909696464552507	16.909696464552507	True	3.1090356483341726e-08	3.70895937978388e-08	4.706299499520171e-09	2.7831957299682477e-10	True	True	1.2804124932824275e-09	3.8468740642223615e-09	1.921573768853042e-09	1.1363738981839223e-10	True	True
magnitude_g1.25	EX_tchola_e	47	0.0	1.442357719857035	1.442357719857035	True	6.606041713081408e-09	7.870000071768652e-09	1.0074207122745757e-09	6.984541340926371e-10	True	True	4.941538776386893e-10	1.0210299254476678e-09	5.093295634731772e-10	3.531229156687021e-10	True	True
magnitude_g1.25	EX_thr__L_e	47	-10.0	-1.0272564007096072	8.972743599290393	True	1.2941922926620827e-06	1.9931557879715456e-06	4.998433649205936e-07	5.570685926655962e-08	True	True	4.8619335843377085e-08	1.4539895243359524e-07	7.261876522335342e-08	8.093262046303925e-09	True	True
magnitude_g1.25	EX_thym_e	47	0.0	12.751456104250083	12.751456104250083	True	1.5441113700273172e-08	1.67218174005101e-08	1.069309074800345e-09	8.385780149797499e-11	True	True	6.542349817274175e-10	2.062531583722199e-09	1.0302832957044743e-09	8.079730560034465e-11	True	True
magnitude_g1.25	EX_thymd_e	47	0.0	9.041941601195715	9.041941601195715	True	1.0298658695945088e-08	1.1138301749957127e-08	6.985926279189729e-10	7.726135145869449e-11	True	True	4.410732594620686e-10	1.399502150387478e-09	6.990943464314401e-10	7.731683937651081e-11	True	True
magnitude_g1.25	EX_ump_e	47	0.0	6.071678091942417	6.071678091942417	True	7.755169264653919e-09	8.331771481253108e-09	4.663056285383305e-10	7.680012370174134e-11	True	True	4.075988531974607e-10	1.0585815645626679e-09	5.284648810813738e-10	8.703769749959032e-11	True	True
magnitude_g1.25	EX_ura_e	47	0.0	16.576892935525386	16.576892935525386	True	2.158084156846392e-08	2.3220805375321365e-08	1.4628322598772577e-09	8.824526197803393e-11	True	True	9.119683447381061e-10	2.842048895656078e-09	1.4195874602338637e-09	8.563652222133819e-11	True	True
magnitude_g1.25	EX_urate_e	47	0.0	9.751113491485452	9.751113491485452	True	8.799829174778895e-09	9.526697987578902e-09	5.390846882453354e-10	5.528442353953293e-11	True	True	3.937287958915152e-10	1.2053464278630879e-09	6.020832112288899e-10	6.174507267858397e-11	True	True
magnitude_g1.25	EX_uri_e	47	0.0	10.811017131864261	10.811017131864261	True	1.2425314756200954e-08	1.3386983578718508e-08	8.162299524334448e-10	7.549982970868656e-11	True	True	5.276236364320939e-10	1.6874874637985711e-09	8.429343881129959e-10	7.796994286768276e-11	True	True
magnitude_g1.25	EX_val__L_e	47	-10.0	-1.158392649860927	8.841607350139073	True	1.0697212846396946e-06	1.341714874314448e-06	1.9743743351341436e-07	2.2330491017598605e-08	True	True	4.207457716983271e-08	1.3214672844874542e-07	6.60049024325815e-08	7.465260536766914e-09	True	True
magnitude_g1.25	EX_xan_e	47	0.0	9.751113491485343	9.751113491485343	True	9.043282128646609e-09	9.794395254269282e-09	5.574764847187044e-10	5.717054623612903e-11	True	True	3.9707798411603246e-10	1.2365530951881134e-09	6.176847931480486e-10	6.334505220223414e-11	True	True
magnitude_g2.00	EX_4abut_e	47	0.0	179.01124760682112	179.01124760682112	True	3.0957815258482343e-07	3.774071451446681e-07	6.734736116961405e-08	3.7621860117714645e-10	True	True	1.319835574666031e-08	5.3073417065013344e-08	2.638902704757622e-08	1.4741546914156406e-10	True	True
magnitude_g2.00	EX_L2aadp_e	47	0.0	10.92607639877498	10.92607639877498	True	9.703436137415193e-08	1.0521202631417648e-07	6.50865382560453e-09	5.956990952703089e-10	True	True	3.98558658401346e-09	1.450485736525284e-08	7.205368955901616e-09	6.594653645941442e-10	True	True
magnitude_g2.00	EX_Lkynr_e	47	0.0	8.61390890897742	8.61390890897742	True	3.744015990746086e-08	4.303028763451864e-08	4.681185715100624e-09	5.434449986140312e-10	True	True	1.4483097157337504e-09	5.108126065437624e-09	2.5365158923359638e-09	2.944674617690008e-10	True	True
magnitude_g2.00	EX_ala__L_e	47	0.0	161.42590270782023	161.42590270782023	True	2.582990200436449e-05	0.0001828000298598198	1.2563000561627398	0.007782518388245499	False	False	6.089038345120126e-07	4.016798314410153e-06	1.2562988794138565	0.007782511098530134	True	False
magnitude_g2.00	EX_anth_e	47	0.0	8.613908908977407	8.613908908977407	True	3.3634324953153046e-08	3.83726647510934e-08	3.948811271262378e-09	4.5842268742207507e-10	True	True	1.3002996675817848e-09	4.603624531385827e-09	2.286828178153781e-09	2.654808870535479e-10	True	True
magnitude_g2.00	EX_cala_e	47	0.0	16.576892935525013	16.576892935525013	True	1.9834115524406665e-08	2.086824920547099e-08	9.338092633166978e-10	5.633198374078314e-11	True	True	7.949561636898034e-10	2.7767178375314596e-09	1.37942288684897e-09	8.321359691554779e-11	True	True
magnitude_g2.00	EX_chol_e	47	-10.0	5.802857235091036	15.802857235091036	True	1.414223430400477e-06	1.940255775600974e-06	3.3350732264736394e-07	2.1104241953587623e-08	True	True	5.1278538512316057e-08	1.8087724429349805e-07	7.379602662282991e-08	4.6697901224445755e-09	True	True
magnitude_g2.00	EX_cholp_e	47	0.0	6.071678091942436	6.071678091942436	True	5.300117642895719e-08	5.6089129557808596e-08	2.149222666678592e-09	3.5397506819914727e-10	True	True	2.12264858490355e-09	7.5527395975817e-09	3.752424943048958e-09	6.180210620896886e-10	True	True
magnitude_g2.00	EX_cit_e	47	0.0	62.319508811365665	62.319508811365665	True	9.701281456367278e-07	1.2913920939374754e-06	2.903844541293555e-07	4.659607555770657e-09	True	True	3.167859511791354e-08	9.611906451690337e-08	4.763033534104425e-08	7.642925345450983e-10	True	True
magnitude_g2.00	EX_cmp_e	47	0.0	0.0	0.0	True	0.0	0.0	0.0	nan	True	True	1.8447749118025974e-10	5.784917072823645e-10	2.8924585364118224e-10	nan	True	True
magnitude_g2.00	EX_crn_e	47	-1.0	6.661338147750939e-16	1.0000000000000007	True	1.4512444330424484e-05	0.00031112857807708005	0.16190048678881755	0.16190048678881744	False	False	2.12821867716311e-07	1.0156299105334998e-06	0.16174611680931827	0.16174611680931816	True	False
magnitude_g2.00	EX_cytd_e	47	0.0	10.811017131864224	10.811017131864224	True	1.20596188230361e-08	1.2744492206139516e-08	5.778028984835806e-10	5.3445748113798954e-11	True	True	4.895051524130479e-10	1.7136999700592688e-09	8.511185583260523e-10	7.872696416486833e-11	True	True
magnitude_g2.00	EX_dhap_e	47	0.0	6.071678091942525	6.071678091942525	True	3.51736025221323e-08	3.748283878718591e-08	1.6866208359618214e-09	2.7778495671568405e-10	True	True	1.4142221924149024e-09	5.03041961089829e-09	2.4994660021331596e-09	4.1165983510392267e-10	True	True
magnitude_g2.00	EX_duri_e	47	0.0	10.811017131864164	10.811017131864164	True	1.2190284050729715e-08	1.2937362996654066e-08	6.108202024950764e-10	5.649979044938869e-11	True	True	4.933837681024658e-10	1.7297593040056926e-09	8.59147685976363e-10	7.946964429869686e-11	True	True
magnitude_g2.00	EX_fum_e	47	0.0	75.07460134290349	75.07460134290349	True	6.434383967649244e-05	0.0005880764892616241	1.567811083908147	0.02088337541410529	False	False	2.2219076085966758e-06	4.148978728757413e-05	1.5678193033164405	0.020883484897314612	False	False
magnitude_g2.00	EX_glcur_e	47	0.0	18.283735368672975	18.283735368672975	True	3.6060629667095686e-08	4.257709687326529e-08	5.035279512395563e-09	2.7539665231771625e-10	True	True	1.5266603293828424e-09	5.1643014420907845e-09	2.56479090200952e-09	1.4027718353460677e-10	True	True
magnitude_g2.00	EX_gln__L_e	47	-10.0	31.44223233881349	41.44223233881349	True	1.5294230402235327e-06	2.371459334682413e-06	6.962821572642497e-07	1.6801270538993957e-08	True	True	5.4640324151780485e-08	1.7816249631152914e-07	8.858707722936288e-08	2.1376038941414604e-09	True	True
magnitude_g2.00	EX_glu__L_e	47	-10.0	65.0746013429071	75.0746013429071	True	7.783018375411099e-07	9.439451300607971e-07	1.3481784932878327e-07	1.7957850846652625e-09	True	True	3.155549901757066e-08	1.0846776987705198e-07	5.3889291251607574e-08	7.178098889325494e-10	True	True
magnitude_g2.00	EX_gly_e	47	-10.0	136.67340860229515	146.67340860229515	True	2.928879663121455e-05	0.000352392343430985	1.3849828737535974	0.009442630991886044	False	False	7.511746204349137e-07	3.959051761093235e-06	1.3850041064416523	0.009442775753559325	True	False
magnitude_g2.00	EX_glyald_e	47	0.0	58.4051322937533	58.4051322937533	True	8.551355237533971e-08	9.113784745380423e-08	4.333724277079898e-09	7.42010865634733e-11	True	True	3.437179059551266e-09	1.2223640424328333e-08	6.067345497736374e-09	1.038837728715376e-10	True	True
magnitude_g2.00	EX_glyc3p_e	47	0.0	6.071678091942356	6.071678091942356	True	3.454801589953221e-08	3.6782380364196956e-08	1.624816965480222e-09	2.676059140283631e-10	True	True	1.3950170474398718e-09	4.937929411104553e-09	2.452554445921348e-09	4.0393354337676444e-10	True	True
magnitude_g2.00	EX_hom__L_e	47	0.0	0.0	0.0	True	0.0	0.0	0.0	nan	True	True	1.9499905921682208e-27	7.861751125233843e-26	3.9308755626169216e-26	nan	True	True
magnitude_g2.00	EX_hxan_e	47	0.0	9.751113491485459	9.751113491485459	True	9.237836938230151e-09	9.810464652814095e-09	4.378927386827184e-10	4.490694719788468e-11	True	True	3.825472140626116e-10	1.3139439542927176e-09	6.520599803830488e-10	6.687030983204316e-11	True	True
magnitude_g2.00	EX_icit_e	47	0.0	62.31950881136552	62.31950881136552	True	6.74046478781518e-07	1.2242838482237286e-06	3.6328618811994845e-07	5.8294135343649265e-09	True	True	2.5899325079340306e-08	8.674309546100995e-08	4.3112142215771434e-08	6.917920734302844e-10	True	True
magnitude_g2.00	EX_ins_e	47	0.0	7.422489374115665	7.422489374115665	True	7.0508719749783095e-09	7.497455953691824e-09	3.371056733805567e-10	4.5416794338047857e-11	True	True	2.8381117692587203e-10	1.0043194074573107e-09	4.990006583399916e-10	6.722820784090968e-11	True	True
magnitude_g2.00	EX_lac__L_e	47	-1.0	108.03961591890912	109.03961591890912	True	0.0001088945663931759	0.0006176557281651895	4.359647989556487	0.039982239049692565	False	False	4.325676667092394e-06	4.2419157260553675e-05	4.359653199027258	0.03998228682563827	False	False
magnitude_g2.00	EX_leu__L_e	47	-10.0	-1.7922337326704483	8.207766267329552	True	1.059320027932704e-06	1.5454000905634757e-06	2.9802983814164463e-07	3.6310712127358194e-08	True	True	3.99232078696313e-08	1.3353595429421716e-07	6.632049576182908e-08	8.080212520891737e-09	True	True
magnitude_g2.00	EX_lys__L_e	47	-10.0	-1.9452265708841594	8.05477342911584	True	2.5491069353689876e-06	4.148843903095667e-06	1.2595772531653893e-06	1.563764970237842e-07	True	True	8.192421800047854e-08	2.3018779993222438e-07	1.1380831810292591e-07	1.4129300979657533e-08	True	True
magnitude_g2.00	EX_mal__L_e	47	0.0	69.54957388179446	69.54957388179446	True	1.8107042319143444e-06	2.8594201195756876e-06	7.548795083699599e-07	1.0853833693545603e-08	True	True	8.002421256903289e-08	2.944253861491734e-07	1.4646899921095206e-07	2.105965443582571e-09	True	True
magnitude_g2.00	EX_met__L_e	47	-10.0	-0.5026982632120784	9.497301736787922	True	8.197820851914431e-05	0.0007928798090413025	6.3964857175662	0.6735055803049123	False	False	2.3046035205021495e-06	1.3692074100291052e-05	6.396526310071659	0.6735098544141891	False	False
magnitude_g2.00	EX_nac_e	47	0.0	12.871302969659121	12.871302969659121	True	1.6308103143437052e-07	1.7287498939108544e-07	8.273880140504118e-09	6.428160505589622e-10	True	True	6.542589173409787e-09	2.3227823849022126e-08	1.1540818134591089e-08	8.966316900313575e-10	True	True
magnitude_g2.00	EX_ncam_e	47	-10.0	0.0	10.0	True	1.1350459246702249e-06	1.1449569425955416e-06	1.331061517010064e-08	1.331061517010064e-09	True	True	4.216489247816441e-08	1.3891773799936314e-07	6.893665266643484e-08	6.893665266643484e-09	True	True
magnitude_g2.00	EX_orn_e	47	0.0	75.0746013429061	75.0746013429061	True	1.1680104858550932e-06	2.1101423880735724e-06	7.652175675906654e-07	1.0192762317784478e-08	True	True	4.7948230716780675e-08	1.6934714928213384e-07	8.41187797081087e-08	1.120469215998803e-09	True	True
magnitude_g2.00	EX_orot_e	47	0.0	16.576892935525226	16.576892935525226	True	2.4417028991671673e-08	2.5860502676702826e-08	1.1850486787154378e-09	7.148798531332799e-11	True	True	9.698284668093745e-10	3.422546266940958e-09	1.7001964006290465e-09	1.0256423850005261e-10	True	True
magnitude_g2.00	EX_phe__L_e	47	-10.0	-0.8524036882104298	9.14759631178957	True	1.0866204283505633e-06	1.5454119957070134e-06	2.9474485319092025e-07	3.2221016663257026e-08	True	True	4.000959093345389e-08	1.3355489347777194e-07	6.633005389389268e-08	7.251091066229653e-09	True	True
magnitude_g2.00	EX_pro__L_e	47	-10.0	73.71949939148459	83.71949939148459	True	2.135959506760133e-06	2.7315700292795952e-06	4.833740772092199e-07	5.773733487689554e-09	True	True	7.71104865870008e-08	2.646770016490052e-07	7.93674979071568e-08	9.480168716253641e-10	True	True
magnitude_g2.00	EX_sbt__D_e	47	0.0	0.0	0.0	True	0.0	0.0	0.0	nan	True	True	0.0	0.0	1.659815204172544e-26	nan	True	True
magnitude_g2.00	EX_ser__L_e	47	-10.0	57.234337439573	67.234337439573	True	1.0312761477878889e-07	1.1629673402069329e-07	8.99037111423695e-09	1.3371695857517843e-10	True	True	4.168866708107786e-09	1.4920324531431106e-08	7.415216884965048e-09	1.1028913450109462e-10	True	True
magnitude_g2.00	EX_sprm_e	47	0.0	3.3387831585263967	3.3387831585263967	True	5.080025527758168e-09	5.500772386212956e-09	3.445400654197713e-10	1.0319330398558656e-10	True	True	2.2532532850186659e-10	7.857381788876404e-10	3.905934747097297e-10	1.16986775170545e-10	True	True
magnitude_g2.00	EX_srtn_e	47	0.0	8.613908908977418	8.613908908977418	True	3.5688820452938135e-08	4.1770700679983056e-08	4.706194978239123e-09	5.463483568225716e-10	True	True	1.3716880304877143e-09	4.829314320401462e-09	2.3989059659031957e-09	2.7849214465259265e-10	True	True
magnitude_g2.00	EX_succ_e	47	0.0	115.44565627115206	115.44565627115206	True	4.753794834573938e-05	0.0005767661137827673	1.2562934154001901	0.010882119396934961	False	False	1.975820494487169e-06	4.149087568627863e-05	1.256295975233579	0.010882141570427422	False	False
magnitude_g2.00	EX_taur_e	47	0.0	16.909696464552507	16.909696464552507	True	3.015055072198797e-08	3.448429582844293e-08	3.381130405115797e-09	1.9995216426288904e-10	True	True	1.180099538162819e-09	4.156481791517302e-09	2.0648909979701565e-09	1.221128364012181e-10	True	True
magnitude_g2.00	EX_tchola_e	47	0.0	1.442357719857035	1.442357719857035	True	6.372642021252518e-09	7.278698211773008e-09	7.232474898657227e-10	5.014342003434558e-10	True	True	4.596137850426294e-10	1.225929527579985e-09	6.079490093084535e-10	4.214966931842073e-10	True	True
magnitude_g2.00	EX_thr__L_e	47	-10.0	-1.0272564007096072	8.972743599290393	True	1.1532774926820971e-06	1.545394557211921e-06	2.9113321442508777e-07	3.244639849600873e-08	True	True	4.19010203507981e-08	1.3949109667343862e-07	6.921484230204555e-08	7.7138994930736e-09	True	True
magnitude_g2.00	EX_thym_e	47	0.0	12.751456104250083	12.751456104250083	True	1.533868482396958e-08	1.6327712152258103e-08	8.206729125066014e-10	6.435915285259616e-11	True	True	6.116325320242575e-10	2.175373136105385e-09	1.0807477784918877e-09	8.475485228166786e-11	True	True
magnitude_g2.00	EX_thymd_e	47	0.0	9.041941601195715	9.041941601195715	True	1.030547536199069e-08	1.0966802090508764e-08	5.452650522276332e-10	6.030397853438102e-11	True	True	4.150483032411933e-10	1.462881013344338e-09	7.267418267765964e-10	8.037453224432365e-11	True	True
magnitude_g2.00	EX_ump_e	47	0.0	6.071678091942417	6.071678091942417	True	7.761612030871536e-09	8.234870442352849e-09	3.712588661298568e-10	6.114600617950181e-11	True	True	3.844448062449122e-10	1.0999838410473218e-09	5.442206459978511e-10	8.963265801592376e-11	True	True
magnitude_g2.00	EX_ura_e	47	0.0	16.576892935525386	16.576892935525386	True	2.131381777512664e-08	2.254173713923775e-08	1.1039528097316734e-09	6.659588223350522e-11	True	True	8.475431499021386e-10	3.0062363816563925e-09	1.4934463457442043e-09	9.009205473865668e-11	True	True
magnitude_g2.00	EX_urate_e	47	0.0	9.751113491485452	9.751113491485452	True	8.834886970817061e-09	9.40823045810547e-09	4.262257961906579e-10	4.371047435380922e-11	True	True	3.8106184602419536e-10	1.2603436382497314e-09	6.262395790113267e-10	6.422236594396642e-11	True	True
magnitude_g2.00	EX_uri_e	47	0.0	10.811017131864261	10.811017131864261	True	1.2436557880094882e-08	1.3188760064922592e-08	6.35264121746375e-10	5.876080982926252e-11	True	True	4.968700419144484e-10	1.767783489522061e-09	8.783528065971522e-10	8.12460840533039e-11	True	True
magnitude_g2.00	EX_val__L_e	47	-10.0	-1.158392649860927	8.841607350139073	True	1.0283539650084487e-06	1.226700179657314e-06	1.402245644044342e-07	1.5859623578763488e-08	True	True	3.933344523846503e-08	1.3355299044448543e-07	6.633515314824479e-08	7.502612423430155e-09	True	True
magnitude_g2.00	EX_xan_e	47	0.0	9.751113491485343	9.751113491485343	True	9.066647838126319e-09	9.654140344551291e-09	4.3809033106977336e-10	4.49272107695509e-11	True	True	3.747308442241273e-10	1.2908715804768788e-09	6.413520582231826e-10	6.577218681571189e-11	True	True
ordinal	EX_4abut_e	47	0.0	179.01124760682112	179.01124760682112	True	1.577618839121467e-07	2.1505383823069854e-07	4.099964588852793e-08	2.2903390952606077e-10	True	True	3.0880636162391954e-09	1.800336878368029e-08	8.993937051204368e-09	5.0242301371803077e-11	True	True
ordinal	EX_L2aadp_e	47	0.0	10.92607639877498	10.92607639877498	True	7.3248755995898e-08	8.867496854306878e-08	1.22582312065029e-08	1.1219243540963416e-09	True	True	1.4417056516584167e-09	7.913309734431278e-09	3.951854309626094e-09	3.616901589731856e-10	True	True
ordinal	EX_Lkynr_e	47	0.0	8.61390890897742	8.61390890897742	True	4.135881062304276e-08	5.21198983975632e-08	1.0023575435642754e-08	1.163650038740969e-09	True	True	8.225574401021048e-10	5.257510660950525e-09	2.626384256179946e-09	3.0490039817378696e-10	True	True
ordinal	EX_ala__L_e	47	0.0	161.42590270782023	161.42590270782023	True	1.5631917311082288e-05	9.646923802897334e-05	12.318252244274532	0.07630901879836773	False	False	2.7640853733516677e-07	1.9580855035172817e-06	12.318248662735595	0.07630899661147654	True	False
ordinal	EX_anth_e	47	0.0	8.613908908977407	8.613908908977407	True	3.7128975519954374e-08	4.541469879485087e-08	8.277689006975222e-09	9.609677899366015e-10	True	True	7.379138021365909e-10	4.80785562781042e-09	2.401767859608655e-09	2.788243856520859e-10	True	True
ordinal	EX_cala_e	47	0.0	16.576892935525013	16.576892935525013	True	1.9336409608689073e-08	2.1323027494046684e-08	2.097241802984057e-09	1.2651597685652993e-10	True	True	3.8052709452490314e-10	2.188554093436218e-09	1.0931791058887392e-09	6.59459592422177e-11	True	True
ordinal	EX_chol_e	47	-10.0	5.802857235091036	15.802857235091036	True	2.076909610260428e-06	1.5787297873881556e-05	1.237415211313694	0.07830325825926919	False	False	5.901994730291872e-08	1.305251747574232e-06	1.2374158622116056	0.07830329944789109	True	False
ordinal	EX_cholp_e	47	0.0	6.071678091942436	6.071678091942436	True	4.845751946998399e-08	5.192677972388008e-08	4.162037781451057e-09	6.854839335066837e-10	True	True	9.523121786802763e-10	5.6604905122802364e-09	2.8274838875839833e-09	4.656840900930275e-10	True	True
ordinal	EX_cit_e	47	0.0	62.319508811365665	62.319508811365665	True	3.354455652022795e-05	0.0005262492409410235	7.739870943446202	0.12419659735884543	False	False	1.8085629948419091e-07	1.3018474698256455e-06	7.739868460372362	0.12419655751459943	True	False
ordinal	EX_cmp_e	47	0.0	0.0	0.0	True	0.0	0.0	0.0	nan	True	True	9.876506943761656e-11	4.72593590372643e-10	2.362967951863215e-10	nan	True	True
ordinal	EX_crn_e	47	-1.0	6.661338147750939e-16	1.0000000000000007	True	8.279736347509206e-07	3.0939130841282914e-06	0.028722353638894315	0.028722353638894294	True	False	1.3054072150509202e-08	5.9468747337664764e-08	0.028722704050914184	0.028722704050914163	True	False
ordinal	EX_cytd_e	47	0.0	10.811017131864224	10.811017131864224	True	1.0789460796616229e-08	1.1809107398303067e-08	9.345888658411327e-10	8.64478202598107e-11	True	True	2.165814850364118e-10	1.261573287536393e-09	6.301793068018824e-10	5.829047342312516e-11	True	True
ordinal	EX_dhap_e	47	0.0	6.071678091942525	6.071678091942525	True	2.845968760262882e-08	3.053739018052999e-08	2.205534316873944e-09	3.632495470734554e-10	True	True	5.630905521437196e-10	3.3793351344186248e-09	1.6880417978026928e-09	2.7801898787138003e-10	True	True
ordinal	EX_duri_e	47	0.0	10.811017131864164	10.811017131864164	True	1.0939702011008675e-08	1.1934921714782631e-08	8.971002557392101e-10	8.298019000405759e-11	True	True	2.1808705198088566e-10	1.2736926364300332e-09	6.362054678144345e-10	5.884788267879956e-11	True	True
ordinal	EX_fum_e	47	0.0	75.07460134290349	75.07460134290349	True	8.13406483630802e-05	0.0021479108718303053	14.344768491705793	0.19107352200494565	False	False	3.1204087733574346e-07	2.118695121566816e-06	14.344770028530501	0.19107354247557995	True	False
ordinal	EX_glcur_e	47	0.0	18.283735368672975	18.283735368672975	True	4.2639097005470956e-08	5.1965606008880244e-08	9.763419916983725e-09	5.339948167108234e-10	True	True	8.691739180618271e-10	5.585155467177877e-09	2.7900533277446615e-09	1.525975557776388e-10	True	True
ordinal	EX_gln__L_e	47	-10.0	31.44223233881349	41.44223233881349	True	5.082615311433236e-06	5.725196131045607e-05	1.5413682237324853	0.03719317557825881	False	False	1.0075887861176475e-07	2.8017588071804767e-06	1.5413502617755466	0.03719274215670005	True	False
ordinal	EX_glu__L_e	47	-10.0	65.0746013429071	75.0746013429071	True	4.885248379444062e-07	6.497554103646053e-07	1.0928856220004945e-07	1.4557328343425804e-09	True	True	9.704007621099238e-09	5.521692258980693e-08	2.7581913641938627e-08	3.6739340800435047e-10	True	True
ordinal	EX_gly_e	47	-10.0	136.67340860229515	146.67340860229515	True	7.075484713076418e-06	9.601087889787863e-05	3.4732347924892046	0.02368005779361737	False	False	1.1693490654261282e-07	8.715628485589377e-07	3.4732373758314843	0.02368007540650511	True	False
ordinal	EX_glyald_e	47	0.0	58.4051322937533	58.4051322937533	True	5.951153632105271e-08	6.401724602748327e-08	4.054020906347552e-09	6.941206615126781e-11	True	True	1.1861911688612486e-09	7.099453499724924e-09	3.5463898204649216e-09	6.072051686533419e-11	True	True
ordinal	EX_glyc3p_e	47	0.0	6.071678091942356	6.071678091942356	True	2.68584683439267e-08	2.8836855343960203e-08	2.025899880799504e-09	3.336639146742725e-10	True	True	5.349361539255092e-10	3.1896320322454753e-09	1.5932898497296184e-09	2.624134260088743e-10	True	True
ordinal	EX_hom__L_e	47	0.0	0.0	0.0	True	0.0	0.0	0.0	nan	True	True	4.281908363116211e-19	2.012496930122044e-17	1.0062484684142361e-17	nan	True	True
ordinal	EX_hxan_e	47	0.0	9.751113491485459	9.751113491485459	True	8.803383229529988e-09	9.392271818161167e-09	6.455363826052858e-10	6.620129928432887e-11	True	True	1.8688363131757683e-10	1.0116798379324152e-09	5.052482439514136e-10	5.181441528627367e-11	True	True
ordinal	EX_icit_e	47	0.0	62.31950881136552	62.31950881136552	True	7.090857927018626e-07	1.4846506419564973e-06	5.079294623119688e-07	8.150408628049635e-09	True	True	1.3223284268018436e-08	7.087743624889691e-08	3.5396486488636695e-08	5.679840416550469e-10	True	True
ordinal	EX_ins_e	47	0.0	7.422489374115665	7.422489374115665	True	6.355845930565189e-09	6.794440885516923e-09	4.668785477181299e-10	6.290053433370594e-11	True	True	1.3135310002229934e-10	7.380471167205169e-10	3.686253081295482e-10	4.966329886776931e-11	True	True
ordinal	EX_lac__L_e	47	-1.0	108.03961591890912	109.03961591890912	True	0.00014399423907292884	0.00529146128630309	5.511105588540419	0.050542232216215184	False	False	5.507739824123107e-07	7.104692814507985e-06	5.51104435281354	0.050541670624665525	True	False
ordinal	EX_leu__L_e	47	-10.0	-1.7922337326704483	8.207766267329552	True	5.4993373372277174e-06	2.575759382406062e-05	3.050789095128959	0.37169541575183673	False	False	1.0787534928220205e-07	1.402024251362377e-06	3.050777208549988	0.3716939675406446	True	False
ordinal	EX_lys__L_e	47	-10.0	-1.9452265708841594	8.05477342911584	True	0.4567691351674228	4.948688758656775	8.054770882090448	0.9999996837868359	False	False	0.4565958122356601	4.948683064572216	8.054773424223963	0.9999999993926735	False	False
ordinal	EX_mal__L_e	47	0.0	69.54957388179446	69.54957388179446	True	6.865293487932852e-07	1.0895911444907992e-06	2.851492160292069e-07	4.0999419567090775e-09	True	True	1.3506799737984791e-08	7.409214279370259e-08	3.707477381194162e-08	5.33069747845665e-10	True	True
ordinal	EX_met__L_e	47	-10.0	-0.5026982632120784	9.497301736787922	True	7.835576997805335e-05	0.001164967249236426	9.497299459159642	0.9999997601815397	False	False	4.8366753503936e-07	2.8027686553855347e-06	9.497301667107164	0.9999999926630996	True	False
ordinal	EX_nac_e	47	0.0	12.871302969659121	12.871302969659121	True	1.2790611306309273e-07	1.5731616798319103e-07	2.5111066187017946e-08	1.950934279630509e-09	True	True	2.5766260951438485e-09	1.711672455147748e-08	8.55255002849919e-09	6.644665305959847e-10	True	True
ordinal	EX_ncam_e	47	-10.0	0.0	10.0	True	8.532353041099077e-07	9.033530216166328e-07	5.4235970920954605e-08	5.4235970920954605e-09	True	True	1.6174434192562706e-08	9.015813227994642e-08	4.503948546222776e-08	4.503948546222776e-09	True	True
ordinal	EX_orn_e	47	0.0	75.0746013429061	75.0746013429061	True	2.6051489960659346e-07	4.6421203904209106e-07	1.2978729581527602e-07	1.7287776890411659e-09	True	True	5.085354582210917e-09	3.090296035172189e-08	1.5437945421537e-08	2.0563473059315485e-10	True	True
ordinal	EX_orot_e	47	0.0	16.576892935525226	16.576892935525226	True	2.333076119971628e-08	2.6024273721443967e-08	2.4201082176373908e-09	1.459928725515842e-10	True	True	4.567402361649572e-10	2.65197114606908e-09	1.32465519668584e-09	7.990973952947651e-11	True	True
ordinal	EX_phe__L_e	47	-10.0	-0.8524036882104298	9.14759631178957	True	2.9856588431930342e-05	0.00022719945056870472	9.14758536355293	0.999998803156997	False	False	4.1484320679811924e-07	4.3027856762023475e-06	9.147596195445066	0.9999999872814125	True	False
ordinal	EX_pro__L_e	47	-10.0	73.71949939148459	83.71949939148459	True	4.819388708143565e-06	1.4670651647952226e-05	6.059852740190102	0.0723828114625166	False	False	1.016941481567903e-07	1.1004664455249724e-06	6.059852319474896	0.07238280643722131	True	False
ordinal	EX_sbt__D_e	47	0.0	0.0	0.0	True	0.0	0.0	0.0	nan	True	True	3.196792290736902e-11	2.890170510375134e-10	1.445085255187567e-10	nan	True	True
ordinal	EX_ser__L_e	47	-10.0	57.234337439573	67.234337439573	True	6.734562713641607e-08	7.371924759524973e-08	6.105313588022909e-09	9.080648104118037e-11	True	True	1.3425805148476975e-09	7.929449097332508e-09	3.9612224611573765e-09	5.891665794606117e-11	True	True
ordinal	EX_sprm_e	47	0.0	3.3387831585263967	3.3387831585263967	True	4.676186179928317e-09	5.2386623524209026e-09	5.463373183054697e-10	1.6363366303387034e-10	True	True	1.0474081137129426e-10	5.637271430903942e-10	2.8054673558825866e-10	8.40266415241176e-11	True	True
ordinal	EX_srtn_e	47	0.0	8.613908908977418	8.613908908977418	True	3.844994114409047e-08	4.653695449399571e-08	8.24981731456185e-09	9.577321285536103e-10	True	True	7.636402097768757e-10	4.832665944527334e-09	2.4739964276917285e-09	2.872094949963226e-10	True	True
ordinal	EX_succ_e	47	0.0	115.44565627115206	115.44565627115206	True	5.9643319819116114e-05	0.002117031981523354	2.73546072247912	0.023694791218945722	False	False	1.7598510098838339e-07	8.384478515921501e-07	2.7354570801477713	0.023694759668764744	True	False
ordinal	EX_taur_e	47	0.0	16.909696464552507	16.909696464552507	True	3.1911474313182676e-08	3.726905987648939e-08	5.564167674617061e-09	3.2905189553704446e-10	True	True	6.335118721848489e-10	4.0926343944276315e-09	2.044340301418909e-09	1.2089751615024095e-10	True	True
ordinal	EX_tchola_e	47	0.0	1.442357719857035	1.442357719857035	True	6.981565659862137e-09	8.163469960381072e-09	1.2225866591203468e-09	8.476306829359421e-10	True	True	2.038469322931596e-10	8.691633555101904e-10	4.3333314323600973e-10	3.0043389186349784e-10	True	True
ordinal	EX_thr__L_e	47	-10.0	-1.0272564007096072	8.972743599290393	True	3.678554490387279e-06	1.440633220894938e-05	6.580159980451583e-06	7.333498285821934e-07	False	True	6.105271666473935e-08	3.267137140827714e-07	1.632424266873045e-07	1.819314514907285e-08	True	True
ordinal	EX_thym_e	47	0.0	12.751456104250083	12.751456104250083	True	1.3939285563818816e-08	1.526591220247092e-08	1.2399049976891917e-09	9.723634599470795e-11	True	True	2.7420954416683325e-10	1.5961322331902164e-09	7.972621202038246e-10	6.252322195095003e-11	True	True
ordinal	EX_thymd_e	47	0.0	9.041941601195715	9.041941601195715	True	8.9144978019536e-09	9.71770314758683e-09	7.554843841379892e-10	8.355333593816657e-11	True	True	1.7779838052261544e-10	1.0458515369576439e-09	5.224060518935574e-10	5.7775871039077926e-11	True	True
ordinal	EX_ump_e	47	0.0	6.071678091942417	6.071678091942417	True	7.033677927881781e-09	7.673531667630925e-09	6.091277911654018e-10	1.0032280729338421e-10	True	True	1.697678590111125e-10	8.176929300003372e-10	4.082194289857715e-10	6.723337812120014e-11	True	True
ordinal	EX_ura_e	47	0.0	16.576892935525386	16.576892935525386	True	2.059909727930135e-08	2.332564772748039e-08	2.267166253671172e-09	1.3676665841356095e-10	True	True	4.0342096318209214e-10	2.328704313294511e-09	1.1631737240550921e-09	7.016838008058395e-11	True	True
ordinal	EX_urate_e	47	0.0	9.751113491485452	9.751113491485452	True	8.39649558655218e-09	8.908161603826392e-09	5.968278230360793e-10	6.120612005564511e-11	True	True	1.757959162855139e-10	9.66322276648442e-10	4.825776252213981e-10	4.9489489138115223e-11	True	True
ordinal	EX_uri_e	47	0.0	10.811017131864261	10.811017131864261	True	1.0887128312648136e-08	1.1905780542289268e-08	9.042032408549836e-10	8.363720358836043e-11	True	True	2.1452264487870197e-10	1.2615442007746582e-09	6.30184627268898e-10	5.829096555693168e-11	True	True
ordinal	EX_val__L_e	47	-10.0	-1.158392649860927	8.841607350139073	True	3.0214079471349164e-06	9.682588045123453e-06	4.361895451943099e-06	4.933373852973112e-07	True	True	4.949240671193332e-08	3.5267979847652953e-07	1.7621986847515814e-07	1.9930750314577847e-08	True	True
ordinal	EX_xan_e	47	0.0	9.751113491485343	9.751113491485343	True	8.68886537458912e-09	9.237536143347486e-09	6.338713988082747e-10	6.5005027309114e-11	True	True	1.7336869540088584e-10	9.993675701411995e-10	4.990889825039432e-10	5.118276830023022e-11	True	True
