model_gene_id	entrez_id	measured
0		False
26_AT1	26	True
314_AT1	314	True
8639_AT1	8639	True
314_AT2	314	True
1591_AT1	1591	True
1594_AT1	1594	True
10993_AT1	10993	True
6818_AT1	6818	False
89874_AT1	89874	True
55293_AT1	55293	True
3945_AT1	3945	True
92483_AT1	92483	True
160287_AT1	160287	False
3948_AT2	3948	True
3948_AT1	3948	True
3939_AT1	3939	True
134526_AT1	134526	False
51_AT2	51	True
51_AT1	51	True
95_AT1	95	False
50_AT1	50	True
48_AT1	48	True
8309_AT1	8309	True
52_AT3	52	True
55_AT1	55	True
52_AT1	52	True
52_AT2	52	True
788_AT1	788	True
9194_AT1	9194	True
55902_AT1	55902	False
55902_AT2	55902	False
9123_AT1	9123	False
6566_AT1	6566	True
57835_AT2	57835	True
65985_AT1	65985	True
8671_AT1	8671	True
57835_AT3	57835	True
438_AT1	438	True
57835_AT4	57835	True
1571_AT1	1571	True
57835_AT1	57835	True
4967_AT2	4967	True
100_AT1	100	True
8050_AT1	8050	True
1738_AT1	1738	True
3177_AT1	3177	True
4967_AT1	4967	True
1743_AT1	1743	True
126_AT1	126	True
205_AT3	205	False
128_AT1	128	True
204_AT1	204	True
130_AT1	130	True
205_AT2	205	False
127_AT1	127	False
205_AT1	205	False
131_AT1	131	True
204_AT3	204	True
124_AT1	124	True
204_AT2	204	True
125_AT1	125	True
26289_AT2	26289	True
137872_AT1	137872	False
26289_AT1	26289	True
1312_AT2	1312	True
50808_AT1	50808	True
1312_AT1	1312	True
262_AT1	262	True
117247_AT1	117247	True
222_AT1	222	True
113_AT1	113	True
218_AT1	218	True
108_AT1	108	True
220_AT1	220	True
221_AT1	221	True
114_AT1	114	True
111_AT1	111	False
3242_AT1	3242	True
115_AT1	115	True
18_AT1	18	True
109_AT1	109	True
18_AT2	18	True
55811_AT1	55811	True
196883_AT1	196883	False
2531_AT1	2531	True
107_AT1	107	True
23498_AT1	23498	True
112_AT1	112	True
55268_AT1	55268	True
51166_AT2	51166	False
112_AT2	112	True
51166_AT1	51166	False
2030_AT1	2030	True
883_AT1	883	True
1644_AT1	1644	True
4129_AT1	4129	True
9154_AT2	9154	True
64078_AT1	64078	True
4128_AT1	4128	True
9153_AT1	9153	True
9154_AT1	9154	True
10165_AT1	10165	True
55315_AT1	55315	True
8604_AT1	8604	True
245972_AT1	245972	False
2572_AT1	2572	True
9114_AT1	9114	True
11164_AT1	11164	False
2571_AT2	2571	True
952_AT1	952	True
2571_AT1	2571	True
51380_AT1	51380	True
1375_AT1	1375	False
533_AT1	533	True
2805_AT1	2805	True
50617_AT3	50617	True
1374_AT1	1374	True
2806_AT1	2806	True
8659_AT1	8659	True
126129_AT1	126129	False
8659_AT2	8659	True
10312_AT1	10312	True
6817_AT2	6817	True
535_AT1	535	True
1375_AT2	1375	False
6817_AT1	6817	True
1375_AT4	1375	False
127124_AT2	127124	False
6818_AT3	6818	False
1375_AT3	1375	False
523_AT1	523	True
6817_AT4	6817	True
1376_AT1	1376	True
6799_AT2	6799	True
9060_AT1	9060	True
8992_AT1	8992	True
6817_AT5	6817	True
6818_AT2	6818	False
9061_AT1	9061	True
6817_AT3	6817	True
158_AT1	158	True
9550_AT1	9550	True
6799_AT1	6799	True
4363_AT1	4363	True
529_AT1	529	True
158_AT2	158	True
6822_AT1	6822	True
6573_AT2	6573	True
6573_AT1	6573	True
146712_AT1	146712	True
528_AT1	528	True
316_AT1	316	True
10678_AT2	10678	True
6571_AT1	6571	True
6570_AT1	6570	True
10331_AT1	10331	True
51382_AT1	51382	True
2348_AT4	2348	True
90423_AT1	90423	False
534_AT2	534	True
374907_AT1	374907	False
2352_AT1	2352	True
10678_AT1	10678	True
374907_AT2	374907	False
50617_AT2	50617	True
51606_AT1	51606	True
2348_AT5	2348	True
10312_AT2	10312	True
51606_AT3	51606	True
11041_AT1	11041	False
2348_AT3	2348	True
93010_AT1	93010	False
9296_AT1	9296	False
2348_AT1	2348	True
2348_AT6	2348	True
2348_AT2	2348	True
79369_AT1	79369	True
4125_AT1	4125	True
954_AT2	954	True
79814_AT1	79814	True
53947_AT1	53947	True
51146_AT1	51146	True
954_AT1	954	True
28_AT1	28	True
953_AT1	953	True
206358_AT1	206358	True
957_AT1	957	True
56895_AT1	56895	True
6540_AT1	6540	True
137964_AT1	137964	False
129642_AT1	129642	True
956_AT1	956	True
955_AT1	955	True
6539_AT1	6539	True
56894_AT1	56894	True
10555_AT1	10555	True
55326_AT1	55326	True
10554_AT1	10554	True
6529_AT1	6529	True
6538_AT1	6538	True
56894_AT2	56894	True
10449_AT1	10449	True
38_AT1	38	True
64850_AT1	64850	True
377841_AT1	377841	False
3032_AT1	3032	True
292_AT1	292	True
293_AT1	293	True
64902_AT1	64902	False
3030_AT1	3030	True
189_AT1	189	True
291_AT1	291	True
39_AT1	39	True
30_AT1	30	True
32_AT1	32	True
9197_AT1	9197	True
4126_AT1	4126	True
3073_AT1	3073	True
3074_AT1	3074	True
79611_AT1	79611	True
10606_AT1	10606	True
8706_AT1	8706	True
84532_AT1	84532	False
64841_AT1	64841	False
8706_AT3	8706	True
8706_AT4	8706	True
55577_AT1	55577	True
8706_AT2	8706	True
5238_AT1	5238	True
8705_AT1	8705	True
9487_AT1	9487	True
10317_AT1	10317	True
162417_AT1	162417	False
10317_AT3	10317	True
43_AT2	43	True
10317_AT5	10317	True
43_AT1	43	True
10317_AT4	10317	True
6572_AT1	6572	True
10317_AT2	10317	True
84002_AT1	84002	False
47_AT1	47	True
570_AT1	570	True
3141_AT1	3141	True
47_AT2	47	True
54187_AT1	54187	True
140679_AT1	140679	False
26503_AT1	26503	True
54_AT1	54	True
8424_AT1	8424	True
51205_AT1	51205	True
53630_AT1	53630	True
140838_AT1	140838	False
622_AT3	622	True
36_AT1	36	True
622_AT1	622	True
34_AT1	34	True
622_AT2	622	True
84129_AT1	84129	False
23743_AT1	23743	True
80724_AT1	80724	True
635_AT1	635	True
27034_AT1	27034	True
10599_AT1	10599	True
28976_AT1	28976	False
1244_AT1	1244	True
35_AT1	35	True
3712_AT1	3712	True
1607_AT1	1607	True
8714_AT1	8714	True
28234_AT1	28234	True
644_AT1	644	True
1468_AT1	1468	True
1607_AT2	1607	True
8402_AT1	8402	True
64849_AT1	64849	True
64849_AT2	64849	True
645_AT1	645	True
9488_AT1	9488	True
1610_AT1	1610	True
10380_AT1	10380	True
686_AT1	686	True
1645_AT1	1645	True
2745_AT1	2745	True
1109_AT1	1109	True
8884_AT1	8884	True
80704_AT1	80704	True
51022_AT1	51022	True
51733_AT1	51733	True
51022_AT2	51022	True
7108_AT1	7108	True
6718_AT1	6718	True
8528_AT2	8528	True
6510_AT1	6510	True
50814_AT1	50814	True
3295_AT1	3295	True
8528_AT1	8528	True
6307_AT1	6307	True
6509_AT1	6509	True
1632_AT1	1632	True
56301_AT1	56301	True
492_AT1	492	True
10455_AT1	10455	True
490_AT1	490	True
6520_AT1	6520	True
1633_AT1	1633	True
211_AT1	211	True
493_AT1	493	True
1638_AT1	1638	True
6319_AT1	6319	True
9415_AT1	9415	True
491_AT1	491	True
23464_AT1	23464	True
3992_AT1	3992	False
212_AT1	212	True
8694_AT1	8694	True
211_AT2	211	True
847_AT1	847	True
84649_AT1	84649	False
1716_AT4	1716	True
6546_AT1	6546	True
6547_AT1	6547	False
1716_AT5	1716	True
6547_AT4	6547	False
6547_AT5	6547	False
54407_AT1	54407	True
1716_AT2	1716	True
1716_AT1	1716	True
6541_AT1	6541	True
6543_AT1	6543	True
1716_AT3	1716	True
6547_AT3	6547	False
6515_AT1	6515	True
6547_AT6	6547	False
6547_AT2	6547	False
166785_AT1	166785	False
59272_AT1	59272	True
84889_AT1	84889	False
6517_AT1	6517	True
81539_AT1	81539	True
340024_AT1	340024	False
6513_AT1	6513	True
55089_AT1	55089	True
1718_AT1	1718	True
2538_AT1	2538	True
1581_AT1	1581	True
57818_AT1	57818	True
92579_AT1	92579	True
1373_AT2	1373	True
1373_AT1	1373	True
873_AT1	873	True
11254_AT1	11254	True
57393_AT1	57393	False
6542_AT1	6542	True
84706_AT1	84706	False
1717_AT1	1717	True
2875_AT1	2875	True
8560_AT2	8560	True
10423_AT2	10423	True
123099_AT1	123099	False
10423_AT1	10423	True
92745_AT1	92745	False
8560_AT1	8560	True
10991_AT1	10991	True
1040_AT1	1040	True
11309_AT1	11309	True
8760_AT1	8760	True
284273_AT2	284273	False
284273_AT1	284273	False
6783_AT1	6783	True
1723_AT1	1723	True
10327_AT1	10327	True
10327_AT2	10327	True
10390_AT1	10390	True
56994_AT1	56994	True
1807_AT1	1807	True
64781_AT1	64781	True
1809_AT1	1809	True
64781_AT2	64781	True
8854_AT3	8854	True
1808_AT1	1808	True
10087_AT1	10087	True
23539_AT1	23539	True
6565_AT1	6565	True
9023_AT1	9023	True
224_AT1	224	True
501_AT1	501	True
2224_AT1	2224	True
8854_AT1	8854	True
1103_AT1	1103	True
29958_AT1	29958	False
1103_AT4	1103	True
8854_AT2	8854	True
60386_AT1	60386	False
223_AT1	223	True
216_AT1	216	True
1103_AT2	1103	True
1103_AT3	1103	True
162466_AT1	162466	False
84920_AT1	84920	False
5130_AT1	5130	True
9468_AT1	9468	True
6579_AT1	6579	True
217_AT1	217	True
219_AT1	219	True
79087_AT1	79087	True
239_AT1	239	True
6555_AT1	6555	True
6554_AT1	6554	True
26002_AT1	26002	True
8714_AT2	8714	True
8714_AT3	8714	True
1621_AT1	1621	True
8647_AT1	8647	True
247_AT1	247	True
7299_AT1	7299	True
55349_AT1	55349	False
6530_AT1	6530	True
246_AT1	246	True
6531_AT1	6531	True
6581_AT1	6581	True
240_AT1	240	True
231_AT1	231	True
8574_AT1	8574	True
23600_AT1	23600	True
1119_AT2	1119	True
1119_AT1	1119	True
1120_AT1	1120	True
5224_AT2	5224	True
1120_AT2	1120	True
60482_AT1	60482	True
6582_AT2	6582	True
23600_AT2	23600	True
5224_AT1	5224	True
115286_AT1	115286	False
5223_AT1	5223	True
115286_AT2	115286	False
6584_AT1	6584	True
669_AT2	669	True
6582_AT1	6582	True
115286_AT3	115286	False
669_AT1	669	True
271_AT2	271	True
6820_AT1	6820	True
4597_AT1	4597	True
51071_AT1	51071	True
10948_AT1	10948	True
19_AT1	19	True
272_AT1	272	True
271_AT1	271	True
1806_AT1	1806	True
270_AT1	270	True
7083_AT1	7083	True
271_AT3	271	True
290_AT1	290	True
1118_AT1	1118	True
7084_AT1	7084	True
54682_AT1	54682	True
27159_AT1	27159	True
3704_AT1	3704	True
279_AT1	279	False
277_AT1	277	False
1854_AT1	1854	True
27159_AT2	27159	True
10682_AT1	10682	True
9058_AT1	9058	True
276_AT2	276	False
278_AT1	278	False
1892_AT1	1892	True
549_AT1	549	True
11136_AT1	11136	True
276_AT1	276	False
6519_AT1	6519	True
1962_AT1	1962	True
280_AT1	280	False
6576_AT1	6576	True
1891_AT1	1891	True
1160_AT1	1160	True
11001_AT1	11001	True
1159_AT1	1159	False
548596_AT1	548596	False
1152_AT1	1152	True
1158_AT1	1158	True
5172_AT1	5172	True
65010_AT3	65010	False
10998_AT1	10998	True
113451_AT1	113451	False
53919_AT1	53919	True
9057_AT1	9057	True
384_AT1	384	True
65010_AT1	65010	False
65010_AT2	65010	False
28231_AT1	28231	True
54675_AT1	54675	False
10257_AT1	10257	True
10559_AT1	10559	True
445_AT2	445	True
28232_AT1	28232	True
55907_AT1	55907	True
2108_AT1	2108	True
8034_AT1	8034	True
445_AT1	445	True
2109_AT1	2109	True
83884_AT1	83884	False
2109_AT2	2109	True
10166_AT1	10166	True
8824_AT1	8824	True
410_AT1	410	True
2110_AT1	2110	True
51805_AT1	51805	True
55500_AT1	55500	True
427_AT2	427	True
55224_AT1	55224	True
427_AT1	427	True
51004_AT1	51004	True
51086_AT1	51086	False
51004_AT2	51004	True
8790_AT1	8790	True
10229_AT1	10229	True
9962_AT2	9962	True
2181_AT1	2181	True
9245_AT1	9245	True
2650_AT1	2650	True
51301_AT1	51301	True
2182_AT1	2182	True
9963_AT2	9963	False
9963_AT1	9963	False
9962_AT1	9962	True
2180_AT1	2180	True
192134_AT1	192134	False
2181_AT2	2181	True
386757_AT1	386757	False
80150_AT1	80150	True
51703_AT1	51703	True
81616_AT1	81616	True
23305_AT1	23305	True
440_AT1	440	True
6535_AT1	6535	True
2182_AT2	2182	True
1384_AT1	1384	True
440_AT3	440	True
116285_AT1	116285	True
440_AT2	440	True
6583_AT1	6583	True
5167_AT1	5167	True
790_AT1	790	True
5169_AT1	5169	False
54898_AT1	54898	True
6511_AT1	6511	True
1431_AT2	1431	True
1431_AT1	1431	True
6785_AT1	6785	True
6505_AT1	6505	True
54677_AT1	54677	True
60481_AT1	60481	True
1384_AT2	1384	True
6507_AT1	6507	True
79071_AT1	79071	True
1384_AT3	1384	True
1579_AT1	1579	True
6512_AT1	6512	True
2194_AT1	2194	True
6506_AT1	6506	True
376497_AT2	376497	False
376497_AT1	376497	False
50617_AT1	50617	True
10999_AT1	10999	False
525_AT1	525	True
11000_AT1	11000	True
230_AT1	230	True
51606_AT2	51606	True
226_AT2	226	True
127124_AT1	127124	False
527_AT1	527	True
8140_AT1	8140	True
229_AT1	229	True
23545_AT1	23545	True
226_AT3	226	True
226_AT1	226	True
534_AT1	534	True
5207_AT1	5207	True
528_AT2	528	True
526_AT1	526	True
23428_AT2	23428	True
23428_AT1	23428	True
5208_AT1	5208	True
1036_AT1	1036	True
245973_AT1	245973	False
5210_AT1	5210	True
8789_AT1	8789	True
5209_AT1	5209	True
124935_AT1	124935	False
2203_AT1	2203	True
2235_AT1	2235	True
2235_AT2	2235	True
23657_AT1	23657	True
57379_AT1	57379	True
2629_AT4	2629	False
10840_AT1	10840	True
26301_AT1	26301	False
79901_AT1	79901	True
978_AT1	978	True
197258_AT1	197258	False
7371_AT1	7371	False
83549_AT1	83549	False
7915_AT2	7915	True
125061_AT1	125061	False
4329_AT1	4329	True
51727_AT1	51727	True
1719_AT1	1719	True
129607_AT1	129607	False
7915_AT1	7915	True
2356_AT1	2356	True
2731_AT1	2731	True
29988_AT1	29988	True
275_AT1	275	True
2653_AT1	2653	False
1609_AT1	1609	True
155184_AT1	155184	False
2651_AT1	2651	True
6514_AT1	6514	True
6518_AT1	6518	True
8525_AT3	8525	True
66035_AT1	66035	True
55343_AT1	55343	True
7264_AT1	7264	True
8525_AT1	8525	True
160428_AT1	160428	False
8836_AT1	8836	True
4522_AT1	4522	True
8525_AT2	8525	True
25902_AT1	25902	False
1608_AT1	1608	True
79017_AT1	79017	True
2519_AT1	2519	False
2997_AT1	2997	True
160851_AT2	160851	True
2517_AT1	2517	True
9162_AT1	9162	True
2184_AT1	2184	True
8527_AT2	8527	True
8908_AT1	8908	True
2271_AT1	2271	True
2992_AT1	2992	True
160851_AT1	160851	True
2523_AT1	2523	True
8526_AT1	8526	True
2998_AT1	2998	True
2525_AT1	2525	True
2687_AT1	2687	True
6470_AT1	6470	True
8527_AT1	8527	True
1606_AT1	1606	True
6472_AT1	6472	True
10690_AT1	10690	True
6470_AT2	6470	True
9334_AT1	9334	True
8704_AT1	8704	True
2717_AT1	2717	True
8704_AT2	8704	True
8703_AT1	8703	True
2632_AT1	2632	True
2683_AT1	2683	True
2820_AT1	2820	True
5832_AT1	5832	True
2990_AT1	2990	True
9563_AT1	9563	True
8372_AT1	8372	True
3290_AT1	3290	True
2539_AT1	2539	True
3291_AT1	3291	True
3292_AT1	3292	True
26035_AT1	26035	True
2542_AT1	2542	True
2593_AT2	2593	True
54480_AT1	54480	True
2132_AT1	2132	True
7923_AT1	7923	True
3294_AT1	3294	True
2132_AT2	2132	True
2593_AT1	2593	True
2131_AT1	2131	True
51478_AT1	51478	True
9514_AT1	9514	True
3283_AT1	3283	True
2720_AT1	2720	False
3284_AT1	3284	True
27087_AT2	27087	True
4758_AT1	4758	True
27087_AT1	27087	True
80270_AT1	80270	False
57026_AT1	57026	False
5476_AT1	5476	True
135152_AT1	135152	False
2588_AT1	2588	True
26229_AT1	26229	True
2581_AT1	2581	True
4669_AT1	4669	True
3421_AT1	3421	True
2583_AT1	2583	True
55454_AT1	55454	True
3420_AT2	3420	True
3420_AT3	3420	True
3340_AT1	3340	True
8509_AT1	8509	True
9348_AT1	9348	True
55790_AT1	55790	True
64579_AT1	64579	True
3419_AT1	3419	True
3420_AT1	3420	True
79586_AT1	79586	True
3421_AT2	3421	True
3417_AT1	3417	True
2137_AT1	2137	True
3418_AT1	3418	True
22856_AT1	22856	True
337876_AT1	337876	False
7173_AT2	7173	True
7173_AT5	7173	True
2135_AT1	2135	True
2134_AT1	2134	True
55568_AT1	55568	True
56606_AT1	56606	True
7173_AT3	7173	True
55568_AT2	55568	True
7173_AT4	7173	True
7173_AT1	7173	True
56606_AT2	56606	True
2590_AT1	2590	True
154091_AT1	154091	False
3425_AT1	3425	True
2591_AT1	2591	True
144195_AT1	144195	False
11182_AT1	11182	True
114805_AT1	114805	False
6523_AT1	6523	True
587_AT1	587	True
8693_AT1	8693	False
63917_AT1	63917	True
50614_AT1	50614	False
8501_AT1	8501	True
2589_AT1	2589	True
178_AT3	178	True
51809_AT1	51809	True
178_AT6	178	True
178_AT2	178	True
55586_AT1	55586	False
114134_AT1	114134	False
117248_AT1	117248	False
11227_AT1	11227	False
6526_AT1	6526	True
178_AT4	178	True
11226_AT1	11226	True
79695_AT1	79695	True
79623_AT1	79623	True
178_AT1	178	True
3422_AT1	3422	True
91734_AT1	91734	False
26290_AT1	26290	True
81031_AT1	81031	True
178_AT5	178	True
126792_AT1	126792	False
5837_AT1	5837	True
5836_AT1	5836	True
5834_AT1	5834	True
160728_AT1	160728	False
8801_AT1	8801	True
11285_AT1	11285	True
8802_AT1	8802	True
2729_AT1	2729	True
8972_AT1	8972	True
2618_AT1	2618	True
2730_AT1	2730	True
8803_AT1	8803	True
10723_AT1	10723	True
2618_AT2	2618	True
9990_AT1	9990	True
2746_AT1	2746	True
175_AT1	175	True
2629_AT1	2629	False
6560_AT1	6560	True
2629_AT2	2629	False
2747_AT1	2747	True
2629_AT3	2629	False
2629_AT5	2629	False
5019_AT1	5019	True
10841_AT1	10841	True
10841_AT2	10841	True
57468_AT1	57468	True
3795_AT1	3795	True
3795_AT2	3795	True
1629_AT1	1629	True
84679_AT1	84679	True
23315_AT1	23315	True
27165_AT2	27165	True
594_AT1	594	True
2744_AT1	2744	True
27165_AT1	27165	True
8564_AT1	8564	True
3938_AT1	3938	True
593_AT1	593	True
594_AT2	594	True
26873_AT1	26873	True
79751_AT1	79751	True
83733_AT1	83733	False
4942_AT1	4942	True
2639_AT1	2639	True
53_AT1	53	True
3931_AT1	3931	True
7372_AT1	7372	True
2639_AT2	2639	True
57084_AT1	57084	True
1811_AT1	1811	True
246213_AT1	246213	False
57030_AT1	57030	True
387775_AT1	387775	False
10861_AT3	10861	True
10861_AT2	10861	True
1836_AT1	1836	True
124637_AT1	124637	False
51179_AT1	51179	True
51179_AT2	51179	True
10861_AT1	10861	True
54363_AT1	54363	True
366_AT1	366	True
1583_AT1	1583	True
2628_AT1	2628	True
1584_AT1	1584	True
1585_AT1	1585	True
11283_AT1	11283	True
9380_AT1	9380	True
1586_AT1	1586	True
2713_AT1	2713	True
4047_AT1	4047	True
1588_AT2	1588	True
29124_AT1	29124	True
1588_AT1	1588	True
5321_AT1	5321	True
2710_AT2	2710	True
1576_AT1	1576	True
2710_AT1	2710	True
2712_AT1	2712	True
1178_AT1	1178	True
51268_AT1	51268	True
1056_AT1	1056	True
3029_AT1	3029	True
6536_AT1	6536	True
6536_AT2	6536	True
1589_AT1	1589	False
1593_AT1	1593	True
3990_AT1	3990	True
1548_AT1	1548	True
80339_AT1	80339	True
4023_AT1	4023	True
5226_AT1	5226	True
1553_AT1	1553	True
11343_AT1	11343	True
1562_AT1	1562	True
11343_AT2	11343	True
27232_AT1	27232	True
1558_AT2	1558	True
57678_AT1	57678	False
1558_AT1	1558	True
50487_AT1	50487	True
284098_AT1	284098	False
1559_AT1	1559	True
80055_AT1	80055	True
93183_AT1	93183	False
9227_AT1	9227	False
1565_AT1	1565	True
54965_AT1	54965	False
1572_AT1	1572	True
51302_AT1	51302	True
2936_AT1	2936	True
6309_AT1	6309	True
64816_AT3	64816	True
64816_AT1	64816	True
4048_AT1	4048	False
64816_AT2	64816	True
1577_AT1	1577	True
4056_AT1	4056	True
5052_AT1	5052	True
7001_AT3	7001	True
1551_AT1	1551	False
7001_AT1	7001	True
4259_AT1	4259	True
10858_AT1	10858	True
4056_AT2	4056	True
2876_AT1	2876	True
66002_AT1	66002	True
5052_AT3	5052	True
7001_AT2	7001	True
8529_AT1	8529	True
2879_AT1	2879	True
4258_AT1	4258	True
4051_AT1	4051	True
2876_AT2	2876	True
9420_AT1	9420	True
5052_AT2	5052	True
1582_AT1	1582	False
2877_AT1	2877	True
5831_AT1	5831	True
2878_AT1	2878	True
2954_AT3	2954	True
5831_AT2	5831	True
2954_AT1	2954	True
257202_AT1	257202	False
2882_AT1	2882	True
2954_AT2	2954	True
5048_AT1	5048	True
2548_AT1	2548	True
10935_AT1	10935	True
10935_AT2	10935	True
5051_AT1	5051	True
5050_AT1	5050	True
2937_AT1	2937	True
5049_AT1	5049	True
64087_AT1	64087	True
7941_AT1	7941	True
56922_AT1	56922	True
23417_AT1	23417	True
2678_AT3	2678	False
347734_AT1	347734	False
57194_AT1	57194	True
2678_AT2	2678	False
5337_AT1	5337	True
2678_AT1	2678	False
4357_AT1	4357	True
5338_AT1	5338	True
2679_AT1	2679	False
4190_AT1	4190	True
130013_AT1	130013	False
4191_AT1	4191	True
4200_AT1	4200	True
4881_AT1	4881	True
5091_AT2	5091	True
4882_AT1	4882	True
2984_AT1	2984	True
2974_AT1	2974	True
2982_AT1	2982	True
2986_AT1	2986	True
4199_AT1	4199	True
10873_AT1	10873	True
3620_AT1	3620	True
2983_AT1	2983	True
5091_AT1	5091	True
3000_AT1	3000	True
1557_AT1	1557	True
1545_AT1	1545	True
4882_AT2	4882	True
5244_AT2	5244	True
2977_AT1	2977	True
1543_AT1	1543	True
5244_AT3	5244	True
1544_AT1	1544	True
9615_AT1	9615	False
4144_AT1	4144	True
5244_AT1	5244	True
4143_AT1	4143	True
5150_AT1	5150	False
27430_AT1	27430	True
27430_AT2	27430	True
4548_AT1	4548	True
763_AT1	763	True
5143_AT1	5143	False
11238_AT1	11238	True
4598_AT1	4598	True
5137_AT1	5137	True
3636_AT1	3636	True
5151_AT1	5151	True
23556_AT1	23556	True
5151_AT4	5151	True
23556_AT2	23556	True
55650_AT1	55650	True
3635_AT1	3635	True
5150_AT2	5150	False
3633_AT1	3633	True
8867_AT2	8867	True
5140_AT2	5140	True
27124_AT1	27124	True
53905_AT1	53905	True
5151_AT3	5151	True
50506_AT1	50506	True
53905_AT2	53905	True
5142_AT1	5142	True
343_AT1	343	True
5281_AT2	5281	True
27124_AT2	27124	True
8867_AT1	8867	True
3632_AT1	3632	True
10846_AT1	10846	True
84720_AT2	84720	True
5281_AT1	5281	True
5151_AT2	5151	True
84720_AT1	84720	True
56623_AT1	56623	True
5141_AT1	5141	True
8622_AT1	8622	True
3628_AT1	3628	True
3707_AT1	3707	True
54872_AT1	54872	True
80235_AT1	80235	True
5144_AT1	5144	True
3706_AT1	3706	True
5153_AT1	5153	True
80271_AT1	80271	True
94005_AT1	94005	False
27115_AT1	27115	True
128869_AT1	128869	False
51477_AT1	51477	True
5151_AT5	5151	True
5140_AT1	5140	True
10026_AT1	10026	True
5138_AT1	5138	True
51604_AT1	51604	True
3631_AT2	3631	True
5139_AT1	5139	True
8821_AT1	8821	True
3631_AT1	3631	True
50940_AT1	50940	True
2595_AT1	2595	False
84693_AT1	84693	False
8733_AT1	8733	True
5136_AT1	5136	True
4594_AT1	4594	True
5136_AT2	5136	True
3028_AT1	3028	True
5152_AT14	5152	True
3033_AT1	3033	True
3037_AT1	3037	True
80168_AT1	80168	True
116255_AT1	116255	False
5146_AT1	5146	True
4507_AT1	4507	True
3038_AT1	3038	False
3038_AT2	3038	False
5152_AT10	5152	True
3036_AT1	3036	True
27235_AT1	27235	True
5152_AT12	5152	True
6521_AT1	6521	True
83697_AT1	83697	False
10797_AT1	10797	True
56913_AT1	56913	True
5152_AT15	5152	True
443_AT1	443	True
5152_AT4	5152	True
91703_AT1	91703	False
5152_AT3	5152	True
6522_AT1	6522	True
6508_AT1	6508	True
5145_AT1	5145	True
6508_AT2	6508	True
5152_AT5	5152	True
4668_AT1	4668	True
9498_AT1	9498	True
57282_AT1	57282	True
6528_AT1	6528	True
3098_AT5	3098	True
80201_AT1	80201	True
3098_AT2	3098	True
5152_AT17	5152	True
3098_AT4	3098	True
5152_AT18	5152	True
8654_AT1	8654	True
2645_AT1	2645	True
8654_AT3	8654	True
2645_AT3	2645	True
483_AT1	483	True
5152_AT16	5152	True
3101_AT1	3101	True
5149_AT1	5149	True
3098_AT3	3098	True
478_AT1	478	False
8654_AT2	8654	True
480_AT1	480	False
481_AT1	481	True
3098_AT1	3098	True
2645_AT2	2645	True
3099_AT1	3099	True
5147_AT1	5147	True
482_AT1	482	True
476_AT1	476	True
5152_AT6	5152	True
477_AT1	477	True
5152_AT19	5152	True
23439_AT1	23439	True
3081_AT1	3081	True
11112_AT1	11112	False
5152_AT13	5152	True
3067_AT1	3067	True
6549_AT1	6549	True
5152_AT2	5152	True
6550_AT1	6550	True
5148_AT1	5148	True
5152_AT11	5152	True
496_AT1	496	True
6548_AT1	6548	True
5152_AT7	5152	True
495_AT1	495	True
55748_AT1	55748	True
5158_AT1	5158	True
84735_AT1	84735	False
5152_AT20	5152	True
6559_AT1	6559	True
8942_AT1	8942	True
5152_AT1	5152	True
5162_AT1	5162	True
3157_AT2	3157	True
5161_AT1	5161	True
3157_AT1	3157	True
123041_AT2	123041	False
1737_AT1	1737	True
123041_AT3	123041	False
3158_AT1	3158	True
5160_AT1	5160	True
123041_AT1	123041	False
55163_AT1	55163	True
25769_AT1	25769	True
54511_AT1	54511	False
10396_AT1	10396	True
57419_AT1	57419	True
9187_AT1	9187	True
5105_AT1	5105	True
124583_AT1	124583	True
3155_AT1	3155	True
5106_AT1	5106	True
3162_AT1	3162	True
3163_AT1	3163	True
79077_AT1	79077	True
8310_AT1	8310	True
9583_AT1	9583	True
26062_AT1	26062	False
197257_AT1	197257	False
5833_AT1	5833	True
197257_AT2	197257	False
1841_AT1	1841	True
10400_AT3	10400	True
6448_AT1	6448	True
10400_AT2	10400	True
3290_AT2	3290	True
10400_AT1	10400	True
29922_AT1	29922	True
26227_AT1	26227	True
10201_AT1	10201	True
5730_AT1	5730	True
4830_AT2	4830	True
27306_AT1	27306	True
80142_AT1	80142	True
4831_AT1	4831	False
80142_AT2	80142	True
29922_AT2	29922	True
80142_AT3	80142	True
4832_AT1	4832	True
4830_AT1	4830	True
200576_AT2	200576	True
8396_AT2	8396	True
9536_AT2	9536	True
80142_AT4	80142	True
4833_AT1	4833	True
9536_AT1	9536	True
6005_AT1	6005	True
79837_AT1	79837	True
5740_AT1	5740	True
5289_AT1	5289	True
57127_AT1	57127	True
6557_AT1	6557	True
5277_AT2	5277	True
114971_AT1	114971	False
6558_AT1	6558	True
349565_AT1	349565	False
9489_AT1	9489	True
64802_AT1	64802	False
23057_AT2	23057	True
8818_AT1	8818	True
5743_AT1	5743	True
23057_AT1	23057	True
5742_AT1	5742	True
10135_AT1	10135	True
6898_AT1	6898	True
5053_AT1	5053	False
5283_AT1	5283	True
5264_AT1	5264	True
8818_AT2	8818	True
5277_AT3	5277	True
4837_AT1	4837	False
5409_AT1	5409	True
5728_AT1	5728	True
645740_AT1	645740	False
8871_AT1	8871	True
5277_AT1	5277	True
51227_AT2	51227	True
8395_AT1	8395	True
9091_AT2	9091	True
4842_AT1	4842	True
23396_AT1	23396	True
4843_AT2	4843	True
5279_AT2	5279	True
9091_AT1	9091	True
8394_AT1	8394	True
51227_AT1	51227	True
4843_AT1	4843	True
55361_AT1	55361	True
201288_AT1	201288	False
4846_AT1	4846	True
5297_AT1	5297	True
4860_AT1	4860	True
51227_AT3	51227	True
5298_AT1	5298	True
5279_AT1	5279	True
5294_AT1	5294	True
123745_AT1	123745	False
5290_AT1	5290	True
6580_AT1	6580	True
5295_AT3	5295	True
10870_AT1	10870	False
5295_AT1	5295	True
55808_AT1	55808	False
5251_AT1	5251	True
5320_AT1	5320	True
8503_AT1	8503	True
30833_AT1	30833	True
81579_AT1	81579	True
5295_AT2	5295	True
56953_AT1	56953	True
23533_AT1	23533	True
8398_AT2	8398	True
5296_AT1	5296	True
5322_AT1	5322	True
4907_AT1	4907	True
5291_AT1	5291	True
3704_AT2	3704	True
5293_AT1	5293	True
6476_AT1	6476	True
5009_AT1	5009	True
8398_AT1	8398	True
4952_AT2	4952	True
64600_AT1	64600	True
4952_AT1	4952	True
64064_AT1	64064	True
23236_AT1	23236	True
100137049_AT1	100137049	False
23236_AT2	23236	True
30814_AT1	30814	True
26279_AT1	26279	True
5335_AT2	5335	True
8399_AT1	8399	False
5332_AT1	5332	True
257068_AT1	257068	False
5319_AT1	5319	True
6489_AT1	6489	True
5336_AT1	5336	True
23007_AT1	23007	True
29906_AT1	29906	True
5334_AT1	5334	True
10654_AT1	10654	True
9651_AT1	9651	True
9807_AT2	9807	True
412_AT1	412	True
51196_AT1	51196	True
117283_AT1	117283	False
5331_AT1	5331	True
9807_AT1	9807	True
84812_AT1	84812	False
5330_AT1	5330	True
6391_AT1	6391	True
113026_AT1	113026	False
6392_AT1	6392	True
6390_AT1	6390	True
51447_AT2	51447	True
5333_AT1	5333	True
51447_AT1	51447	True
51447_AT6	51447	True
6389_AT1	6389	True
6821_AT1	6821	True
89869_AT1	89869	False
51447_AT5	51447	True
5335_AT1	5335	True
51447_AT4	51447	True
6533_AT1	6533	True
5332_AT2	5332	True
51447_AT3	51447	True
5288_AT1	5288	True
55350_AT3	55350	True
5092_AT1	5092	True
5092_AT2	5092	True
5287_AT1	5287	True
23530_AT2	23530	True
5286_AT1	5286	True
8396_AT1	8396	True
23530_AT1	23530	True
8876_AT1	8876	True
200576_AT3	200576	True
200576_AT1	200576	True
55350_AT1	55350	True
79178_AT1	79178	True
5305_AT1	5305	True
8875_AT1	8875	True
64499_AT1	64499	True
55350_AT2	55350	True
8875_AT2	8875	True
6567_AT1	6567	True
7177_AT1	7177	True
1890_AT1	1890	True
27068_AT2	27068	True
1636_AT1	1636	True
27068_AT3	27068	True
9365_AT1	9365	True
9331_AT1	9331	True
27068_AT1	27068	True
55217_AT1	55217	True
7368_AT1	7368	True
7296_AT2	7296	True
27068_AT4	27068	True
8613_AT1	8613	True
5315_AT1	5315	True
8611_AT1	8611	True
8611_AT2	8611	True
7296_AT1	7296	True
7296_AT4	7296	True
7296_AT3	7296	True
26063_AT1	26063	True
8612_AT1	8612	True
1666_AT1	1666	True
874_AT1	874	True
5498_AT1	5498	True
11181_AT1	11181	True
10901_AT1	10901	False
126410_AT1	126410	False
80162_AT1	80162	True
7166_AT1	7166	True
8288_AT1	8288	True
2053_AT1	2053	True
9588_AT1	9588	True
121278_AT1	121278	False
8897_AT3	8897	True
4353_AT1	4353	True
8898_AT1	8898	True
6820_AT2	6820	True
8897_AT2	8897	True
169355_AT1	169355	False
8897_AT1	8897	True
6999_AT1	6999	True
2880_AT1	2880	True
5625_AT1	5625	False
9152_AT1	9152	True
6578_AT1	6578	True
6561_AT1	6561	True
9497_AT1	9497	True
115584_AT1	115584	False
6575_AT1	6575	True
6916_AT1	6916	True
23761_AT1	23761	False
6574_AT1	6574	True
7054_AT2	7054	True
142680_AT1	142680	False
7054_AT1	7054	True
9791_AT1	9791	True
6534_AT1	6534	True
81490_AT1	81490	True
10005_AT3	10005	True
7054_AT3	7054	True
3293_AT1	3293	True
1622_AT1	1622	True
225_AT1	225	True
7306_AT1	7306	True
10005_AT1	10005	True
10965_AT1	10965	False
28965_AT1	28965	True
10005_AT2	10005	True
122970_AT1	122970	False
10020_AT1	10020	True
23205_AT1	23205	True
5805_AT1	5805	True
26061_AT1	26061	False
112483_AT1	112483	False
6303_AT1	6303	True
29880_AT1	29880	True
54716_AT1	54716	True
7355_AT1	7355	True
6564_AT1	6564	True
8566_AT1	8566	True
113235_AT1	113235	False
151531_AT1	151531	False
1200_AT1	1200	True
2168_AT1	2168	True
7358_AT1	7358	True
23169_AT1	23169	True
51056_AT1	51056	True
7378_AT2	7378	True
9390_AT1	9390	True
7378_AT1	7378	True
80146_AT1	80146	True
5184_AT1	5184	True
4891_AT1	4891	True
5168_AT1	5168	True
2944_AT2	2944	True
30061_AT1	30061	False
2944_AT1	2944	True
84912_AT1	84912	False
248_AT1	248	True
64080_AT1	64080	True
4524_AT1	4524	True
3906_AT1	3906	True
65263_AT1	65263	True
8608_AT1	8608	True
25796_AT1	25796	True
5959_AT1	5959	False
7357_AT1	7357	True
28982_AT1	28982	False
6120_AT2	6120	True
11046_AT1	11046	True
54576_AT1	54576	False
54575_AT1	54575	False
51109_AT1	51109	True
6120_AT1	6120	True
157506_AT1	157506	False
54578_AT1	54578	False
54579_AT1	54579	False
10864_AT1	10864	True
9356_AT1	9356	True
54657_AT1	54657	False
195814_AT1	195814	False
9376_AT1	9376	True
112724_AT1	112724	False
50700_AT1	50700	True
54658_AT1	54658	False
348932_AT1	348932	False
54659_AT1	54659	False
54577_AT1	54577	False
57665_AT1	57665	False
120103_AT1	120103	False
1080_AT1	1080	True
85320_AT1	85320	False
145226_AT1	145226	False
54600_AT1	54600	False
222962_AT1	222962	False
8228_AT1	8228	True
113278_AT1	113278	False
10351_AT1	10351	True
54981_AT1	54981	True
7364_AT1	7364	False
9429_AT1	9429	True
7367_AT1	7367	True
55867_AT1	55867	True
54490_AT1	54490	True
364_AT1	364	False
7366_AT1	7366	True
6482_AT2	6482	True
360_AT1	360	True
6484_AT1	6484	True
6482_AT1	6482	True
7363_AT1	7363	True
89872_AT1	89872	False
7365_AT1	7365	False
6483_AT1	6483	True
21_AT1	21	True
10720_AT1	10720	False
24_AT1	24	True
54963_AT1	54963	True
10057_AT2	10057	True
125206_AT1	125206	False
7498_AT1	7498	True
10090_AT1	10090	True
200010_AT1	200010	False
9653_AT1	9653	True
9942_AT1	9942	True
6524_AT1	6524	True
159963_AT1	159963	True
64131_AT1	64131	True
55065_AT1	55065	True
64132_AT1	64132	True
3423_AT2	3423	True
79581_AT1	79581	True
3423_AT1	3423	True
10060_AT1	10060	True
9957_AT1	9957	True
51181_AT1	51181	True
6833_AT1	6833	True
9951_AT1	9951	False
3764_AT1	3764	True
222537_AT1	222537	False
64077_AT1	64077	True
3767_AT1	3767	False
5464_AT1	5464	True
64220_AT1	64220	True
10724_AT1	10724	True
5950_AT1	5950	True
1356_AT1	1356	True
2495_AT1	2495	True
9956_AT1	9956	True
5947_AT1	5947	True
9955_AT1	9955	True
2512_AT1	2512	True
94033_AT1	94033	False
5948_AT1	5948	False
29881_AT1	29881	True
1727_AT1	1727	True
9953_AT1	9953	True
64711_AT1	64711	False
949_AT1	949	True
2350_AT1	2350	True
55501_AT1	55501	True
51706_AT1	51706	True
3248_AT1	3248	True
51700_AT1	51700	True
166929_AT1	166929	False
10587_AT1	10587	True
166012_AT1	166012	False
113189_AT1	113189	False
56261_AT1	56261	False
50515_AT1	50515	True
80347_AT1	80347	True
3658_AT1	3658	True
93034_AT1	93034	False
84618_AT1	84618	False
411_AT2	411	True
203_AT1	203	True
411_AT1	411	True
22978_AT1	22978	True
122481_AT1	122481	False
100526794_AT1	100526794	False
159_AT1	159	True
51251_AT1	51251	False
23563_AT2	23563	True
122622_AT2	122622	False
122622_AT1	122622	False
10164_AT1	10164	True
353_AT1	353	True
11212_AT1	11212	True
3251_AT1	3251	True
383_AT1	383	True
9435_AT1	9435	True
23563_AT1	23563	True
1371_AT1	1371	True
4166_AT1	4166	False
56954_AT1	56954	True
1503_AT1	1503	True
9469_AT1	9469	True
56474_AT1	56474	True
8534_AT1	8534	True
1491_AT2	1491	True
5313_AT1	5313	True
92086_AT1	92086	True
2987_AT1	2987	True
56548_AT1	56548	True
5860_AT1	5860	True
9394_AT1	9394	True
728441_AT1	728441	False
124975_AT1	124975	False
9453_AT1	9453	True
2686_AT1	2686	False
2023_AT1	2023	True
2027_AT2	2027	True
90161_AT2	90161	False
2027_AT1	2027	True
91227_AT1	91227	True
2026_AT1	2026	True
102724197_AT1	102724197	False
90161_AT1	90161	False
266722_AT1	266722	False
9843_AT1	9843	True
2799_AT1	2799	True
80308_AT1	80308	True
10157_AT1	10157	True
118881_AT1	118881	False
5211_AT1	5211	True
80308_AT2	80308	True
1491_AT1	1491	True
7360_AT1	7360	True
7360_AT2	7360	True
2819_AT1	2819	True
3176_AT1	3176	True
26330_AT1	26330	True
1757_AT1	1757	True
81537_AT1	81537	True
2597_AT1	2597	True
29926_AT1	29926	True
2673_AT1	2673	True
9945_AT1	9945	True
6652_AT1	6652	True
29925_AT1	29925	False
51557_AT1	51557	True
875_AT1	875	True
6342_AT1	6342	True
2752_AT1	2752	True
102724560_AT1	102724560	False
1800_AT1	1800	True
249_AT1	249	True
9056_AT1	9056	True
2762_AT1	2762	True
10558_AT1	10558	True
2643_AT1	2643	True
22934_AT1	22934	True
761_AT1	761	True
51292_AT1	51292	True
55304_AT1	55304	True
766_AT2	766	True
9517_AT1	9517	True
2098_AT1	2098	True
8879_AT1	8879	True
2766_AT1	2766	True
771_AT2	771	True
4284_AT1	4284	True
57571_AT1	57571	False
8869_AT1	8869	True
362_AT1	362	True
358_AT1	358	True
8833_AT1	8833	True
641371_AT1	641371	False
361_AT1	361	True
5538_AT1	5538	True
56848_AT1	56848	True
359_AT1	359	True
8877_AT1	8877	True
3145_AT1	3145	True
9374_AT1	9374	False
11332_AT1	11332	True
586_AT1	586	True
55825_AT1	55825	True
130752_AT1	130752	False
51102_AT1	51102	True
3615_AT1	3615	True
3614_AT1	3614	True
37_AT1	37	True
55512_AT2	55512	True
3614_AT2	3614	True
55627_AT1	55627	False
33_AT1	33	True
682_AT1	682	True
132158_AT1	132158	False
55512_AT1	55512	True
29926_AT2	29926	True
339221_AT1	339221	False
29925_AT2	29925	False
6609_AT1	6609	True
641649_AT1	641649	False
4351_AT1	4351	True
23475_AT1	23475	True
6610_AT1	6610	True
100287639_AT1	100287639	False
259230_AT1	259230	True
93100_AT1	93100	False
441024_AT1	441024	True
50484_AT1	50484	False
65220_AT1	65220	True
6241_AT1	6241	True
116369_AT2	116369	False
115111_AT2	115111	False
389015_AT1	389015	False
115111_AT1	115111	False
6240_AT1	6240	True
6553_AT1	6553	True
3156_AT1	3156	True
284129_AT1	284129	False
2821_AT1	2821	True
115019_AT2	115019	False
5230_AT1	5230	True
79966_AT1	79966	True
5232_AT1	5232	True
375056_AT1	375056	True
10588_AT1	10588	False
115019_AT1	115019	False
116369_AT1	116369	False
5236_AT1	5236	True
26266_AT1	26266	True
84890_AT1	84890	True
55276_AT1	55276	False
6646_AT1	6646	True
5372_AT1	5372	True
6649_AT1	6649	True
55229_AT1	55229	True
5373_AT1	5373	True
79646_AT1	79646	True
80025_AT3	80025	True
53354_AT1	53354	False
80025_AT1	80025	True
6648_AT1	6648	False
6647_AT1	6647	True
53354_AT2	53354	False
80025_AT2	80025	True
6697_AT1	6697	True
53354_AT3	53354	False
6611_AT1	6611	True
83594_AT1	83594	False
80025_AT4	80025	True
7263_AT1	7263	True
26275_AT1	26275	True
6723_AT1	6723	True
6713_AT1	6713	True
2222_AT1	2222	True
210_AT2	210	True
29920_AT1	29920	False
210_AT1	210	True
6715_AT1	6715	True
60490_AT1	60490	True
6716_AT1	6716	True
79717_AT1	79717	True
15_AT1	15	True
7389_AT1	7389	True
58510_AT1	58510	True
1595_AT1	1595	False
130367_AT1	130367	False
6532_AT1	6532	True
153201_AT1	153201	False
10478_AT1	10478	True
221823_AT1	221823	True
23443_AT1	23443	True
5634_AT1	5634	True
64240_AT1	64240	True
6487_AT11	6487	False
221823_AT2	221823	True
5631_AT1	5631	True
29968_AT2	29968	True
6487_AT6	6487	False
64241_AT1	64241	False
29968_AT1	29968	True
284111_AT1	284111	False
6487_AT2	6487	False
8781_AT1	8781	False
6487_AT1	6487	False
6487_AT7	6487	False
8435_AT1	8435	True
5723_AT1	5723	True
3988_AT1	3988	True
6487_AT5	6487	False
55312_AT1	55312	True
6888_AT1	6888	True
6487_AT10	6487	False
79896_AT1	79896	True
6487_AT8	6487	False
771_AT1	771	True
8277_AT1	8277	True
768_AT1	768	True
6487_AT4	6487	False
84076_AT1	84076	False
6487_AT9	6487	False
762_AT1	762	True
765_AT1	765	True
7086_AT1	7086	True
6487_AT3	6487	False
10402_AT1	10402	True
27010_AT1	27010	True
286016_AT1	286016	False
10610_AT1	10610	True
23632_AT1	23632	True
7167_AT1	7167	True
760_AT1	760	True
256435_AT1	256435	False
2582_AT2	2582	True
30815_AT1	30815	False
81849_AT1	81849	True
766_AT1	766	True
767_AT1	767	True
2582_AT1	2582	True
759_AT1	759	True
91373_AT1	91373	True
377677_AT1	377677	False
10057_AT1	10057	True
31_AT4	31	True
6675_AT1	6675	True
6556_AT1	6556	True
7390_AT1	7390	True
31_AT2	31	True
6563_AT1	6563	True
31_AT3	31	True
8170_AT1	8170	False
31_AT1	31	True
6568_AT1	6568	True
374569_AT1	374569	False
7779_AT1	7779	True
54020_AT1	54020	True
31_AT5	31	True
100507855_AT1	100507855	False
285440_AT1	285440	False
93034_AT2	93034	False
55191_AT1	55191	True
132_AT1	132	True
132_AT2	132	True
97_AT2	97	True
98_AT1	98	False
112611_AT1	112611	True
97_AT1	97	True
51005_AT1	51005	False
471_AT1	471	True
435_AT1	435	True
171425_AT2	171425	False
171425_AT1	171425	False
132789_AT1	132789	False
10007_AT1	10007	True
2585_AT1	2585	True
2585_AT2	2585	True
2584_AT1	2584	True
2592_AT2	2592	True
2592_AT1	2592	True
2592_AT3	2592	True
5471_AT1	5471	True
84264_AT1	84264	False
84264_AT2	84264	False
3034_AT1	3034	True
144193_AT1	144193	False
2739_AT1	2739	True
8776_AT1	8776	True
3612_AT1	3612	True
3613_AT1	3613	True
2978_AT1	2978	True
4953_AT1	4953	True
5213_AT1	5213	True
5214_AT1	5214	True
5211_AT2	5211	True
10050_AT1	10050	True
10786_AT1	10786	True
10246_AT1	10246	True
6569_AT1	6569	True
10568_AT1	10568	True
5198_AT1	5198	True
5315_AT3	5315	True
5313_AT2	5313	True
5315_AT2	5315	True
113675_AT1	113675	False
7298_AT1	7298	True
215_AT1	215	True
5825_AT1	5825	True
641372_AT1	641372	False
9045_AT1	9045	True
4017_AT1	4017	True
84105_AT1	84105	False
25830_AT1	25830	True
84569_AT1	84569	False
4025_AT1	4025	True
54995_AT1	54995	True
93492_AT1	93492	False
1267_AT1	1267	True
10249_AT1	10249	True
1549_AT1	1549	True
1580_AT1	1580	True
1573_AT1	1573	True
29785_AT1	29785	False
199974_AT1	199974	False
57834_AT1	57834	True
1555_AT1	1555	True
260293_AT1	260293	False
1215_AT1	1215	True
57094_AT1	57094	False
1357_AT1	1357	True
1358_AT1	1358	True
93979_AT1	93979	False
23430_AT1	23430	True
7384_AT1	7384	True
7388_AT1	7388	False
7386_AT1	7386	True
29796_AT2	29796	True
7385_AT1	7385	True
1537_AT1	1537	True
9481_AT1	9481	False
9016_AT2	9016	True
9016_AT1	9016	True
7352_AT2	7352	True
7351_AT1	7351	True
7352_AT1	7352	True
4726_AT1	4726	True
4729_AT1	4729	True
4541_AT1	4541	False
4719_AT1	4719	True
4713_AT1	4713	True
4718_AT1	4718	False
7991_AT2	7991	True
126328_AT1	126328	False
4539_AT1	4539	False
4731_AT2	4731	False
4694_AT1	4694	True
4705_AT1	4705	True
4704_AT1	4704	True
4695_AT1	4695	True
4696_AT1	4696	True
4707_AT1	4707	True
4711_AT1	4711	True
4712_AT1	4712	True
4702_AT1	4702	True
4537_AT1	4537	False
4710_AT1	4710	True
4700_AT1	4700	True
4538_AT1	4538	False
4708_AT1	4708	True
4709_AT1	4709	True
4715_AT1	4715	False
4535_AT1	4535	False
131669_AT1	131669	False
79644_AT1	79644	True
5973_AT1	5973	True
4698_AT1	4698	True
55967_AT1	55967	False
1646_AT1	1646	False
4701_AT1	4701	True
4540_AT1	4540	False
1635_AT1	1635	True
158160_AT1	158160	False
286297_AT1	286297	False
10560_AT1	10560	True
4717_AT1	4717	True
374291_AT1	374291	True
4731_AT1	4731	False
8630_AT1	8630	True
4724_AT1	4724	True
4723_AT1	4723	True
191_AT1	191	True
10768_AT1	10768	True
10768_AT2	10768	True
51170_AT1	51170	True
51144_AT1	51144	True
83401_AT1	83401	False
25874_AT1	25874	True
4720_AT1	4720	True
79993_AT1	79993	False
4697_AT1	4697	True
4728_AT1	4728	False
51660_AT1	51660	True
64834_AT1	64834	False
57198_AT1	57198	True
4725_AT1	4725	False
201562_AT1	201562	True
5205_AT1	5205	True
51495_AT1	51495	True
23250_AT1	23250	True
4706_AT1	4706	True
9200_AT1	9200	True
192286_AT1	192286	True
286410_AT1	286410	False
401494_AT1	401494	False
5243_AT1	5243	True
55856_AT1	55856	True
9524_AT1	9524	True
54539_AT1	54539	True
7350_AT1	7350	True
253017_AT1	253017	False
4716_AT1	4716	False
283985_AT1	283985	False
4712_AT2	4712	True
3995_AT1	3995	True
7991_AT1	7991	True
4536_AT1	4536	False
26027_AT1	26027	True
10058_AT1	10058	True
1155_AT1	1155	True
4714_AT1	4714	True
4722_AT1	4722	True
123096_AT1	123096	False
51079_AT1	51079	True
51458_AT1	51458	True
948_AT1	948	True
114571_AT1	114571	False
1339_AT1	1339	True
57016_AT1	57016	True
10928_AT1	10928	True
79707_AT1	79707	True
1728_AT1	1728	True
1345_AT1	1345	True
79672_AT1	79672	True
1329_AT1	1329	True
2946_AT1	2946	True
9917_AT1	9917	True
55331_AT1	55331	False
341947_AT1	341947	False
125965_AT1	125965	False
55277_AT1	55277	True
125981_AT1	125981	False
340485_AT1	340485	False
64122_AT1	64122	True
1327_AT1	1327	True
92370_AT1	92370	False
4513_AT1	4513	False
2760_AT1	2760	True
1346_AT1	1346	True
93650_AT1	93650	False
5660_AT1	5660	True
390928_AT1	390928	False
57704_AT1	57704	False
4759_AT1	4759	True
1347_AT1	1347	True
139596_AT1	139596	False
1337_AT1	1337	True
55066_AT1	55066	True
4514_AT1	4514	False
10825_AT1	10825	True
283208_AT1	283208	False
7903_AT1	7903	True
1351_AT1	1351	True
84701_AT1	84701	False
5033_AT1	5033	True
1350_AT1	1350	True
8974_AT1	8974	False
4512_AT1	4512	False
8513_AT1	8513	True
8041_AT1	8041	False
58478_AT1	58478	True
55256_AT1	55256	True
5408_AT1	5408	True
170712_AT1	170712	False
259307_AT1	259307	False
9377_AT1	9377	True
51312_AT1	51312	True
9167_AT1	9167	True
1340_AT1	1340	True
57104_AT1	57104	True
81894_AT1	81894	True
13_AT1	13	True
1349_AT1	1349	True
29085_AT1	29085	False
9388_AT1	9388	True
5407_AT1	5407	True
9107_AT1	9107	True
22908_AT1	22908	True
163404_AT1	163404	False
3991_AT1	3991	True
22876_AT1	22876	True
221955_AT1	221955	False
5406_AT1	5406	True
9896_AT1	9896	True
747_AT1	747	True
51559_AT1	51559	True
119548_AT1	119548	False
646486_AT1	646486	False
9108_AT1	9108	True
84814_AT1	84814	False
23371_AT1	23371	True
2167_AT1	2167	True
2172_AT1	2172	True
8446_AT1	8446	True
2173_AT1	2173	True
51496_AT1	51496	False
374462_AT1	374462	False
2169_AT1	2169	True
403313_AT1	403313	False
23203_AT1	23203	True
2171_AT1	2171	True
145553_AT1	145553	False
646480_AT1	646480	False
2170_AT1	2170	True
64419_AT1	64419	True
54988_AT1	54988	True
55613_AT1	55613	False
341392_AT1	341392	False
138639_AT1	138639	False
9562_AT1	9562	True
123876_AT1	123876	False
3705_AT1	3705	True
6296_AT1	6296	True
138429_AT1	138429	False
348158_AT1	348158	False
344967_AT1	344967	False
10170_AT1	10170	True
9249_AT1	9249	True
220074_AT1	220074	False
51099_AT1	51099	True
154141_AT1	154141	False
1733_AT1	1733	True
253558_AT1	253558	False
64748_AT1	64748	True
23175_AT1	23175	True
1735_AT1	1735	True
1734_AT1	1734	True
27284_AT1	27284	True
6819_AT1	6819	True
84513_AT1	84513	False
79948_AT1	79948	False
84274_AT1	84274	False
9890_AT1	9890	True
84787_AT1	84787	False
79813_AT1	79813	True
64900_AT1	64900	False
9663_AT1	9663	True
9757_AT1	9757	True
196051_AT1	196051	False
9869_AT1	9869	True
85465_AT1	85465	False
23646_AT1	23646	True
122618_AT1	122618	False
29072_AT1	29072	True
201164_AT1	201164	False
590_AT1	590	True
80854_AT1	80854	False
55750_AT1	55750	True
387893_AT1	387893	True
84444_AT1	84444	True
4297_AT1	4297	True
91012_AT1	91012	False
204219_AT1	204219	False
10715_AT1	10715	False
58508_AT1	58508	False
253782_AT1	253782	True
55870_AT1	55870	True
29956_AT1	29956	True
10919_AT1	10919	True
6839_AT1	6839	True
79603_AT1	79603	True
64324_AT1	64324	True
56624_AT1	56624	False
6419_AT1	6419	True
170384_AT1	170384	False
23067_AT1	23067	True
56886_AT1	56886	True
54904_AT1	54904	True
2526_AT1	2526	True
152586_AT1	152586	False
148789_AT1	148789	False
200810_AT1	200810	False
55624_AT1	55624	True
64754_AT1	64754	True
56983_AT1	56983	True
79723_AT1	79723	True
644378_AT1	644378	False
55904_AT1	55904	False
644974_AT1	644974	False
8702_AT1	8702	True
9739_AT1	9739	True
8473_AT1	8473	True
55830_AT1	55830	True
7468_AT1	7468	True
3703_AT1	3703	True
83852_AT1	83852	False
8085_AT1	8085	True
283358_AT1	283358	False
51111_AT1	51111	True
55757_AT1	55757	True
60559_AT1	60559	True
23478_AT1	23478	True
146664_AT1	146664	False
28972_AT1	28972	True
2529_AT1	2529	True
360203_AT1	360203	False
90701_AT1	90701	False
9789_AT1	9789	True
57171_AT1	57171	True
4249_AT1	4249	True
25834_AT1	25834	True
7837_AT1	7837	True
140687_AT1	140687	False
137902_AT1	137902	False
8708_AT1	8708	True
9677_AT1	9677	True
23262_AT1	23262	True
201595_AT1	201595	False
26007_AT1	26007	True
83468_AT1	83468	True
158584_AT1	158584	False
84752_AT1	84752	False
283209_AT1	283209	False
145173_AT1	145173	False
23491_AT1	23491	True
124872_AT1	124872	False
84750_AT1	84750	False
221223_AT1	221223	False
338707_AT1	338707	False
1066_AT1	1066	False
1208_AT1	1208	True
146802_AT1	146802	False
168391_AT1	168391	False
55244_AT1	55244	True
345274_AT1	345274	False
116085_AT1	116085	False
8707_AT1	8707	True
123688_AT1	123688	False
51228_AT1	51228	True
51171_AT1	51171	True
284004_AT1	284004	False
79411_AT1	79411	True
51741_AT1	51741	True
27090_AT1	27090	True
129807_AT1	129807	False
441282_AT1	441282	False
2524_AT1	2524	True
10202_AT1	10202	True
2527_AT1	2527	True
10553_AT1	10553	True
121214_AT1	121214	False
374875_AT1	374875	False
2528_AT1	2528	True
113612_AT1	113612	True
56898_AT1	56898	True
493869_AT1	493869	False
1487_AT1	1487	True
64174_AT1	64174	True
100288072_AT1	100288072	False
64180_AT1	64180	True
93517_AT1	93517	False
10728_AT1	10728	True
84869_AT1	84869	True
340811_AT1	340811	False
91179_AT1	91179	False
133121_AT1	133121	False
11102_AT1	11102	True
85007_AT1	85007	False
250_AT1	250	True
8644_AT1	8644	True
10826_AT1	10826	True
251_AT1	251	True
266740_AT1	266740	False
200931_AT1	200931	False
3930_AT1	3930	True
123264_AT1	123264	False
10941_AT1	10941	False
79799_AT1	79799	True
4645_AT1	4645	False
5446_AT1	5446	True
4864_AT1	4864	True
506_AT1	506	True
3069_AT1	3069	True
10632_AT1	10632	True
515_AT2	515	True
10476_AT1	10476	True
513_AT1	513	True
522_AT1	522	True
539_AT1	539	True
9551_AT1	9551	False
516_AT2	516	True
9551_AT3	9551	False
509_AT1	509	True
518_AT3	518	True
27109_AT1	27109	True
518_AT2	518	True
514_AT2	514	True
513_AT2	513	True
4905_AT1	4905	False
515_AT3	515	True
517_AT2	517	True
521_AT1	521	True
509_AT2	509	True
10476_AT2	10476	True
517_AT1	517	True
515_AT1	515	True
522_AT5	522	True
516_AT1	516	True
498_AT3	498	True
267020_AT1	267020	False
522_AT3	522	True
498_AT1	498	True
498_AT2	498	True
518_AT1	518	True
514_AT1	514	True
522_AT2	522	True
9551_AT2	9551	False
522_AT4	522	True
27089_AT1	27089	True
10975_AT1	10975	True
7381_AT1	7381	True
29796_AT1	29796	True
4519_AT1	4519	False
