kegg_id	name	formula	source_url	access_date	source_capture_sha256
C00020	AMP	C10H14N5O7P	https://www.kegg.jp/entry/C00020	2026-09-13	5640bcf95ae479930e002a671f8e97749e2fc7ac2936bfa99198f3ec09c53d95
C00021	S-Adenosyl-L-homocysteine	C14H20N6O5S	https://www.kegg.jp/entry/C00021	2026-09-13	5640bcf95ae479930e002a671f8e97749e2fc7ac2936bfa99198f3ec09c53d95
C00022	Pyruvate	C3H4O3	https://www.kegg.jp/entry/C00022	2026-09-13	5640bcf95ae479930e002a671f8e97749e2fc7ac2936bfa99198f3ec09c53d95
C00025	L-Glutamate	C5H9NO4	https://www.kegg.jp/entry/C00025	2026-09-13	5640bcf95ae479930e002a671f8e97749e2fc7ac2936bfa99198f3ec09c53d95
C00026	2-Oxoglutarate	C5H6O5	https://www.kegg.jp/entry/C00026	2026-09-13	5640bcf95ae479930e002a671f8e97749e2fc7ac2936bfa99198f3ec09c53d95
C00031	D-Glucose	C6H12O6	https://www.kegg.jp/entry/C00031	2026-09-13	5640bcf95ae479930e002a671f8e97749e2fc7ac2936bfa99198f3ec09c53d95
C00037	Glycine	C2H5NO2	https://www.kegg.jp/entry/C00037	2026-09-13	5640bcf95ae479930e002a671f8e97749e2fc7ac2936bfa99198f3ec09c53d95
C00041	L-Alanine	C3H7NO2	https://www.kegg.jp/entry/C00041	2026-09-13	5640bcf95ae479930e002a671f8e97749e2fc7ac2936bfa99198f3ec09c53d95
C00042	Succinate	C4H6O4	https://www.kegg.jp/entry/C00042	2026-09-13	5640bcf95ae479930e002a671f8e97749e2fc7ac2936bfa99198f3ec09c53d95
C00047	L-Lysine	C6H14N2O2	https://www.kegg.jp/entry/C00047	2026-09-13	5640bcf95ae479930e002a671f8e97749e2fc7ac2936bfa99198f3ec09c53d95
C00049	L-Aspartate	C4H7NO4	https://www.kegg.jp/entry/C00049	2026-09-13	84a9c623c2d041f8a1ce21db1e8c8331faa492f748cd227ccca79d54ce7b0705
C00055	CMP	C9H14N3O8P	https://www.kegg.jp/entry/C00055	2026-09-13	84a9c623c2d041f8a1ce21db1e8c8331faa492f748cd227ccca79d54ce7b0705
C00062	L-Arginine	C6H14N4O2	https://www.kegg.jp/entry/C00062	2026-09-13	84a9c623c2d041f8a1ce21db1e8c8331faa492f748cd227ccca79d54ce7b0705
C00064	L-Glutamine	C5H10N2O3	https://www.kegg.jp/entry/C00064	2026-09-13	84a9c623c2d041f8a1ce21db1e8c8331faa492f748cd227ccca79d54ce7b0705
C00065	L-Serine	C3H7NO3	https://www.kegg.jp/entry/C00065	2026-09-13	84a9c623c2d041f8a1ce21db1e8c8331faa492f748cd227ccca79d54ce7b0705
C00072	Ascorbate	C6H8O6	https://www.kegg.jp/entry/C00072	2026-09-13	84a9c623c2d041f8a1ce21db1e8c8331faa492f748cd227ccca79d54ce7b0705
C00073	L-Methionine	C5H11NO2S	https://www.kegg.jp/entry/C00073	2026-09-13	84a9c623c2d041f8a1ce21db1e8c8331faa492f748cd227ccca79d54ce7b0705
C00074	Phosphoenolpyruvate	C3H5O6P	https://www.kegg.jp/entry/C00074	2026-09-13	84a9c623c2d041f8a1ce21db1e8c8331faa492f748cd227ccca79d54ce7b0705
C00077	L-Ornithine	C5H12N2O2	https://www.kegg.jp/entry/C00077	2026-09-13	84a9c623c2d041f8a1ce21db1e8c8331faa492f748cd227ccca79d54ce7b0705
C00078	L-Tryptophan	C11H12N2O2	https://www.kegg.jp/entry/C00078	2026-09-13	84a9c623c2d041f8a1ce21db1e8c8331faa492f748cd227ccca79d54ce7b0705
C00079	L-Phenylalanine	C9H11NO2	https://www.kegg.jp/entry/C00079	2026-09-13	0b9536f2837072193d50f05e5ef8fa93cff0eab5ad141d1b15e0e04355106e9e
C00082	L-Tyrosine	C9H11NO3	https://www.kegg.jp/entry/C00082	2026-09-13	0b9536f2837072193d50f05e5ef8fa93cff0eab5ad141d1b15e0e04355106e9e
C00089	Sucrose	C12H22O11	https://www.kegg.jp/entry/C00089	2026-09-13	0b9536f2837072193d50f05e5ef8fa93cff0eab5ad141d1b15e0e04355106e9e
C00093	sn-Glycerol 3-phosphate	C3H9O6P	https://www.kegg.jp/entry/C00093	2026-09-13	0b9536f2837072193d50f05e5ef8fa93cff0eab5ad141d1b15e0e04355106e9e
C00105	UMP	C9H13N2O9P	https://www.kegg.jp/entry/C00105	2026-09-13	0b9536f2837072193d50f05e5ef8fa93cff0eab5ad141d1b15e0e04355106e9e
C00106	Uracil	C4H4N2O2	https://www.kegg.jp/entry/C00106	2026-09-13	0b9536f2837072193d50f05e5ef8fa93cff0eab5ad141d1b15e0e04355106e9e
C00108	Anthranilate	C7H7NO2	https://www.kegg.jp/entry/C00108	2026-09-13	0b9536f2837072193d50f05e5ef8fa93cff0eab5ad141d1b15e0e04355106e9e
C00111	Glycerone phosphate	C3H7O6P	https://www.kegg.jp/entry/C00111	2026-09-13	0b9536f2837072193d50f05e5ef8fa93cff0eab5ad141d1b15e0e04355106e9e
C00114	Choline	C5H14NO	https://www.kegg.jp/entry/C00114	2026-09-13	0b9536f2837072193d50f05e5ef8fa93cff0eab5ad141d1b15e0e04355106e9e
C00120	Biotin	C10H16N2O3S	https://www.kegg.jp/entry/C00120	2026-09-13	0b9536f2837072193d50f05e5ef8fa93cff0eab5ad141d1b15e0e04355106e9e
C00122	Fumarate	C4H4O4	https://www.kegg.jp/entry/C00122	2026-09-13	3606e7f8c87f93bd5008867de9528e2ce5b95cfae22386fc7f8ff9697f160a32
C00123	L-Leucine	C6H13NO2	https://www.kegg.jp/entry/C00123	2026-09-13	3606e7f8c87f93bd5008867de9528e2ce5b95cfae22386fc7f8ff9697f160a32
C00127	Glutathione disulfide	C20H32N6O12S2	https://www.kegg.jp/entry/C00127	2026-09-13	3606e7f8c87f93bd5008867de9528e2ce5b95cfae22386fc7f8ff9697f160a32
C00130	IMP	C10H13N4O8P	https://www.kegg.jp/entry/C00130	2026-09-13	3606e7f8c87f93bd5008867de9528e2ce5b95cfae22386fc7f8ff9697f160a32
C00144	GMP	C10H14N5O8P	https://www.kegg.jp/entry/C00144	2026-09-13	3606e7f8c87f93bd5008867de9528e2ce5b95cfae22386fc7f8ff9697f160a32
C00147	Adenine	C5H5N5	https://www.kegg.jp/entry/C00147	2026-09-13	3606e7f8c87f93bd5008867de9528e2ce5b95cfae22386fc7f8ff9697f160a32
C00148	L-Proline	C5H9NO2	https://www.kegg.jp/entry/C00148	2026-09-13	3606e7f8c87f93bd5008867de9528e2ce5b95cfae22386fc7f8ff9697f160a32
C00149	(S)-Malate	C4H6O5	https://www.kegg.jp/entry/C00149	2026-09-13	3606e7f8c87f93bd5008867de9528e2ce5b95cfae22386fc7f8ff9697f160a32
C00152	L-Asparagine	C4H8N2O3	https://www.kegg.jp/entry/C00152	2026-09-13	3606e7f8c87f93bd5008867de9528e2ce5b95cfae22386fc7f8ff9697f160a32
C00153	Nicotinamide	C6H6N2O	https://www.kegg.jp/entry/C00153	2026-09-13	3606e7f8c87f93bd5008867de9528e2ce5b95cfae22386fc7f8ff9697f160a32
C00155	L-Homocysteine	C4H9NO2S	https://www.kegg.jp/entry/C00155	2026-09-13	b5f86a2ef6fa3d740b3a9335cfb51a721a2a0510cbcf6872dad4a0d18e162e17
C00156	4-Hydroxybenzoate	C7H6O3	https://www.kegg.jp/entry/C00156	2026-09-13	b5f86a2ef6fa3d740b3a9335cfb51a721a2a0510cbcf6872dad4a0d18e162e17
C00158	Citrate	C6H8O7	https://www.kegg.jp/entry/C00158	2026-09-13	b5f86a2ef6fa3d740b3a9335cfb51a721a2a0510cbcf6872dad4a0d18e162e17
C00164	Acetoacetate	C4H6O3	https://www.kegg.jp/entry/C00164	2026-09-13	b5f86a2ef6fa3d740b3a9335cfb51a721a2a0510cbcf6872dad4a0d18e162e17
C00178	Thymine	C5H6N2O2	https://www.kegg.jp/entry/C00178	2026-09-13	b5f86a2ef6fa3d740b3a9335cfb51a721a2a0510cbcf6872dad4a0d18e162e17
C00183	L-Valine	C5H11NO2	https://www.kegg.jp/entry/C00183	2026-09-13	b5f86a2ef6fa3d740b3a9335cfb51a721a2a0510cbcf6872dad4a0d18e162e17
C00186	(S)-Lactate	C3H6O3	https://www.kegg.jp/entry/C00186	2026-09-13	b5f86a2ef6fa3d740b3a9335cfb51a721a2a0510cbcf6872dad4a0d18e162e17
C00188	L-Threonine	C4H9NO3	https://www.kegg.jp/entry/C00188	2026-09-13	b5f86a2ef6fa3d740b3a9335cfb51a721a2a0510cbcf6872dad4a0d18e162e17
C00191	D-Glucuronate	C6H10O7	https://www.kegg.jp/entry/C00191	2026-09-13	b5f86a2ef6fa3d740b3a9335cfb51a721a2a0510cbcf6872dad4a0d18e162e17
C00197	3-Phospho-D-glycerate	C3H7O7P	https://www.kegg.jp/entry/C00197	2026-09-13	b5f86a2ef6fa3d740b3a9335cfb51a721a2a0510cbcf6872dad4a0d18e162e17
C00209	Oxalate	C2H2O4	https://www.kegg.jp/entry/C00209	2026-09-13	c1dfb0db367ba289f05af9a174b335fa2f6b9248a3e36bed2a5daf91c0d62045
C00212	Adenosine	C10H13N5O4	https://www.kegg.jp/entry/C00212	2026-09-13	c1dfb0db367ba289f05af9a174b335fa2f6b9248a3e36bed2a5daf91c0d62045
C00214	Thymidine	C10H14N2O5	https://www.kegg.jp/entry/C00214	2026-09-13	c1dfb0db367ba289f05af9a174b335fa2f6b9248a3e36bed2a5daf91c0d62045
C00239	dCMP	C9H14N3O7P	https://www.kegg.jp/entry/C00239	2026-09-13	c1dfb0db367ba289f05af9a174b335fa2f6b9248a3e36bed2a5daf91c0d62045
C00243	Lactose	C12H22O11	https://www.kegg.jp/entry/C00243	2026-09-13	c1dfb0db367ba289f05af9a174b335fa2f6b9248a3e36bed2a5daf91c0d62045
C00245	Taurine	C2H7NO3S	https://www.kegg.jp/entry/C00245	2026-09-13	c1dfb0db367ba289f05af9a174b335fa2f6b9248a3e36bed2a5daf91c0d62045
C00253	Nicotinate	C6H5NO2	https://www.kegg.jp/entry/C00253	2026-09-13	c1dfb0db367ba289f05af9a174b335fa2f6b9248a3e36bed2a5daf91c0d62045
C00262	Hypoxanthine	C5H4N4O	https://www.kegg.jp/entry/C00262	2026-09-13	c1dfb0db367ba289f05af9a174b335fa2f6b9248a3e36bed2a5daf91c0d62045
C00263	L-Homoserine	C4H9NO3	https://www.kegg.jp/entry/C00263	2026-09-13	c1dfb0db367ba289f05af9a174b335fa2f6b9248a3e36bed2a5daf91c0d62045
C00294	Inosine	C10H12N4O5	https://www.kegg.jp/entry/C00294	2026-09-13	c1dfb0db367ba289f05af9a174b335fa2f6b9248a3e36bed2a5daf91c0d62045
C00295	Orotate	C5H4N2O4	https://www.kegg.jp/entry/C00295	2026-09-13	28382c24bc8d4ecabff0bbfa078c0d6edc6dd9bbe31517231ddc9d35c7797214
C00299	Uridine	C9H12N2O6	https://www.kegg.jp/entry/C00299	2026-09-13	28382c24bc8d4ecabff0bbfa078c0d6edc6dd9bbe31517231ddc9d35c7797214
C00311	Isocitrate	C6H8O7	https://www.kegg.jp/entry/C00311	2026-09-13	28382c24bc8d4ecabff0bbfa078c0d6edc6dd9bbe31517231ddc9d35c7797214
C00315	Spermidine	C7H19N3	https://www.kegg.jp/entry/C00315	2026-09-13	28382c24bc8d4ecabff0bbfa078c0d6edc6dd9bbe31517231ddc9d35c7797214
C00318	L-Carnitine	C7H15NO3	https://www.kegg.jp/entry/C00318	2026-09-13	28382c24bc8d4ecabff0bbfa078c0d6edc6dd9bbe31517231ddc9d35c7797214
C00327	L-Citrulline	C6H13N3O3	https://www.kegg.jp/entry/C00327	2026-09-13	28382c24bc8d4ecabff0bbfa078c0d6edc6dd9bbe31517231ddc9d35c7797214
C00328	L-Kynurenine	C10H12N2O3	https://www.kegg.jp/entry/C00328	2026-09-13	28382c24bc8d4ecabff0bbfa078c0d6edc6dd9bbe31517231ddc9d35c7797214
C00334	4-Aminobutanoate	C4H9NO2	https://www.kegg.jp/entry/C00334	2026-09-13	28382c24bc8d4ecabff0bbfa078c0d6edc6dd9bbe31517231ddc9d35c7797214
C00346	Ethanolamine phosphate	C2H8NO4P	https://www.kegg.jp/entry/C00346	2026-09-13	28382c24bc8d4ecabff0bbfa078c0d6edc6dd9bbe31517231ddc9d35c7797214
C00366	Urate	C5H4N4O3	https://www.kegg.jp/entry/C00366	2026-09-13	28382c24bc8d4ecabff0bbfa078c0d6edc6dd9bbe31517231ddc9d35c7797214
C00385	Xanthine	C5H4N4O2	https://www.kegg.jp/entry/C00385	2026-09-13	00c0e43d9eb5c3268545eb5cdc9c0a873de44658e6c1d98e238a631fc9e5db1b
C00407	L-Isoleucine	C6H13NO2	https://www.kegg.jp/entry/C00407	2026-09-13	00c0e43d9eb5c3268545eb5cdc9c0a873de44658e6c1d98e238a631fc9e5db1b
C00475	Cytidine	C9H13N3O5	https://www.kegg.jp/entry/C00475	2026-09-13	00c0e43d9eb5c3268545eb5cdc9c0a873de44658e6c1d98e238a631fc9e5db1b
C00486	Bilirubin	C33H36N4O6	https://www.kegg.jp/entry/C00486	2026-09-13	00c0e43d9eb5c3268545eb5cdc9c0a873de44658e6c1d98e238a631fc9e5db1b
C00504	Folate	C19H19N7O6	https://www.kegg.jp/entry/C00504	2026-09-13	00c0e43d9eb5c3268545eb5cdc9c0a873de44658e6c1d98e238a631fc9e5db1b
C00526	Deoxyuridine	C9H12N2O5	https://www.kegg.jp/entry/C00526	2026-09-13	00c0e43d9eb5c3268545eb5cdc9c0a873de44658e6c1d98e238a631fc9e5db1b
C00559	Deoxyadenosine	C10H13N5O3	https://www.kegg.jp/entry/C00559	2026-09-13	00c0e43d9eb5c3268545eb5cdc9c0a873de44658e6c1d98e238a631fc9e5db1b
C00577	D-Glyceraldehyde	C3H6O3	https://www.kegg.jp/entry/C00577	2026-09-13	00c0e43d9eb5c3268545eb5cdc9c0a873de44658e6c1d98e238a631fc9e5db1b
C00588	Choline phosphate	C5H15NO4P	https://www.kegg.jp/entry/C00588	2026-09-13	00c0e43d9eb5c3268545eb5cdc9c0a873de44658e6c1d98e238a631fc9e5db1b
C00631	2-Phospho-D-glycerate	C3H7O7P	https://www.kegg.jp/entry/C00631	2026-09-13	00c0e43d9eb5c3268545eb5cdc9c0a873de44658e6c1d98e238a631fc9e5db1b
C00632	3-Hydroxyanthranilate	C7H7NO3	https://www.kegg.jp/entry/C00632	2026-09-13	383e44fdb2200a3a9985c2975be71ba27e045c538ffbd0d4fa08bc4aa9c04feb
C00655	Xanthosine 5'-phosphate	C10H13N4O9P	https://www.kegg.jp/entry/C00655	2026-09-13	383e44fdb2200a3a9985c2975be71ba27e045c538ffbd0d4fa08bc4aa9c04feb
C00670	sn-Glycero-3-phosphocholine	C8H21NO6P	https://www.kegg.jp/entry/C00670	2026-09-13	383e44fdb2200a3a9985c2975be71ba27e045c538ffbd0d4fa08bc4aa9c04feb
C00719	Betaine	C5H11NO2	https://www.kegg.jp/entry/C00719	2026-09-13	383e44fdb2200a3a9985c2975be71ba27e045c538ffbd0d4fa08bc4aa9c04feb
C00750	Spermine	C10H26N4	https://www.kegg.jp/entry/C00750	2026-09-13	383e44fdb2200a3a9985c2975be71ba27e045c538ffbd0d4fa08bc4aa9c04feb
C00780	Serotonin	C10H12N2O	https://www.kegg.jp/entry/C00780	2026-09-13	383e44fdb2200a3a9985c2975be71ba27e045c538ffbd0d4fa08bc4aa9c04feb
C00791	Creatinine	C4H7N3O	https://www.kegg.jp/entry/C00791	2026-09-13	383e44fdb2200a3a9985c2975be71ba27e045c538ffbd0d4fa08bc4aa9c04feb
C00794	D-Sorbitol	C6H14O6	https://www.kegg.jp/entry/C00794	2026-09-13	383e44fdb2200a3a9985c2975be71ba27e045c538ffbd0d4fa08bc4aa9c04feb
C00864	Pantothenate	C9H17NO5	https://www.kegg.jp/entry/C00864	2026-09-13	383e44fdb2200a3a9985c2975be71ba27e045c538ffbd0d4fa08bc4aa9c04feb
C00881	Deoxycytidine	C9H13N3O4	https://www.kegg.jp/entry/C00881	2026-09-13	383e44fdb2200a3a9985c2975be71ba27e045c538ffbd0d4fa08bc4aa9c04feb
C00956	L-2-Aminoadipate	C6H11NO4	https://www.kegg.jp/entry/C00956	2026-09-13	570cdaa0e79a357faae0340e2d1d352ea47244f556eb0a6fca1c9052e988d164
C01026	N,N-Dimethylglycine	C4H9NO2	https://www.kegg.jp/entry/C01026	2026-09-13	570cdaa0e79a357faae0340e2d1d352ea47244f556eb0a6fca1c9052e988d164
C01103	Orotidine 5'-phosphate	C10H13N2O11P	https://www.kegg.jp/entry/C01103	2026-09-13	570cdaa0e79a357faae0340e2d1d352ea47244f556eb0a6fca1c9052e988d164
C01179	3-(4-Hydroxyphenyl)pyruvate	C9H8O4	https://www.kegg.jp/entry/C01179	2026-09-13	570cdaa0e79a357faae0340e2d1d352ea47244f556eb0a6fca1c9052e988d164
C01185	Nicotinate D-ribonucleotide	C11H15NO9P	https://www.kegg.jp/entry/C01185	2026-09-13	570cdaa0e79a357faae0340e2d1d352ea47244f556eb0a6fca1c9052e988d164
C01551	Allantoin	C4H6N4O3	https://www.kegg.jp/entry/C01551	2026-09-13	570cdaa0e79a357faae0340e2d1d352ea47244f556eb0a6fca1c9052e988d164
C01586	Hippurate	C9H9NO3	https://www.kegg.jp/entry/C01586	2026-09-13	570cdaa0e79a357faae0340e2d1d352ea47244f556eb0a6fca1c9052e988d164
C01762	Xanthosine	C10H12N4O6	https://www.kegg.jp/entry/C01762	2026-09-13	570cdaa0e79a357faae0340e2d1d352ea47244f556eb0a6fca1c9052e988d164
C02170	Methylmalonate	C4H6O4	https://www.kegg.jp/entry/C02170	2026-09-13	570cdaa0e79a357faae0340e2d1d352ea47244f556eb0a6fca1c9052e988d164
C02291	L-Cystathionine	C7H14N2O4S	https://www.kegg.jp/entry/C02291	2026-09-13	570cdaa0e79a357faae0340e2d1d352ea47244f556eb0a6fca1c9052e988d164
C02592	Taurolithocholate	C26H45NO5S	https://www.kegg.jp/entry/C02592	2026-09-13	94d8447860c85c5e26436f5669f8a921a45d903c05dee17ed5c4e15572c112c1
C02642	3-Ureidopropionate	C4H8N2O3	https://www.kegg.jp/entry/C02642	2026-09-13	94d8447860c85c5e26436f5669f8a921a45d903c05dee17ed5c4e15572c112c1
C03227	3-Hydroxy-L-kynurenine	C10H12N2O4	https://www.kegg.jp/entry/C03227	2026-09-13	94d8447860c85c5e26436f5669f8a921a45d903c05dee17ed5c4e15572c112c1
C03722	Quinolinate	C7H5NO4	https://www.kegg.jp/entry/C03722	2026-09-13	94d8447860c85c5e26436f5669f8a921a45d903c05dee17ed5c4e15572c112c1
C03990	Lithocholic acid	C24H40O3	https://www.kegg.jp/entry/C03990	2026-09-13	94d8447860c85c5e26436f5669f8a921a45d903c05dee17ed5c4e15572c112c1
C05122	Taurocholate	C26H45NO7S	https://www.kegg.jp/entry/C05122	2026-09-13	94d8447860c85c5e26436f5669f8a921a45d903c05dee17ed5c4e15572c112c1
C05598	Phenylacetylglycine	C10H11NO3	https://www.kegg.jp/entry/C05598	2026-09-13	94d8447860c85c5e26436f5669f8a921a45d903c05dee17ed5c4e15572c112c1
