context_id	oxygen	treatment	arm	task_mode	exchange_id	point	range_lo	range_hi	primary_optimum	task_flux	g_max
S02	21%	BAY	magnitude_g1.00	fraction	EX_glc__D_e	-10.0	-10.0	-9.999999999769516	544.0878738007202	3.285223066646223	3.650247851829137
S02	21%	BAY	magnitude_g1.00	fraction	EX_lac__L_e	37.161632470695544	37.16163247066723	37.161633015611606	544.0878738007202	3.285223066646223	3.650247851829137
S02	21%	BAY	magnitude_g0.80	fraction	EX_glc__D_e	-10.0	-10.0	-9.99999999906683	528.0015735178188	3.285223066646223	3.650247851829137
S02	21%	BAY	magnitude_g0.80	fraction	EX_lac__L_e	37.16721472722811	37.16721472736099	37.16721608669682	528.0015735178188	3.285223066646223	3.650247851829137
S02	21%	BAY	magnitude_g0.50	fraction	EX_glc__D_e	-10.0	-10.0	-9.99999999989726	495.19714073894795	3.285223066646223	3.650247851829137
S02	21%	BAY	magnitude_g0.50	fraction	EX_lac__L_e	45.74565989618771	45.74565989633542	45.745660292336474	495.19714073894795	3.285223066646223	3.650247851829137
S01	21%	DMSO	uniform_pfba	fraction	EX_glc__D_e	-10.0	-10.0	-9.999999994853324	896.0059228921607	3.285223066646223	3.650247851829137
S01	21%	DMSO	uniform_pfba	fraction	EX_lac__L_e	0.0	0.0	3.3518741259161793	896.0059228921607	3.285223066646223	3.650247851829137
S01	21%	DMSO	magnitude_g1.00	measured	EX_glc__D_e	-0.37103189011344967	-0.37103189961071925	-0.37103188441312346	1.369828868087561	0.027172233116188327	3.650247851829137
S01	21%	DMSO	magnitude_g1.00	measured	EX_lac__L_e	0.7092322659063405	0.7092322659061685	0.7092323021451186	1.369828868087561	0.027172233116188327	3.650247851829137
S02	21%	BAY	magnitude_g1.00	measured	EX_glc__D_e	-0.300689722483756	-0.3006897254549364	-0.30068971914700354	0.7308310535844537	0.021948251260647308	3.650247851829137
S02	21%	BAY	magnitude_g1.00	measured	EX_lac__L_e	0.5730331667757846	0.5730331667757202	0.5730331942595751	0.7308310535844537	0.021948251260647308	3.650247851829137
S01	21%	DMSO	magnitude_g0.50	fraction	EX_glc__D_e	-10.0	-10.0	-9.999999999396401	512.3375746929727	3.285223066646223	3.650247851829137
S01	21%	DMSO	magnitude_g0.50	fraction	EX_lac__L_e	43.93178918527209	43.93178918524081	43.931790405745794	512.3375746929727	3.285223066646223	3.650247851829137
S01	21%	DMSO	uniform_pfba	measured	EX_glc__D_e	-0.009128140361530812	-0.009128168914266545	-0.009128118946977782	5.3454560093345425	0.027172233116188327	3.650247851829137
S01	21%	DMSO	uniform_pfba	measured	EX_lac__L_e	0.0	0.0	0.15924606536724745	5.3454560093345425	0.027172233116188327	3.650247851829137
S01	21%	DMSO	ordinal	measured	EX_glc__D_e	-0.3726186700524877	-0.37261867353141903	-0.3726186665907624	0.8044384366407707	0.027172233116188327	3.650247851829137
S01	21%	DMSO	ordinal	measured	EX_lac__L_e	0.7124050946103772	0.7124050946104049	0.7124051172212573	0.8044384366407707	0.027172233116188327	3.650247851829137
S01	21%	DMSO	ordinal	fraction	EX_glc__D_e	-10.0	-10.0	-9.999999999938021	528.5354189501646	3.285223066646223	3.650247851829137
S01	21%	DMSO	ordinal	fraction	EX_lac__L_e	48.82934312612266	48.8293431278373	48.829343770520225	528.5354189501646	3.285223066646223	3.650247851829137
S01	21%	DMSO	magnitude_g2.00	measured	EX_glc__D_e	-0.36890323859850055	-0.36890323929653973	-0.3689032384424858	1.922401584312636	0.027172233116188327	3.650247851829137
S01	21%	DMSO	magnitude_g2.00	measured	EX_lac__L_e	0.7059376856158912	0.705937685615868	0.7059376879864269	1.922401584312636	0.027172233116188327	3.650247851829137
S01	21%	DMSO	magnitude_g2.00	fraction	EX_glc__D_e	-10.0	-10.0	-9.999999999970338	619.0064262947138	3.285223066646223	3.650247851829137
S01	21%	DMSO	magnitude_g2.00	fraction	EX_lac__L_e	36.993781017995175	36.99378101798722	36.99378103637867	619.0064262947138	3.285223066646223	3.650247851829137
S01	21%	DMSO	magnitude_g0.80	measured	EX_glc__D_e	-0.3710322359830433	-0.3710322591445869	-0.37103223485761233	1.2322619845965548	0.027172233116188327	3.650247851829137
S01	21%	DMSO	magnitude_g0.80	measured	EX_lac__L_e	0.7092324738445259	0.7092324738446538	0.7092325508631208	1.2322619845965548	0.027172233116188327	3.650247851829137
S01	21%	DMSO	magnitude_g1.00	fraction	EX_glc__D_e	-10.0	-10.0	-9.999999999425354	566.3362625996502	3.285223066646223	3.650247851829137
S01	21%	DMSO	magnitude_g1.00	fraction	EX_lac__L_e	36.188606802661575	36.18860680258898	36.18860716823265	566.3362625996502	3.285223066646223	3.650247851829137
S02	21%	BAY	magnitude_g0.50	measured	EX_glc__D_e	-0.3013001116054679	-0.3013001174817456	-0.3013001116054679	0.5453605284974405	0.021948251260647308	3.650247851829137
S02	21%	BAY	magnitude_g0.50	measured	EX_lac__L_e	0.5706791548068108	0.5706791548068176	0.570679172912606	0.5453605284974405	0.021948251260647308	3.650247851829137
S01	21%	DMSO	magnitude_g1.25	fraction	EX_glc__D_e	-10.0	-10.0	-9.99999999763665	583.4516531501946	3.285223066646223	3.650247851829137
S01	21%	DMSO	magnitude_g1.25	fraction	EX_lac__L_e	35.143469586260714	35.14346958636607	35.14347133925023	583.4516531501946	3.285223066646223	3.650247851829137
S01	21%	DMSO	magnitude_g0.80	fraction	EX_glc__D_e	-10.0	-10.0	-9.999999999715039	548.5720701768412	3.285223066646223	3.650247851829137
S01	21%	DMSO	magnitude_g0.80	fraction	EX_lac__L_e	36.358365190490204	36.35836519068344	36.35836595094041	548.5720701768412	3.285223066646223	3.650247851829137
S01	21%	DMSO	magnitude_g0.50	measured	EX_glc__D_e	-0.3726182648782659	-0.37261890512575374	-0.37261826462308817	0.9909099821114176	0.027172233116188327	3.650247851829137
S01	21%	DMSO	magnitude_g0.50	measured	EX_lac__L_e	0.7124043004015296	0.7124043004015619	0.7124055795490568	0.9909099821114176	0.027172233116188327	3.650247851829137
S01	21%	DMSO	magnitude_g1.25	measured	EX_glc__D_e	-0.3702879892675333	-0.3702879937984956	-0.370287987668385	1.52568643809696	0.027172233116188327	3.650247851829137
S01	21%	DMSO	magnitude_g1.25	measured	EX_lac__L_e	0.7087071802035976	0.7087071802035929	0.7087071921600306	1.52568643809696	0.027172233116188327	3.650247851829137
S02	21%	BAY	magnitude_g0.80	measured	EX_glc__D_e	-0.30151214462640136	-0.3015121498782501	-0.30151214462635906	0.6637055680094036	0.021948251260647308	3.650247851829137
S02	21%	BAY	magnitude_g0.80	measured	EX_lac__L_e	0.5739064434519956	0.5739064434520463	0.5739064575561545	0.6637055680094036	0.021948251260647308	3.650247851829137
S02	21%	BAY	magnitude_g1.25	measured	EX_glc__D_e	-0.3006891562987074	-0.3006891618925455	-0.30068915629866394	0.8070654968194146	0.021948251260647308	3.650247851829137
S02	21%	BAY	magnitude_g1.25	measured	EX_lac__L_e	0.5730320502535916	0.5730320502535919	0.5730320647021895	0.8070654968194146	0.021948251260647308	3.650247851829137
S02	21%	BAY	uniform_pfba	measured	EX_glc__D_e	-0.007373215051580527	-0.007373243241693157	-0.007373193909004272	4.317768476883623	0.021948251260647308	3.650247851829137
S02	21%	BAY	uniform_pfba	measured	EX_lac__L_e	0.0	0.0	0.12863032181915476	4.317768476883623	0.021948251260647308	3.650247851829137
S02	21%	BAY	ordinal	fraction	EX_glc__D_e	-10.0	-10.0	-9.999999999709134	505.33965344916965	3.285223066646223	3.650247851829137
S02	21%	BAY	ordinal	fraction	EX_lac__L_e	48.09000645700687	48.090006456927505	48.090006962344226	505.33965344916965	3.285223066646223	3.650247851829137
S02	21%	BAY	magnitude_g1.25	fraction	EX_glc__D_e	-10.0	-10.0	-9.999999999351816	560.5849256466179	3.285223066646223	3.650247851829137
S02	21%	BAY	magnitude_g1.25	fraction	EX_lac__L_e	34.67471180589958	34.674711805899534	34.674712807148005	560.5849256466179	3.285223066646223	3.650247851829137
S03	0.5%	DMSO	magnitude_g0.50	measured	EX_glc__D_e	-0.27261263989170403	-0.27261264100865645	-0.27261263980451633	0.5013984860748555	0.01983084473213053	3.650247851829137
S03	0.5%	DMSO	magnitude_g0.50	measured	EX_lac__L_e	0.5207843669783532	0.5207843669783587	0.5207843707256972	0.5013984860748555	0.01983084473213053	3.650247851829137
S02	21%	BAY	ordinal	measured	EX_glc__D_e	-0.3063781018104366	-0.3063781074381123	-0.306378101810425	0.413513447180473	0.021948251260647308	3.650247851829137
S02	21%	BAY	ordinal	measured	EX_lac__L_e	0.5808351352167481	0.5808351352167668	0.5808351579384398	0.413513447180473	0.021948251260647308	3.650247851829137
S03	0.5%	DMSO	magnitude_g1.00	fraction	EX_glc__D_e	-10.0	-10.0	-9.99999999993831	539.8043527924283	3.285223066646223	3.650247851829137
S03	0.5%	DMSO	magnitude_g1.00	fraction	EX_lac__L_e	34.09775849317924	34.09775849331828	34.0977592560236	539.8043527924283	3.285223066646223	3.650247851829137
S03	0.5%	DMSO	magnitude_g1.25	measured	EX_glc__D_e	-0.2719323078355314	-0.27193231271131213	-0.27193230783552397	0.7434508639616331	0.01983084473213053	3.650247851829137
S03	0.5%	DMSO	magnitude_g1.25	measured	EX_lac__L_e	0.5199029927606669	0.519902992761535	0.519903002512272	0.7434508639616331	0.01983084473213053	3.650247851829137
S02	21%	BAY	uniform_pfba	fraction	EX_glc__D_e	-10.0	-10.0	-9.999999994853324	896.0059228921607	3.285223066646223	3.650247851829137
S02	21%	BAY	uniform_pfba	fraction	EX_lac__L_e	0.0	0.0	3.3518741259161793	896.0059228921607	3.285223066646223	3.650247851829137
S02	21%	BAY	magnitude_g2.00	measured	EX_glc__D_e	-0.2996996329600129	-0.2996996469873379	-0.2996996280938675	1.0035400740903324	0.021948251260647308	3.650247851829137
S02	21%	BAY	magnitude_g2.00	measured	EX_lac__L_e	0.572879166301317	0.5728791663013231	0.5728792073442416	1.0035400740903324	0.021948251260647308	3.650247851829137
S03	0.5%	DMSO	magnitude_g0.80	measured	EX_glc__D_e	-0.27261220493051164	-0.2726122090522608	-0.27261193850931403	0.6102475309094023	0.01983084473213053	3.650247851829137
S03	0.5%	DMSO	magnitude_g0.80	measured	EX_lac__L_e	0.5207834851985574	0.520783485198615	0.5207838796078685	0.6102475309094023	0.01983084473213053	3.650247851829137
S03	0.5%	DMSO	magnitude_g0.50	fraction	EX_glc__D_e	-10.0	-10.0	-9.999999999898415	493.2721272163015	3.285223066646223	3.650247851829137
S03	0.5%	DMSO	magnitude_g0.50	fraction	EX_lac__L_e	43.398887262008586	43.398887262071355	43.39888811009391	493.2721272163015	3.285223066646223	3.650247851829137
S03	0.5%	DMSO	magnitude_g0.80	fraction	EX_glc__D_e	-10.0	-10.0	-9.999999999792495	524.7437512541235	3.285223066646223	3.650247851829137
S03	0.5%	DMSO	magnitude_g0.80	fraction	EX_lac__L_e	36.3583875983459	36.35838759837527	36.35838776429856	524.7437512541235	3.285223066646223	3.650247851829137
S02	21%	BAY	magnitude_g2.00	fraction	EX_glc__D_e	-10.0	-10.0	-9.999999999947827	588.5996763073188	3.285223066646223	3.650247851829137
S02	21%	BAY	magnitude_g2.00	fraction	EX_lac__L_e	39.224522761674045	39.22452276166607	39.22452287591314	588.5996763073188	3.285223066646223	3.650247851829137
S03	0.5%	DMSO	magnitude_g1.25	fraction	EX_glc__D_e	-10.0	-10.0	-9.999999999740197	554.6442189364847	3.285223066646223	3.650247851829137
S03	0.5%	DMSO	magnitude_g1.25	fraction	EX_lac__L_e	39.445343509851035	39.44534351015136	39.44534458112196	554.6442189364847	3.285223066646223	3.650247851829137
S03	0.5%	DMSO	magnitude_g2.00	measured	EX_glc__D_e	-0.2707869880582199	-0.2707869896163824	-0.27078698712659094	0.9263334756096675	0.01983084473213053	3.650247851829137
S03	0.5%	DMSO	magnitude_g2.00	measured	EX_lac__L_e	0.5176123532060429	0.5176123522542295	0.5176123563223729	0.9263334756096675	0.01983084473213053	3.650247851829137
S03	0.5%	DMSO	magnitude_g2.00	fraction	EX_glc__D_e	-10.0	-10.0	-9.999999999802638	580.448732932523	3.285223066646223	3.650247851829137
S03	0.5%	DMSO	magnitude_g2.00	fraction	EX_lac__L_e	40.571410005166165	40.57141000523059	40.57141030921149	580.448732932523	3.285223066646223	3.650247851829137
S03	0.5%	DMSO	magnitude_g1.00	measured	EX_glc__D_e	-0.27194478974974035	-0.27194480649544456	-0.2719447897497362	0.6725990058411696	0.01983084473213053	3.650247851829137
S03	0.5%	DMSO	magnitude_g1.00	measured	EX_lac__L_e	0.519927956589084	0.5199279565890947	0.5199279883641281	0.6725990058411696	0.01983084473213053	3.650247851829137
S03	0.5%	DMSO	ordinal	fraction	EX_glc__D_e	-10.0	-10.0	-9.999999999501824	504.38946740209315	3.285223066646223	3.650247851829137
S03	0.5%	DMSO	ordinal	fraction	EX_lac__L_e	49.887045950605795	49.88704595049992	49.88704633490352	504.38946740209315	3.285223066646223	3.650247851829137
S03	0.5%	DMSO	ordinal	measured	EX_glc__D_e	-0.27319862224478714	-0.27319862776006104	-0.27319862224478964	0.3788861676321057	0.01983084473213053	3.650247851829137
S03	0.5%	DMSO	ordinal	measured	EX_lac__L_e	0.5219563331979881	0.5219563331979936	0.5219563443571585	0.3788861676321057	0.01983084473213053	3.650247851829137
S04	0.5%	BAY	magnitude_g0.80	fraction	EX_glc__D_e	-10.0	-10.0	-9.99999999983321	517.2821371870533	3.285223066646223	3.650247851829137
S04	0.5%	BAY	magnitude_g0.80	fraction	EX_lac__L_e	45.7547290290135	45.754729028856296	45.75473007747076	517.2821371870533	3.285223066646223	3.650247851829137
S04	0.5%	BAY	magnitude_g0.50	measured	EX_glc__D_e	-0.2471596600997065	-0.24715966644852336	-0.24715966009964505	0.4083551791111208	0.017940953683000735	3.650247851829137
S04	0.5%	BAY	magnitude_g0.50	measured	EX_lac__L_e	0.4722076419842014	0.4722076419842175	0.47220765468182535	0.4083551791111208	0.017940953683000735	3.650247851829137
S04	0.5%	BAY	magnitude_g1.00	fraction	EX_glc__D_e	-10.0	-10.0	-9.999999999877645	531.6482530468244	3.285223066646223	3.650247851829137
S04	0.5%	BAY	magnitude_g1.00	fraction	EX_lac__L_e	42.770348291894685	42.7703482919038	42.770348369076174	531.6482530468244	3.285223066646223	3.650247851829137
S04	0.5%	BAY	magnitude_g1.00	measured	EX_glc__D_e	-0.24662193870430563	-0.2466219471247255	-0.24662193870430488	0.540585105141916	0.017940953683000735	3.650247851829137
S04	0.5%	BAY	magnitude_g1.00	measured	EX_lac__L_e	0.4711458625118026	0.47114586251175705	0.47114586838739125	0.540585105141916	0.017940953683000735	3.650247851829137
S04	0.5%	BAY	magnitude_g0.80	measured	EX_glc__D_e	-0.2466324839037643	-0.2466325001207943	-0.2466324713467975	0.4926432793829318	0.017940953683000735	3.650247851829137
S04	0.5%	BAY	magnitude_g0.80	measured	EX_lac__L_e	0.4711532895923177	0.47115328959231123	0.4711533220263807	0.4926432793829318	0.017940953683000735	3.650247851829137
S03	0.5%	DMSO	uniform_pfba	fraction	EX_glc__D_e	-10.0	-10.0	-9.999999994853324	896.0059228921607	3.285223066646223	3.650247851829137
S03	0.5%	DMSO	uniform_pfba	fraction	EX_lac__L_e	0.0	0.0	3.3518741259161793	896.0059228921607	3.285223066646223	3.650247851829137
S04	0.5%	BAY	magnitude_g1.25	measured	EX_glc__D_e	-0.24602802166741672	-0.24602803701481626	-0.24602802166741225	0.5947650369173488	0.017940953683000735	3.650247851829137
S04	0.5%	BAY	magnitude_g1.25	measured	EX_lac__L_e	0.47037797703902773	0.4703779770390236	0.47037800773381166	0.5947650369173488	0.017940953683000735	3.650247851829137
S04	0.5%	BAY	magnitude_g1.25	fraction	EX_glc__D_e	-10.0	-10.0	-9.999999999767105	546.6159203603524	3.285223066646223	3.650247851829137
S04	0.5%	BAY	magnitude_g1.25	fraction	EX_lac__L_e	41.504861145970715	41.50486114592557	41.50486158302821	546.6159203603524	3.285223066646223	3.650247851829137
S04	0.5%	BAY	magnitude_g0.50	fraction	EX_glc__D_e	-10.0	-10.0	-9.999999999973019	485.8211416704218	3.285223066646223	3.650247851829137
S04	0.5%	BAY	magnitude_g0.50	fraction	EX_lac__L_e	43.73348672652176	43.73348672650175	43.73348673679103	485.8211416704218	3.285223066646223	3.650247851829137
S04	0.5%	BAY	magnitude_g2.00	measured	EX_glc__D_e	-0.24498083097822926	-0.24498083418694222	-0.24498083034612395	0.7338041724674477	0.017940953683000735	3.650247851829137
S04	0.5%	BAY	magnitude_g2.00	measured	EX_lac__L_e	0.4682835948662129	0.4682835948662173	0.46828360207809777	0.7338041724674477	0.017940953683000735	3.650247851829137
S03	0.5%	DMSO	uniform_pfba	measured	EX_glc__D_e	-0.006661901266214585	-0.00666192930937618	-0.006661880233849028	3.9012217983803836	0.01983084473213053	3.650247851829137
S03	0.5%	DMSO	uniform_pfba	measured	EX_lac__L_e	0.0	0.0	0.11622101852207631	3.9012217983803836	0.01983084473213053	3.650247851829137
S04	0.5%	BAY	uniform_pfba	fraction	EX_glc__D_e	-10.0	-10.0	-9.999999994853324	896.0059228921607	3.285223066646223	3.650247851829137
S04	0.5%	BAY	uniform_pfba	fraction	EX_lac__L_e	0.0	0.0	3.3518741259161793	896.0059228921607	3.285223066646223	3.650247851829137
S04	0.5%	BAY	ordinal	fraction	EX_glc__D_e	-10.0	-10.0	-9.999999999998218	489.44701731137746	3.285223066646223	3.650247851829137
S04	0.5%	BAY	ordinal	fraction	EX_lac__L_e	44.99435657891403	44.994356578891924	44.99435658020639	489.44701731137746	3.285223066646223	3.650247851829137
S04	0.5%	BAY	ordinal	measured	EX_glc__D_e	-0.24990470432890968	-0.2499047471952248	-0.24990466956964125	0.3144959621985939	0.017940953683000735	3.650247851829137
S04	0.5%	BAY	ordinal	measured	EX_lac__L_e	0.47838553340242806	0.47838553340210377	0.4783856319233777	0.3144959621985939	0.017940953683000735	3.650247851829137
S04	0.5%	BAY	magnitude_g2.00	fraction	EX_glc__D_e	-10.0	-10.0	-9.999999999802949	573.3270048194532	3.285223066646223	3.650247851829137
S04	0.5%	BAY	magnitude_g2.00	fraction	EX_lac__L_e	40.571402441199915	40.57140244130811	40.57140253700232	573.3270048194532	3.285223066646223	3.650247851829137
S04	0.5%	BAY	uniform_pfba	measured	EX_glc__D_e	-0.006027018196770474	-0.006027046108744551	-0.006026997262797702	3.5294330895775046	0.017940953683000735	3.650247851829137
S04	0.5%	BAY	uniform_pfba	measured	EX_lac__L_e	0.0	0.0	0.10514509573101155	3.5294330895775046	0.017940953683000735	3.650247851829137
S05	21%	DMSO	magnitude_g0.80	fraction	EX_glc__D_e	-10.0	-10.0	-9.999999999998337	551.9097498623636	3.285223066646223	3.650247851829137
S05	21%	DMSO	magnitude_g0.80	fraction	EX_lac__L_e	36.355184328998284	36.355184330306855	36.3551844939283	551.9097498623636	3.285223066646223	3.650247851829137
S05	21%	DMSO	magnitude_g0.50	fraction	EX_glc__D_e	-10.0	-10.0	-9.999999999863281	517.1760765566078	3.285223066646223	3.650247851829137
S05	21%	DMSO	magnitude_g0.50	fraction	EX_lac__L_e	36.35838760027442	36.35838760024605	36.358387695541914	517.1760765566078	3.285223066646223	3.650247851829137
S05	21%	DMSO	magnitude_g0.50	measured	EX_glc__D_e	-0.37261839893337023	-0.3726184042910908	-0.37261839718444906	0.985508949269565	0.027172233116188327	3.650247851829137
S05	21%	DMSO	magnitude_g0.50	measured	EX_lac__L_e	0.7124045520677087	0.7124045520677564	0.7124045811930821	0.985508949269565	0.027172233116188327	3.650247851829137
S05	21%	DMSO	magnitude_g0.80	measured	EX_glc__D_e	-0.371032458456099	-0.37103246699128833	-0.371032430664786	1.2241241103475773	0.027172233116188327	3.650247851829137
S05	21%	DMSO	magnitude_g0.80	measured	EX_lac__L_e	0.7092326346509445	0.7092326346509393	0.7092327061440133	1.2241241103475773	0.027172233116188327	3.650247851829137
S05	21%	DMSO	magnitude_g1.00	fraction	EX_glc__D_e	-10.0	-10.0	-9.999999999982503	569.9166124359065	3.285223066646223	3.650247851829137
S05	21%	DMSO	magnitude_g1.00	fraction	EX_lac__L_e	36.18860708046956	36.18860708045661	36.18860709368813	569.9166124359065	3.285223066646223	3.650247851829137
S05	21%	DMSO	magnitude_g1.00	measured	EX_glc__D_e	-0.3710316844628922	-0.3710316918780807	-0.37103167855441666	1.3608504573679083	0.027172233116188327	3.650247851829137
S05	21%	DMSO	magnitude_g1.00	measured	EX_lac__L_e	0.7092321223884882	0.7092321223884066	0.7092321555102673	1.3608504573679083	0.027172233116188327	3.650247851829137
S05	21%	DMSO	magnitude_g1.25	fraction	EX_glc__D_e	-10.0	-10.0	-9.99999999989405	587.1726062144156	3.285223066646223	3.650247851829137
S05	21%	DMSO	magnitude_g1.25	fraction	EX_lac__L_e	35.743340994482374	35.743340994809586	35.74334153103785	587.1726062144156	3.285223066646223	3.650247851829137
S05	21%	DMSO	magnitude_g2.00	measured	EX_glc__D_e	-0.3689032382732224	-0.36890324149948167	-0.3689032370912365	1.9099087379314836	0.027172233116188327	3.650247851829137
S05	21%	DMSO	magnitude_g2.00	measured	EX_lac__L_e	0.7059376817125427	0.7059376817125274	0.705937691047333	1.9099087379314836	0.027172233116188327	3.650247851829137
S05	21%	DMSO	magnitude_g1.25	measured	EX_glc__D_e	-0.37028798905114424	-0.37028799393177825	-0.3702879870829958	1.5156346797571647	0.027172233116188327	3.650247851829137
S05	21%	DMSO	magnitude_g1.25	measured	EX_lac__L_e	0.7087071776069302	0.7087071776068026	0.7087071922540843	1.5156346797571647	0.027172233116188327	3.650247851829137
S05	21%	DMSO	uniform_pfba	fraction	EX_glc__D_e	-10.0	-10.0	-9.999999994853324	896.0059228921607	3.285223066646223	3.650247851829137
S05	21%	DMSO	uniform_pfba	fraction	EX_lac__L_e	0.0	0.0	3.3518741259161793	896.0059228921607	3.285223066646223	3.650247851829137
S05	21%	DMSO	ordinal	measured	EX_glc__D_e	-0.37397170933673873	-0.37397171421408615	-0.3739717093367355	0.7800965458722978	0.027172233116188327	3.650247851829137
S05	21%	DMSO	ordinal	measured	EX_lac__L_e	0.7151111912843642	0.7151111912843553	0.7151112000994561	0.7800965458722978	0.027172233116188327	3.650247851829137
S05	21%	DMSO	ordinal	fraction	EX_glc__D_e	-10.0	-10.0	-9.999999999314289	532.3701635157677	3.285223066646223	3.650247851829137
S05	21%	DMSO	ordinal	fraction	EX_lac__L_e	46.676634295825686	46.676634295743696	46.676637546845946	532.3701635157677	3.285223066646223	3.650247851829137
S06	21%	BAY	magnitude_g0.50	fraction	EX_glc__D_e	-10.0	-10.0	-9.999999999762464	491.80913605011153	3.285223066646223	3.650247851829137
S06	21%	BAY	magnitude_g0.50	fraction	EX_lac__L_e	35.92801415829661	35.92801415830279	35.92801426655833	491.80913605011153	3.285223066646223	3.650247851829137
S05	21%	DMSO	magnitude_g2.00	fraction	EX_glc__D_e	-10.0	-10.0	-9.999999999659792	621.0608818041551	3.285223066646223	3.650247851829137
S05	21%	DMSO	magnitude_g2.00	fraction	EX_lac__L_e	37.63359388076952	37.63359388084911	37.633594238792334	621.0608818041551	3.285223066646223	3.650247851829137
S05	21%	DMSO	uniform_pfba	measured	EX_glc__D_e	-0.009128140361530812	-0.009128168914266545	-0.009128118946977782	5.3454560093345425	0.027172233116188327	3.650247851829137
S05	21%	DMSO	uniform_pfba	measured	EX_lac__L_e	0.0	0.0	0.15924606536724745	5.3454560093345425	0.027172233116188327	3.650247851829137
S06	21%	BAY	magnitude_g0.80	fraction	EX_glc__D_e	-10.0	-10.0	-9.999999998457016	524.6216961834454	3.285223066646223	3.650247851829137
S06	21%	BAY	magnitude_g0.80	fraction	EX_lac__L_e	39.59939090678433	39.59939090679935	39.59939152928422	524.6216961834454	3.285223066646223	3.650247851829137
S06	21%	BAY	magnitude_g0.50	measured	EX_glc__D_e	-0.3013002927138713	-0.3013003004662415	-0.30130029271387004	0.528917903288955	0.021948251260647308	3.650247851829137
S06	21%	BAY	magnitude_g0.50	measured	EX_lac__L_e	0.5706795170236179	0.5706795170236147	0.5706795491553246	0.528917903288955	0.021948251260647308	3.650247851829137
S06	21%	BAY	magnitude_g0.80	measured	EX_glc__D_e	-0.30151321645397605	-0.3015132164539372	-0.3015131890655353	0.6441599349903866	0.021948251260647308	3.650247851829137
S06	21%	BAY	magnitude_g0.80	measured	EX_lac__L_e	0.573909445393412	0.5739094453933461	0.5739095353974236	0.6441599349903866	0.021948251260647308	3.650247851829137
S06	21%	BAY	magnitude_g1.00	measured	EX_glc__D_e	-0.30079826688143363	-0.30079827334839404	-0.30079826688144595	0.7092280473093286	0.021948251260647308	3.650247851829137
S06	21%	BAY	magnitude_g1.00	measured	EX_lac__L_e	0.5732502714190443	0.5732502714190593	0.5732502898989832	0.7092280473093286	0.021948251260647308	3.650247851829137
S06	21%	BAY	magnitude_g2.00	fraction	EX_glc__D_e	-10.0	-10.0	-9.999999999768962	583.7532021221514	3.285223066646223	3.650247851829137
S06	21%	BAY	magnitude_g2.00	fraction	EX_lac__L_e	40.205255296990195	40.20525529704302	40.205255461192195	583.7532021221514	3.285223066646223	3.650247851829137
S06	21%	BAY	magnitude_g2.00	measured	EX_glc__D_e	-0.2996998331690857	-0.2996998353906909	-0.2996998305909297	0.9707571759216248	0.021948251260647308	3.650247851829137
S06	21%	BAY	magnitude_g2.00	measured	EX_lac__L_e	0.5728795750221763	0.5728795750221513	0.5728795841509758	0.9707571759216248	0.021948251260647308	3.650247851829137
S06	21%	BAY	magnitude_g1.00	fraction	EX_glc__D_e	-10.0	-10.0	-9.999999999675302	540.8922998720177	3.285223066646223	3.650247851829137
S06	21%	BAY	magnitude_g1.00	fraction	EX_lac__L_e	40.619628953862616	40.61962895389654	40.61962935167673	540.8922998720177	3.285223066646223	3.650247851829137
S06	21%	BAY	magnitude_g1.25	fraction	EX_glc__D_e	-10.0	-10.0	-9.999999999889	556.3172618453657	3.285223066646223	3.650247851829137
S06	21%	BAY	magnitude_g1.25	fraction	EX_lac__L_e	38.50408216563455	38.50408216556621	38.504082633901774	556.3172618453657	3.285223066646223	3.650247851829137
S06	21%	BAY	magnitude_g1.25	measured	EX_glc__D_e	-0.30068925189190726	-0.30068925819083253	-0.3006892518918874	0.7826852588310592	0.021948251260647308	3.650247851829137
S06	21%	BAY	magnitude_g1.25	measured	EX_lac__L_e	0.5730322414399914	0.5730322414400104	0.573032259914517	0.7826852588310592	0.021948251260647308	3.650247851829137
S06	21%	BAY	ordinal	fraction	EX_glc__D_e	-10.0	-10.0	-9.999999999847603	504.3049644161359	3.285223066646223	3.650247851829137
S06	21%	BAY	ordinal	fraction	EX_lac__L_e	47.79373002676684	47.79373002675142	47.79373061809885	504.3049644161359	3.285223066646223	3.650247851829137
S06	21%	BAY	uniform_pfba	fraction	EX_glc__D_e	-10.0	-10.0	-9.999999994853324	896.0059228921607	3.285223066646223	3.650247851829137
S06	21%	BAY	uniform_pfba	fraction	EX_lac__L_e	0.0	0.0	3.3518741259161793	896.0059228921607	3.285223066646223	3.650247851829137
S06	21%	BAY	ordinal	measured	EX_glc__D_e	-0.3033432372320238	-0.3033432529771586	-0.3033432371854994	0.4010165613336883	0.021948251260647308	3.650247851829137
S06	21%	BAY	ordinal	measured	EX_lac__L_e	0.5747662399384516	0.574766239938827	0.574766411372966	0.4010165613336883	0.021948251260647308	3.650247851829137
S07	0.5%	DMSO	magnitude_g0.50	fraction	EX_glc__D_e	-10.0	-10.0	-9.999999999933985	495.11133855401994	3.285223066646223	3.650247851829137
S07	0.5%	DMSO	magnitude_g0.50	fraction	EX_lac__L_e	36.07836011111961	36.07836011128247	36.07836052061292	495.11133855401994	3.285223066646223	3.650247851829137
S07	0.5%	DMSO	magnitude_g0.50	measured	EX_glc__D_e	-0.27261263798507746	-0.2726126437436714	-0.27261263732001945	0.5068505302090841	0.01983084473213053	3.650247851829137
S07	0.5%	DMSO	magnitude_g0.50	measured	EX_lac__L_e	0.5207843440988413	0.5207843440988008	0.5207843761957563	0.5068505302090841	0.01983084473213053	3.650247851829137
S07	0.5%	DMSO	magnitude_g0.80	measured	EX_glc__D_e	-0.2726117306445886	-0.2726117382643921	-0.2726117247897834	0.617697399714941	0.01983084473213053	3.650247851829137
S07	0.5%	DMSO	magnitude_g0.80	measured	EX_lac__L_e	0.520783708346236	0.5207837083461139	0.5207837317220586	0.617697399714941	0.01983084473213053	3.650247851829137
S07	0.5%	DMSO	magnitude_g1.00	fraction	EX_glc__D_e	-10.0	-10.0	-9.999999999299739	540.2731274051723	3.285223066646223	3.650247851829137
S07	0.5%	DMSO	magnitude_g1.00	fraction	EX_lac__L_e	35.69526033782954	35.69526033779571	35.69526093241432	540.2731274051723	3.285223066646223	3.650247851829137
S07	0.5%	DMSO	magnitude_g1.00	measured	EX_glc__D_e	-0.2719445200146061	-0.2719445285010131	-0.271944517427234	0.6812515750562425	0.01983084473213053	3.650247851829137
S07	0.5%	DMSO	magnitude_g1.00	measured	EX_lac__L_e	0.5199274088074515	0.5199274088074349	0.5199274340916384	0.6812515750562425	0.01983084473213053	3.650247851829137
S06	21%	BAY	uniform_pfba	measured	EX_glc__D_e	-0.007373215051580527	-0.007373243241693157	-0.007373193909004272	4.317768476883623	0.021948251260647308	3.650247851829137
S06	21%	BAY	uniform_pfba	measured	EX_lac__L_e	0.0	0.0	0.12863032181915476	4.317768476883623	0.021948251260647308	3.650247851829137
S07	0.5%	DMSO	magnitude_g0.80	fraction	EX_glc__D_e	-10.0	-10.0	-9.99999999974445	525.3062143912936	3.285223066646223	3.650247851829137
S07	0.5%	DMSO	magnitude_g0.80	fraction	EX_lac__L_e	41.04064435200602	41.040644352141584	41.04064464947506	525.3062143912936	3.285223066646223	3.650247851829137
S07	0.5%	DMSO	magnitude_g1.25	measured	EX_glc__D_e	-0.27078698808705026	-0.270786993394593	-0.27078698432240167	0.7533974933510492	0.01983084473213053	3.650247851829137
S07	0.5%	DMSO	magnitude_g1.25	measured	EX_lac__L_e	0.5176123466732075	0.5176123466732117	0.5176123638787792	0.7533974933510492	0.01983084473213053	3.650247851829137
S07	0.5%	DMSO	magnitude_g2.00	fraction	EX_glc__D_e	-10.0	-10.0	-9.999999999464862	579.7793752576458	3.285223066646223	3.650247851829137
S07	0.5%	DMSO	magnitude_g2.00	fraction	EX_lac__L_e	40.560560966313645	40.560560966295945	40.560561405137605	579.7793752576458	3.285223066646223	3.650247851829137
S07	0.5%	DMSO	ordinal	fraction	EX_glc__D_e	-10.0	-10.0	-9.999999999876959	506.7334860503522	3.285223066646223	3.650247851829137
S07	0.5%	DMSO	ordinal	fraction	EX_lac__L_e	43.681928666170506	43.681928666703456	43.68192939394418	506.7334860503522	3.285223066646223	3.650247851829137
S07	0.5%	DMSO	ordinal	measured	EX_glc__D_e	-0.27541921985087686	-0.2754192236080527	-0.2754192198508883	0.3577525923235475	0.01983084473213053	3.650247851829137
S07	0.5%	DMSO	ordinal	measured	EX_lac__L_e	0.5263975284101673	0.5263975284103014	0.5263975376753701	0.3577525923235475	0.01983084473213053	3.650247851829137
S07	0.5%	DMSO	magnitude_g1.25	fraction	EX_glc__D_e	-10.0	-10.0	-9.999999999809763	554.5083728197284	3.285223066646223	3.650247851829137
S07	0.5%	DMSO	magnitude_g1.25	fraction	EX_lac__L_e	39.95737144846732	39.95737144581259	39.95738889650513	554.5083728197284	3.285223066646223	3.650247851829137
S07	0.5%	DMSO	magnitude_g2.00	measured	EX_glc__D_e	-0.2707869857136166	-0.27078698975897497	-0.2707869857135808	0.9386149917614465	0.01983084473213053	3.650247851829137
S07	0.5%	DMSO	magnitude_g2.00	measured	EX_lac__L_e	0.5176123524412267	0.5176123524412042	0.5176123564865035	0.9386149917614465	0.01983084473213053	3.650247851829137
S07	0.5%	DMSO	uniform_pfba	measured	EX_glc__D_e	-0.006661901266214585	-0.00666192930937618	-0.006661880233849028	3.9012217983803836	0.01983084473213053	3.650247851829137
S07	0.5%	DMSO	uniform_pfba	measured	EX_lac__L_e	0.0	0.0	0.11622101852207631	3.9012217983803836	0.01983084473213053	3.650247851829137
S07	0.5%	DMSO	uniform_pfba	fraction	EX_glc__D_e	-10.0	-10.0	-9.999999994853324	896.0059228921607	3.285223066646223	3.650247851829137
S07	0.5%	DMSO	uniform_pfba	fraction	EX_lac__L_e	0.0	0.0	3.3518741259161793	896.0059228921607	3.285223066646223	3.650247851829137
S08	0.5%	BAY	magnitude_g0.50	measured	EX_glc__D_e	-0.2479586482991403	-0.24795867073045985	-0.24795864829911743	0.41150539659209723	0.017940953683000735	3.650247851829137
S08	0.5%	BAY	magnitude_g0.50	measured	EX_lac__L_e	0.46982701048936903	0.469827010489336	0.4698270686446733	0.41150539659209723	0.017940953683000735	3.650247851829137
S08	0.5%	BAY	magnitude_g0.50	fraction	EX_glc__D_e	-10.0	-10.0	-9.999999999508006	491.58822531553733	3.285223066646223	3.650247851829137
S08	0.5%	BAY	magnitude_g0.50	fraction	EX_lac__L_e	45.866232822933675	45.86623282296892	45.866234395770086	491.58822531553733	3.285223066646223	3.650247851829137
S08	0.5%	BAY	magnitude_g0.80	fraction	EX_glc__D_e	-10.0	-10.0	-9.999999999983045	518.9261405538906	3.285223066646223	3.650247851829137
S08	0.5%	BAY	magnitude_g0.80	fraction	EX_lac__L_e	46.60643154041093	46.60643154344203	46.60643227992506	518.9261405538906	3.285223066646223	3.650247851829137
S08	0.5%	BAY	magnitude_g1.00	fraction	EX_glc__D_e	-10.0	-10.0	-9.999999999983128	532.8208612958823	3.285223066646223	3.650247851829137
S08	0.5%	BAY	magnitude_g1.00	fraction	EX_lac__L_e	45.709256762957246	45.70925676100202	45.709257264935594	532.8208612958823	3.285223066646223	3.650247851829137
S08	0.5%	BAY	magnitude_g0.80	measured	EX_glc__D_e	-0.24663249244055774	-0.24663249924947922	-0.24663248827818476	0.49425431578311035	0.017940953683000735	3.650247851829137
S08	0.5%	BAY	magnitude_g0.80	measured	EX_lac__L_e	0.4711532638407636	0.47115326384063394	0.4711533202837633	0.49425431578311035	0.017940953683000735	3.650247851829137
S08	0.5%	BAY	magnitude_g1.25	fraction	EX_glc__D_e	-10.0	-10.0	-9.999999999971225	546.7653659202902	3.285223066646223	3.650247851829137
S08	0.5%	BAY	magnitude_g1.25	fraction	EX_lac__L_e	41.340915659590635	41.340915658603	41.34091583052765	546.7653659202902	3.285223066646223	3.650247851829137
S08	0.5%	BAY	magnitude_g2.00	measured	EX_glc__D_e	-0.24498083097797638	-0.24498083328371661	-0.24498083030326775	0.7355239409392322	0.017940953683000735	3.650247851829137
S08	0.5%	BAY	magnitude_g2.00	measured	EX_lac__L_e	0.4682835948631826	0.4682835948023881	0.4682836002716103	0.7355239409392322	0.017940953683000735	3.650247851829137
S08	0.5%	BAY	magnitude_g2.00	fraction	EX_glc__D_e	-10.0	-10.0	-9.999999998831566	570.9079619266334	3.285223066646223	3.650247851829137
S08	0.5%	BAY	magnitude_g2.00	fraction	EX_lac__L_e	40.57139687947637	40.5713968794837	40.571398381582775	570.9079619266334	3.285223066646223	3.650247851829137
S08	0.5%	BAY	magnitude_g1.25	measured	EX_glc__D_e	-0.24602799345163434	-0.24602800306110348	-0.24602799345163703	0.5962358188195659	0.017940953683000735	3.650247851829137
S08	0.5%	BAY	magnitude_g1.25	measured	EX_lac__L_e	0.4703779206074628	0.47037792060747535	0.47037793982638637	0.5962358188195659	0.017940953683000735	3.650247851829137
S08	0.5%	BAY	ordinal	fraction	EX_glc__D_e	-10.0	-10.0	-9.999999999826413	498.99498168022933	3.285223066646223	3.650247851829137
S08	0.5%	BAY	ordinal	fraction	EX_lac__L_e	52.16339051254686	52.163390512620836	52.16339065582321	498.99498168022933	3.285223066646223	3.650247851829137
S08	0.5%	BAY	magnitude_g1.00	measured	EX_glc__D_e	-0.24629647209807543	-0.24629648092028314	-0.24629647209809877	0.5420272067068377	0.017940953683000735	3.650247851829137
S08	0.5%	BAY	magnitude_g1.00	measured	EX_lac__L_e	0.47091487790034586	0.470914877900334	0.47091488927933844	0.5420272067068377	0.017940953683000735	3.650247851829137
S09	21%	DMSO	magnitude_g0.50	measured	EX_glc__D_e	-0.3730259426478881	-0.3730259604023767	-0.3730259382767885	0.9791029402730582	0.027172233116188327	3.650247851829137
S09	21%	DMSO	magnitude_g0.50	measured	EX_lac__L_e	0.7132196486896835	0.7132196486897444	0.7132196934156114	0.9791029402730582	0.027172233116188327	3.650247851829137
S08	0.5%	BAY	uniform_pfba	fraction	EX_glc__D_e	-10.0	-10.0	-9.999999994853324	896.0059228921607	3.285223066646223	3.650247851829137
S08	0.5%	BAY	uniform_pfba	fraction	EX_lac__L_e	0.0	0.0	3.3518741259161793	896.0059228921607	3.285223066646223	3.650247851829137
S09	21%	DMSO	magnitude_g0.50	fraction	EX_glc__D_e	-10.0	-10.0	-9.999999999950036	516.7309778109557	3.285223066646223	3.650247851829137
S09	21%	DMSO	magnitude_g0.50	fraction	EX_lac__L_e	36.292538304103175	36.292538304107914	36.29253833919313	516.7309778109557	3.285223066646223	3.650247851829137
S08	0.5%	BAY	ordinal	measured	EX_glc__D_e	-0.24990461269870237	-0.24990461861234933	-0.24990461269868203	0.31201009362237453	0.017940953683000735	3.650247851829137
S08	0.5%	BAY	ordinal	measured	EX_lac__L_e	0.4783850119503188	0.47838501195027094	0.47838502832654967	0.31201009362237453	0.017940953683000735	3.650247851829137
S09	21%	DMSO	magnitude_g1.00	measured	EX_glc__D_e	-0.37103242018422666	-0.371032465029364	-0.3710324201845667	1.3493441911196313	0.027172233116188327	3.650247851829137
S09	21%	DMSO	magnitude_g1.00	measured	EX_lac__L_e	0.7092326696087478	0.7092326696083168	0.7092327026695747	1.3493441911196313	0.027172233116188327	3.650247851829137
S08	0.5%	BAY	uniform_pfba	measured	EX_glc__D_e	-0.006027018196770474	-0.006027046108744551	-0.006026997262797702	3.5294330895775046	0.017940953683000735	3.650247851829137
S08	0.5%	BAY	uniform_pfba	measured	EX_lac__L_e	0.0	0.0	0.10514509573101155	3.5294330895775046	0.017940953683000735	3.650247851829137
S09	21%	DMSO	magnitude_g0.80	measured	EX_glc__D_e	-0.3710324630371068	-0.37103246696801445	-0.37103245869930235	1.2146577139821708	0.027172233116188327	3.650247851829137
S09	21%	DMSO	magnitude_g0.80	measured	EX_lac__L_e	0.7092326896230349	0.7092326896230668	0.7092327065469349	1.2146577139821708	0.027172233116188327	3.650247851829137
S09	21%	DMSO	magnitude_g1.00	fraction	EX_glc__D_e	-10.0	-10.0	-9.999999997900783	565.9674005721768	3.285223066646223	3.650247851829137
S09	21%	DMSO	magnitude_g1.00	fraction	EX_lac__L_e	36.18860283056097	36.18860283060029	36.18860744475245	565.9674005721768	3.285223066646223	3.650247851829137
S09	21%	DMSO	magnitude_g0.80	fraction	EX_glc__D_e	-10.0	-10.0	-9.999999999574138	549.4679154430588	3.285223066646223	3.650247851829137
S09	21%	DMSO	magnitude_g0.80	fraction	EX_lac__L_e	36.16546570449085	36.16546570454631	36.16546593299818	549.4679154430588	3.285223066646223	3.650247851829137
S09	21%	DMSO	magnitude_g1.25	fraction	EX_glc__D_e	-10.0	-10.0	-9.999999999650264	582.3338253112602	3.285223066646223	3.650247851829137
S09	21%	DMSO	magnitude_g1.25	fraction	EX_lac__L_e	36.1885799784981	36.188579978548645	36.188580366110564	582.3338253112602	3.285223066646223	3.650247851829137
S09	21%	DMSO	magnitude_g1.25	measured	EX_glc__D_e	-0.3702879899370693	-0.3702879921990685	-0.37028798973807175	1.5019745901077952	0.027172233116188327	3.650247851829137
S09	21%	DMSO	magnitude_g1.25	measured	EX_lac__L_e	0.7087071882380489	0.7087071882380421	0.7087071910309771	1.5019745901077952	0.027172233116188327	3.650247851829137
S09	21%	DMSO	magnitude_g2.00	measured	EX_glc__D_e	-0.3702879900027993	-0.3702879900710882	-0.3702879900027987	1.8916891487684449	0.027172233116188327	3.650247851829137
S09	21%	DMSO	magnitude_g2.00	measured	EX_lac__L_e	0.7087071894286752	0.7087071894035808	0.7087071895260574	1.8916891487684449	0.027172233116188327	3.650247851829137
S09	21%	DMSO	magnitude_g2.00	fraction	EX_glc__D_e	-10.0	-10.0	-9.999999999753719	614.7321632335947	3.285223066646223	3.650247851829137
S09	21%	DMSO	magnitude_g2.00	fraction	EX_lac__L_e	38.67438482981278	38.67438482981902	38.67438502233669	614.7321632335947	3.285223066646223	3.650247851829137
S09	21%	DMSO	ordinal	fraction	EX_glc__D_e	-10.0	-10.0	-9.999999999589972	534.1493752729338	3.285223066646223	3.650247851829137
S09	21%	DMSO	ordinal	fraction	EX_lac__L_e	37.788429184758066	37.78842918487958	37.78843012063243	534.1493752729338	3.285223066646223	3.650247851829137
S09	21%	DMSO	uniform_pfba	fraction	EX_glc__D_e	-10.0	-10.0	-9.999999994853324	896.0059228921607	3.285223066646223	3.650247851829137
S09	21%	DMSO	uniform_pfba	fraction	EX_lac__L_e	0.0	0.0	3.3518741259161793	896.0059228921607	3.285223066646223	3.650247851829137
S09	21%	DMSO	uniform_pfba	measured	EX_glc__D_e	-0.009128140361530812	-0.009128168914266545	-0.009128118946977782	5.3454560093345425	0.027172233116188327	3.650247851829137
S09	21%	DMSO	uniform_pfba	measured	EX_lac__L_e	0.0	0.0	0.15924606536724745	5.3454560093345425	0.027172233116188327	3.650247851829137
S10	21%	BAY	magnitude_g0.50	fraction	EX_glc__D_e	-10.0	-10.0	-9.999999999739428	499.3686419713549	3.285223066646223	3.650247851829137
S10	21%	BAY	magnitude_g0.50	fraction	EX_lac__L_e	36.92375413511246	36.92375413509182	36.92375425234854	499.3686419713549	3.285223066646223	3.650247851829137
S09	21%	DMSO	ordinal	measured	EX_glc__D_e	-0.3743797380718985	-0.37437974414969044	-0.37437973807187624	0.793664690291749	0.027172233116188327	3.650247851829137
S09	21%	DMSO	ordinal	measured	EX_lac__L_e	0.7159272487546843	0.7159272487546778	0.7159272596829961	0.793664690291749	0.027172233116188327	3.650247851829137
S10	21%	BAY	magnitude_g0.80	fraction	EX_glc__D_e	-10.0	-10.0	-9.99999999981556	529.7588585049783	3.285223066646223	3.650247851829137
S10	21%	BAY	magnitude_g0.80	fraction	EX_lac__L_e	36.35838761283036	36.358387612844425	36.35838769644558	529.7588585049783	3.285223066646223	3.650247851829137
S10	21%	BAY	magnitude_g1.00	fraction	EX_glc__D_e	-10.0	-10.0	-9.999999999263148	544.8645864821867	3.285223066646223	3.650247851829137
S10	21%	BAY	magnitude_g1.00	fraction	EX_lac__L_e	33.01961476860749	33.01961476856416	33.01962269754971	544.8645864821867	3.285223066646223	3.650247851829137
S10	21%	BAY	magnitude_g0.50	measured	EX_glc__D_e	-0.3029756134604113	-0.30297561980221627	-0.3029756134603229	0.5434399792814857	0.021948251260647308	3.650247851829137
S10	21%	BAY	magnitude_g0.50	measured	EX_lac__L_e	0.5740301585166974	0.574030158516733	0.5740301712003768	0.5434399792814857	0.021948251260647308	3.650247851829137
S10	21%	BAY	magnitude_g1.25	fraction	EX_glc__D_e	-10.0	-10.0	-9.999999999057408	559.4695193946102	3.285223066646223	3.650247851829137
S10	21%	BAY	magnitude_g1.25	fraction	EX_lac__L_e	25.3403267504824	25.340326750511938	25.34033389781221	559.4695193946102	3.285223066646223	3.650247851829137
S10	21%	BAY	magnitude_g0.80	measured	EX_glc__D_e	-0.30151290857309304	-0.30151290857308755	-0.3015128996216481	0.6591779636020021	0.021948251260647308	3.650247851829137
S10	21%	BAY	magnitude_g0.80	measured	EX_lac__L_e	0.573909520412968	0.5739095204130258	0.5739095318035435	0.6591779636020021	0.021948251260647308	3.650247851829137
S10	21%	BAY	magnitude_g1.00	measured	EX_glc__D_e	-0.3011269250815227	-0.3011269307811503	-0.3011269250815056	0.7257359167313633	0.021948251260647308	3.650247851829137
S10	21%	BAY	magnitude_g1.00	measured	EX_lac__L_e	0.5739075878192228	0.5739075878192883	0.573907601995754	0.7257359167313633	0.021948251260647308	3.650247851829137
S10	21%	BAY	ordinal	fraction	EX_glc__D_e	-10.0	-10.0	-9.999999999226576	517.2722920006737	3.285223066646223	3.650247851829137
S10	21%	BAY	ordinal	fraction	EX_lac__L_e	46.1426665219871	46.14266652198425	46.14266856601509	517.2722920006737	3.285223066646223	3.650247851829137
S10	21%	BAY	ordinal	measured	EX_glc__D_e	-0.30236932389448257	-0.3023693435353398	-0.302369323894515	0.4341008969721944	0.021948251260647308	3.650247851829137
S10	21%	BAY	ordinal	measured	EX_lac__L_e	0.5776880975318817	0.5776880975319327	0.5776881376196804	0.4341008969721944	0.021948251260647308	3.650247851829137
S10	21%	BAY	magnitude_g1.25	measured	EX_glc__D_e	-0.30079800477324214	-0.3007980207251462	-0.30079800477327173	0.8012161608447536	0.021948251260647308	3.650247851829137
S10	21%	BAY	magnitude_g1.25	measured	EX_lac__L_e	0.5732497472026618	0.5732497472027235	0.5732498287376349	0.8012161608447536	0.021948251260647308	3.650247851829137
S10	21%	BAY	magnitude_g2.00	measured	EX_glc__D_e	-0.2996998332471027	-0.2996998360429565	-0.2996998272195356	0.994388368858412	0.021948251260647308	3.650247851829137
S10	21%	BAY	magnitude_g2.00	measured	EX_lac__L_e	0.5728795759583852	0.5728795759583815	0.5728795854555082	0.994388368858412	0.021948251260647308	3.650247851829137
S10	21%	BAY	magnitude_g2.00	fraction	EX_glc__D_e	-10.0	-10.0	-9.999999999058538	586.8011092018854	3.285223066646223	3.650247851829137
S10	21%	BAY	magnitude_g2.00	fraction	EX_lac__L_e	40.55694386462372	40.55694386489114	40.55694782392584	586.8011092018854	3.285223066646223	3.650247851829137
S11	0.5%	DMSO	magnitude_g0.50	fraction	EX_glc__D_e	-10.0	-10.0	-9.999999999919128	494.8578727040552	3.285223066646223	3.650247851829137
S11	0.5%	DMSO	magnitude_g0.50	fraction	EX_lac__L_e	33.17633898656916	33.176338986929466	33.17633940561881	494.8578727040552	3.285223066646223	3.650247851829137
S11	0.5%	DMSO	magnitude_g0.50	measured	EX_glc__D_e	-0.2726124854231814	-0.2726124918549958	-0.2726124810096402	0.5131592425447864	0.01983084473213053	3.650247851829137
S11	0.5%	DMSO	magnitude_g0.50	measured	EX_lac__L_e	0.5207840271394628	0.5207840271394433	0.5207840874927131	0.5131592425447864	0.01983084473213053	3.650247851829137
S11	0.5%	DMSO	magnitude_g0.80	measured	EX_glc__D_e	-0.27261086633131987	-0.27261087539659445	-0.27261086633142323	0.6251815785990046	0.01983084473213053	3.650247851829137
S11	0.5%	DMSO	magnitude_g0.80	measured	EX_lac__L_e	0.5207831167627042	0.5207831167628185	0.5207831232791085	0.6251815785990046	0.01983084473213053	3.650247851829137
S11	0.5%	DMSO	magnitude_g0.80	fraction	EX_glc__D_e	-10.0	-10.0	-9.999999999827402	524.581255768744	3.285223066646223	3.650247851829137
S11	0.5%	DMSO	magnitude_g0.80	fraction	EX_lac__L_e	30.995572946749334	30.995572946962927	30.995573164277644	524.581255768744	3.285223066646223	3.650247851829137
S10	21%	BAY	uniform_pfba	measured	EX_glc__D_e	-0.007373215051580527	-0.007373243241693157	-0.007373193909004272	4.317768476883623	0.021948251260647308	3.650247851829137
S10	21%	BAY	uniform_pfba	measured	EX_lac__L_e	0.0	0.0	0.12863032181915476	4.317768476883623	0.021948251260647308	3.650247851829137
S11	0.5%	DMSO	magnitude_g1.00	measured	EX_glc__D_e	-0.2722378002207327	-0.272237805313966	-0.27223780022067234	0.6888247807067785	0.01983084473213053	3.650247851829137
S11	0.5%	DMSO	magnitude_g1.00	measured	EX_lac__L_e	0.52051397753107	0.5205139775312632	0.5205139875183312	0.6888247807067785	0.01983084473213053	3.650247851829137
S11	0.5%	DMSO	magnitude_g1.00	fraction	EX_glc__D_e	-10.0	-10.0	-9.999999999711052	538.4138279979583	3.285223066646223	3.650247851829137
S11	0.5%	DMSO	magnitude_g1.00	fraction	EX_lac__L_e	27.6785727781251	27.678572778150482	27.678573034870084	538.4138279979583	3.285223066646223	3.650247851829137
S10	21%	BAY	uniform_pfba	fraction	EX_glc__D_e	-10.0	-10.0	-9.999999994853324	896.0059228921607	3.285223066646223	3.650247851829137
S10	21%	BAY	uniform_pfba	fraction	EX_lac__L_e	0.0	0.0	3.3518741259161793	896.0059228921607	3.285223066646223	3.650247851829137
S11	0.5%	DMSO	magnitude_g1.25	fraction	EX_glc__D_e	-10.0	-10.0	-9.999999998875978	552.0616394994067	3.285223066646223	3.650247851829137
S11	0.5%	DMSO	magnitude_g1.25	fraction	EX_lac__L_e	28.537376510477166	28.53737650384686	28.537489879841562	552.0616394994067	3.285223066646223	3.650247851829137
S11	0.5%	DMSO	magnitude_g2.00	fraction	EX_glc__D_e	-10.0	-10.0	-9.999999998934854	577.6611788302043	3.285223066646223	3.650247851829137
S11	0.5%	DMSO	magnitude_g2.00	fraction	EX_lac__L_e	40.205251248627775	40.205251248619355	40.20525147798652	577.6611788302043	3.285223066646223	3.650247851829137
S11	0.5%	DMSO	magnitude_g2.00	measured	EX_glc__D_e	-0.27078697586283884	-0.27078699024888064	-0.27078697586290906	0.9454608564230844	0.01983084473213053	3.650247851829137
S11	0.5%	DMSO	magnitude_g2.00	measured	EX_lac__L_e	0.5176123454877357	0.5176123454877785	0.5176123569868322	0.9454608564230844	0.01983084473213053	3.650247851829137
S11	0.5%	DMSO	magnitude_g1.25	measured	EX_glc__D_e	-0.271943097470574	-0.27194310278341943	-0.2719430974705943	0.7609973788089137	0.01983084473213053	3.650247851829137
S11	0.5%	DMSO	magnitude_g1.25	measured	EX_lac__L_e	0.5199245720307509	0.5199245720306229	0.5199245823962344	0.7609973788089137	0.01983084473213053	3.650247851829137
S11	0.5%	DMSO	uniform_pfba	measured	EX_glc__D_e	-0.006661901266214585	-0.00666192930937618	-0.006661880233849028	3.9012217983803836	0.01983084473213053	3.650247851829137
S11	0.5%	DMSO	uniform_pfba	measured	EX_lac__L_e	0.0	0.0	0.11622101852207631	3.9012217983803836	0.01983084473213053	3.650247851829137
S11	0.5%	DMSO	uniform_pfba	fraction	EX_glc__D_e	-10.0	-10.0	-9.999999994853324	896.0059228921607	3.285223066646223	3.650247851829137
S11	0.5%	DMSO	uniform_pfba	fraction	EX_lac__L_e	0.0	0.0	3.3518741259161793	896.0059228921607	3.285223066646223	3.650247851829137
S12	0.5%	BAY	magnitude_g0.50	measured	EX_glc__D_e	-0.24668625999435143	-0.24668626415482017	-0.24668625854046067	0.41367151716272443	0.017940953683000735	3.650247851829137
S12	0.5%	BAY	magnitude_g0.50	measured	EX_lac__L_e	0.47126081351342697	0.4712608135133412	0.4712608500944193	0.41367151716272443	0.017940953683000735	3.650247851829137
S11	0.5%	DMSO	ordinal	fraction	EX_glc__D_e	-10.0	-10.0	-9.999999999912468	506.9384991695405	3.285223066646223	3.650247851829137
S11	0.5%	DMSO	ordinal	fraction	EX_lac__L_e	41.94227645200396	41.94227645200314	41.94227669975699	506.9384991695405	3.285223066646223	3.650247851829137
S11	0.5%	DMSO	ordinal	measured	EX_glc__D_e	-0.2765388281131701	-0.27653884093200454	-0.27653882811318947	0.3923720212152405	0.01983084473213053	3.650247851829137
S11	0.5%	DMSO	ordinal	measured	EX_lac__L_e	0.5286367449347541	0.5286367449348215	0.5286367705723973	0.3923720212152405	0.01983084473213053	3.650247851829137
S12	0.5%	BAY	magnitude_g0.80	measured	EX_glc__D_e	-0.24663249622414976	-0.24663250055462307	-0.24663248839514984	0.49800572485611777	0.017940953683000735	3.650247851829137
S12	0.5%	BAY	magnitude_g0.80	measured	EX_lac__L_e	0.4711533092438655	0.4711533092438877	0.47115332289402684	0.49800572485611777	0.017940953683000735	3.650247851829137
S12	0.5%	BAY	magnitude_g0.50	fraction	EX_glc__D_e	-10.0	-10.0	-9.99999999994696	489.1523590260196	3.285223066646223	3.650247851829137
S12	0.5%	BAY	magnitude_g0.50	fraction	EX_lac__L_e	45.754581909136554	45.754581909895464	45.75458238333851	489.1523590260196	3.285223066646223	3.650247851829137
S12	0.5%	BAY	magnitude_g1.00	measured	EX_glc__D_e	-0.24629708997019623	-0.246297107000047	-0.2462970899701895	0.5460133998259706	0.017940953683000735	3.650247851829137
S12	0.5%	BAY	magnitude_g1.00	measured	EX_lac__L_e	0.4709161136445863	0.4709161136445793	0.47091613830942525	0.5460133998259706	0.017940953683000735	3.650247851829137
S12	0.5%	BAY	magnitude_g0.80	fraction	EX_glc__D_e	-10.0	-10.0	-9.999999999589429	518.2818136169678	3.285223066646223	3.650247851829137
S12	0.5%	BAY	magnitude_g0.80	fraction	EX_lac__L_e	33.08953123173547	33.08953123177784	33.08953196427641	518.2818136169678	3.285223066646223	3.650247851829137
S12	0.5%	BAY	magnitude_g1.25	measured	EX_glc__D_e	-0.24602805024987304	-0.2460280788743576	-0.24602805024987348	0.6003560872212128	0.017940953683000735	3.650247851829137
S12	0.5%	BAY	magnitude_g1.25	measured	EX_lac__L_e	0.4703780342039405	0.4703780342039493	0.47037807310765867	0.6003560872212128	0.017940953683000735	3.650247851829137
S12	0.5%	BAY	magnitude_g1.25	fraction	EX_glc__D_e	-10.0	-10.0	-9.999999999966564	545.6271622411166	3.285223066646223	3.650247851829137
S12	0.5%	BAY	magnitude_g1.25	fraction	EX_lac__L_e	37.2632304944186	37.26323049999298	37.26323207091415	545.6271622411166	3.285223066646223	3.650247851829137
S12	0.5%	BAY	magnitude_g2.00	fraction	EX_glc__D_e	-10.0	-10.0	-9.999999998663645	570.4747061991861	3.285223066646223	3.650247851829137
S12	0.5%	BAY	magnitude_g2.00	fraction	EX_lac__L_e	40.205252452500815	40.20525245248097	40.20525308890426	570.4747061991861	3.285223066646223	3.650247851829137
S12	0.5%	BAY	magnitude_g1.00	fraction	EX_glc__D_e	-10.0	-10.0	-9.9999999993995	531.6269030717008	3.285223066646223	3.650247851829137
S12	0.5%	BAY	magnitude_g1.00	fraction	EX_lac__L_e	32.60206522392436	32.6020652238609	32.60206602268734	531.6269030717008	3.285223066646223	3.650247851829137
S12	0.5%	BAY	ordinal	measured	EX_glc__D_e	-0.2509127283648532	-0.2509127324421453	-0.2509127283649619	0.32229683707262274	0.017940953683000735	3.650247851829137
S12	0.5%	BAY	ordinal	measured	EX_lac__L_e	0.48040173933426505	0.48040173933446795	0.4804017475847535	0.32229683707262274	0.017940953683000735	3.650247851829137
S12	0.5%	BAY	uniform_pfba	measured	EX_glc__D_e	-0.006027018196770474	-0.006027046108744551	-0.006026997262797702	3.5294330895775046	0.017940953683000735	3.650247851829137
S12	0.5%	BAY	uniform_pfba	measured	EX_lac__L_e	0.0	0.0	0.10514509573101155	3.5294330895775046	0.017940953683000735	3.650247851829137
S12	0.5%	BAY	ordinal	fraction	EX_glc__D_e	-10.0	-10.0	-9.999999999889624	502.82853099957396	3.285223066646223	3.650247851829137
S12	0.5%	BAY	ordinal	fraction	EX_lac__L_e	45.584727294769145	45.58472729466224	45.58472757008192	502.82853099957396	3.285223066646223	3.650247851829137
S12	0.5%	BAY	magnitude_g2.00	measured	EX_glc__D_e	-0.24500054050784845	-0.24500054414788852	-0.24500053285386936	0.7388303648832678	0.017940953683000735	3.650247851829137
S12	0.5%	BAY	magnitude_g2.00	measured	EX_lac__L_e	0.4682835936292484	0.46828359362925115	0.46828360273456654	0.7388303648832678	0.017940953683000735	3.650247851829137
S13	21%	DMSO	magnitude_g0.80	measured	EX_glc__D_e	-0.37103246389412053	-0.37103246423956204	-0.371032463486437	1.2579196059622206	0.027172233116188327	3.650247851829137
S13	21%	DMSO	magnitude_g0.80	measured	EX_lac__L_e	0.7092326999071896	0.7092326998672897	0.7092327010900263	1.2579196059622206	0.027172233116188327	3.650247851829137
S12	0.5%	BAY	uniform_pfba	fraction	EX_glc__D_e	-10.0	-10.0	-9.999999994853324	896.0059228921607	3.285223066646223	3.650247851829137
S12	0.5%	BAY	uniform_pfba	fraction	EX_lac__L_e	0.0	0.0	3.3518741259161793	896.0059228921607	3.285223066646223	3.650247851829137
S13	21%	DMSO	magnitude_g0.50	measured	EX_glc__D_e	-0.37305635556299166	-0.3730563573025182	-0.37305635556307176	1.015459079797057	0.027172233116188327	3.650247851829137
S13	21%	DMSO	magnitude_g0.50	measured	EX_lac__L_e	0.7132207818120124	0.7132207818122789	0.7132207852910688	1.015459079797057	0.027172233116188327	3.650247851829137
S13	21%	DMSO	magnitude_g0.50	fraction	EX_glc__D_e	-10.0	-10.0	-9.999999999224329	520.5553552287146	3.285223066646223	3.650247851829137
S13	21%	DMSO	magnitude_g0.50	fraction	EX_lac__L_e	27.603000002982398	27.603000002972827	27.603000299127242	520.5553552287146	3.285223066646223	3.650247851829137
S13	21%	DMSO	magnitude_g0.80	fraction	EX_glc__D_e	-10.0	-10.0	-9.99999999959391	552.3269656917751	3.285223066646223	3.650247851829137
S13	21%	DMSO	magnitude_g0.80	fraction	EX_lac__L_e	27.603000055863824	27.60300005586199	27.60300024366294	552.3269656917751	3.285223066646223	3.650247851829137
S13	21%	DMSO	magnitude_g1.00	measured	EX_glc__D_e	-0.3710324583341661	-0.37103246410322854	-0.37103245833425275	1.396332410673883	0.027172233116188327	3.650247851829137
S13	21%	DMSO	magnitude_g1.00	measured	EX_lac__L_e	0.7092326965381176	0.7092326965384648	0.7092327008509831	1.396332410673883	0.027172233116188327	3.650247851829137
S13	21%	DMSO	magnitude_g1.00	fraction	EX_glc__D_e	-10.0	-10.0	-9.99999999994956	568.8025925037343	3.285223066646223	3.650247851829137
S13	21%	DMSO	magnitude_g1.00	fraction	EX_lac__L_e	27.602942393535862	27.60294239356708	27.60294276863192	568.8025925037343	3.285223066646223	3.650247851829137
S13	21%	DMSO	magnitude_g1.25	fraction	EX_glc__D_e	-10.0	-10.0	-9.99999999984506	584.7580894106679	3.285223066646223	3.650247851829137
S13	21%	DMSO	magnitude_g1.25	fraction	EX_lac__L_e	36.1886070585051	36.188607058507905	36.188607108260314	584.7580894106679	3.285223066646223	3.650247851829137
S13	21%	DMSO	magnitude_g2.00	fraction	EX_glc__D_e	-10.0	-10.0	-9.999999999559455	616.9750568680994	3.285223066646223	3.650247851829137
S13	21%	DMSO	magnitude_g2.00	fraction	EX_lac__L_e	35.37887743870158	35.378877438560046	35.37887823628573	616.9750568680994	3.285223066646223	3.650247851829137
S13	21%	DMSO	magnitude_g1.25	measured	EX_glc__D_e	-0.37028798991309103	-0.3702879904777878	-0.3702879899447554	1.5525348435793536	0.027172233116188327	3.650247851829137
S13	21%	DMSO	magnitude_g1.25	measured	EX_lac__L_e	0.7087071892477309	0.7087071892727445	0.7087071898159343	1.5525348435793536	0.027172233116188327	3.650247851829137
S13	21%	DMSO	uniform_pfba	fraction	EX_glc__D_e	-10.0	-10.0	-9.999999994853324	896.0059228921607	3.285223066646223	3.650247851829137
S13	21%	DMSO	uniform_pfba	fraction	EX_lac__L_e	0.0	0.0	3.3518741259161793	896.0059228921607	3.285223066646223	3.650247851829137
S13	21%	DMSO	magnitude_g2.00	measured	EX_glc__D_e	-0.370287989811868	-0.3702879901951586	-0.3702879898118282	1.948758885169736	0.027172233116188327	3.650247851829137
S13	21%	DMSO	magnitude_g2.00	measured	EX_lac__L_e	0.7087071890468123	0.7087071890098329	0.7087071896201861	1.948758885169736	0.027172233116188327	3.650247851829137
S13	21%	DMSO	ordinal	fraction	EX_glc__D_e	-10.0	-10.0	-9.999999999243961	538.3203700268544	3.285223066646223	3.650247851829137
S13	21%	DMSO	ordinal	fraction	EX_lac__L_e	36.29253799054912	36.292537990541355	36.292538390000544	538.3203700268544	3.285223066646223	3.650247851829137
S13	21%	DMSO	uniform_pfba	measured	EX_glc__D_e	-0.009128140361530812	-0.009128168914266545	-0.009128118946977782	5.3454560093345425	0.027172233116188327	3.650247851829137
S13	21%	DMSO	uniform_pfba	measured	EX_lac__L_e	0.0	0.0	0.15924606536724745	5.3454560093345425	0.027172233116188327	3.650247851829137
S13	21%	DMSO	ordinal	measured	EX_glc__D_e	-0.3739693871301303	-0.3739693923585441	-0.3739693871302743	0.8743064933911173	0.027172233116188327	3.650247851829137
S13	21%	DMSO	ordinal	measured	EX_lac__L_e	0.7151065468711482	0.7151065468713196	0.7151065573279836	0.8743064933911173	0.027172233116188327	3.650247851829137
S14	21%	BAY	magnitude_g0.50	fraction	EX_glc__D_e	-10.0	-10.0	-9.99999999908766	505.7664117885766	3.285223066646223	3.650247851829137
S14	21%	BAY	magnitude_g0.50	fraction	EX_lac__L_e	25.974906417830507	25.974906417839783	25.974906734910874	505.7664117885766	3.285223066646223	3.650247851829137
S14	21%	BAY	magnitude_g0.50	measured	EX_glc__D_e	-0.30421803702571665	-0.30421805775597605	-0.30421803702572076	0.5532906677552524	0.021948251260647308	3.650247851829137
S14	21%	BAY	magnitude_g0.50	measured	EX_lac__L_e	0.5765150056473081	0.5765150056473067	0.5765151018320579	0.5532906677552524	0.021948251260647308	3.650247851829137
S14	21%	BAY	magnitude_g0.80	fraction	EX_glc__D_e	-10.0	-10.0	-9.999999998181273	534.6668417855383	3.285223066646223	3.650247851829137
S14	21%	BAY	magnitude_g0.80	fraction	EX_lac__L_e	26.508237370755168	26.508237370920455	26.508240575126084	534.6668417855383	3.285223066646223	3.650247851829137
S14	21%	BAY	magnitude_g1.00	measured	EX_glc__D_e	-0.30068970488922303	-0.3006897150186176	-0.30068970488922836	0.7379717024341069	0.021948251260647308	3.650247851829137
S14	21%	BAY	magnitude_g1.00	measured	EX_lac__L_e	0.5730331474346237	0.5730331474346227	0.5730332023620688	0.7379717024341069	0.021948251260647308	3.650247851829137
S14	21%	BAY	magnitude_g0.80	measured	EX_glc__D_e	-0.3011250665564681	-0.3011250717121453	-0.3011250665565506	0.6710739978853905	0.021948251260647308	3.650247851829137
S14	21%	BAY	magnitude_g0.80	measured	EX_lac__L_e	0.5739038707691132	0.573903870769104	0.5739038819753084	0.6710739978853905	0.021948251260647308	3.650247851829137
S14	21%	BAY	magnitude_g1.00	fraction	EX_glc__D_e	-10.0	-10.0	-9.999999999127894	549.0487911991606	3.285223066646223	3.650247851829137
S14	21%	BAY	magnitude_g1.00	fraction	EX_lac__L_e	26.540169825686764	26.54016982574327	26.54017159625484	549.0487911991606	3.285223066646223	3.650247851829137
S14	21%	BAY	magnitude_g1.25	fraction	EX_glc__D_e	-10.0	-10.0	-9.999999999768361	563.2650882013066	3.285223066646223	3.650247851829137
S14	21%	BAY	magnitude_g1.25	fraction	EX_lac__L_e	25.93534976721655	25.935349766063045	25.935350575375764	563.2650882013066	3.285223066646223	3.650247851829137
S14	21%	BAY	magnitude_g2.00	fraction	EX_glc__D_e	-10.0	-10.0	-9.99999999907319	591.4655569990729	3.285223066646223	3.650247851829137
S14	21%	BAY	magnitude_g2.00	fraction	EX_lac__L_e	29.701362138372474	29.701362138396735	29.701364106138836	591.4655569990729	3.285223066646223	3.650247851829137
S14	21%	BAY	ordinal	fraction	EX_glc__D_e	-10.0	-10.0	-9.999999998685405	521.7708372818017	3.285223066646223	3.650247851829137
S14	21%	BAY	ordinal	fraction	EX_lac__L_e	36.292537657888495	36.29253765798091	36.292538583516745	521.7708372818017	3.285223066646223	3.650247851829137
S14	21%	BAY	ordinal	measured	EX_glc__D_e	-0.30295791989104653	-0.30295792162464824	-0.3029579159907967	0.4409211923923472	0.021948251260647308	3.650247851829137
S14	21%	BAY	ordinal	measured	EX_lac__L_e	0.5788652804505965	0.5788652804505742	0.5788652932026509	0.4409211923923472	0.021948251260647308	3.650247851829137
S14	21%	BAY	magnitude_g1.25	measured	EX_glc__D_e	-0.2996998322626689	-0.29969983809864464	-0.29969983137839595	0.8134968358611447	0.021948251260647308	3.650247851829137
S14	21%	BAY	magnitude_g1.25	measured	EX_lac__L_e	0.5728795641451768	0.57287956414527	0.5728795895668659	0.8134968358611447	0.021948251260647308	3.650247851829137
S14	21%	BAY	magnitude_g2.00	measured	EX_glc__D_e	-0.29969975283920214	-0.2996998374871523	-0.2996997528390335	1.0056475330212917	0.021948251260647308	3.650247851829137
S14	21%	BAY	magnitude_g2.00	measured	EX_lac__L_e	0.572879523610687	0.5728795236106949	0.5728795854577502	1.0056475330212917	0.021948251260647308	3.650247851829137
S14	21%	BAY	uniform_pfba	fraction	EX_glc__D_e	-10.0	-10.0	-9.999999994853324	896.0059228921607	3.285223066646223	3.650247851829137
S14	21%	BAY	uniform_pfba	fraction	EX_lac__L_e	0.0	0.0	3.3518741259161793	896.0059228921607	3.285223066646223	3.650247851829137
S15	0.5%	DMSO	magnitude_g0.50	fraction	EX_glc__D_e	-10.0	-10.0	-9.99999999953857	501.7060191856384	3.285223066646223	3.650247851829137
S15	0.5%	DMSO	magnitude_g0.50	fraction	EX_lac__L_e	26.578358796040508	26.578358796041986	26.578359095425174	501.7060191856384	3.285223066646223	3.650247851829137
S14	21%	BAY	uniform_pfba	measured	EX_glc__D_e	-0.007373215051580527	-0.007373243241693157	-0.007373193909004272	4.317768476883623	0.021948251260647308	3.650247851829137
S14	21%	BAY	uniform_pfba	measured	EX_lac__L_e	0.0	0.0	0.12863032181915476	4.317768476883623	0.021948251260647308	3.650247851829137
S15	0.5%	DMSO	magnitude_g0.80	measured	EX_glc__D_e	-0.27224267484447306	-0.2722426889785015	-0.2722426748444383	0.6470400308266685	0.01983084473213053	3.650247851829137
S15	0.5%	DMSO	magnitude_g0.80	measured	EX_lac__L_e	0.5205229305845999	0.5205229305845741	0.5205229424747737	0.6470400308266685	0.01983084473213053	3.650247851829137
S15	0.5%	DMSO	magnitude_g0.80	fraction	EX_glc__D_e	-10.0	-10.0	-9.999999999961778	531.025766928675	3.285223066646223	3.650247851829137
S15	0.5%	DMSO	magnitude_g0.80	fraction	EX_lac__L_e	27.60300008758533	27.603000087577467	27.60300009848122	531.025766928675	3.285223066646223	3.650247851829137
S15	0.5%	DMSO	magnitude_g1.00	measured	EX_glc__D_e	-0.27194519248859683	-0.27194520190712473	-0.271945192488591	0.712827991141948	0.01983084473213053	3.650247851829137
S15	0.5%	DMSO	magnitude_g1.00	measured	EX_lac__L_e	0.5199279774506104	0.5199279774505912	0.5199279887959837	0.712827991141948	0.01983084473213053	3.650247851829137
S15	0.5%	DMSO	magnitude_g0.50	measured	EX_glc__D_e	-0.2726126324917327	-0.2726126447074041	-0.2726126285663819	0.5316688411231774	0.01983084473213053	3.650247851829137
S15	0.5%	DMSO	magnitude_g0.50	measured	EX_lac__L_e	0.520784278178707	0.5207842781788281	0.5207843781232075	0.5316688411231774	0.01983084473213053	3.650247851829137
S15	0.5%	DMSO	magnitude_g1.00	fraction	EX_glc__D_e	-10.0	-10.0	-9.999999999803222	544.6349777600226	3.285223066646223	3.650247851829137
S15	0.5%	DMSO	magnitude_g1.00	fraction	EX_lac__L_e	27.093219279627586	27.09321927999235	27.09321980967671	544.6349777600226	3.285223066646223	3.650247851829137
S15	0.5%	DMSO	magnitude_g1.25	measured	EX_glc__D_e	-0.27194369317892164	-0.27194380774662386	-0.27194369317897676	0.7871941618276485	0.01983084473213053	3.650247851829137
S15	0.5%	DMSO	magnitude_g1.25	measured	EX_lac__L_e	0.5199257634474473	0.5199257634475121	0.5199259668468409	0.7871941618276485	0.01983084473213053	3.650247851829137
S15	0.5%	DMSO	magnitude_g1.25	fraction	EX_glc__D_e	-10.0	-10.0	-9.999999999498325	557.4980221189367	3.285223066646223	3.650247851829137
S15	0.5%	DMSO	magnitude_g1.25	fraction	EX_lac__L_e	30.053959508959835	30.053959508909188	30.05396034594427	557.4980221189367	3.285223066646223	3.650247851829137
S15	0.5%	DMSO	magnitude_g2.00	measured	EX_glc__D_e	-0.27029729047377365	-0.270297301465623	-0.2702972885447533	0.9760330033660228	0.01983084473213053	3.650247851829137
S15	0.5%	DMSO	magnitude_g2.00	measured	EX_lac__L_e	0.5172288229749356	0.5172288229749369	0.5172288356617127	0.9760330033660228	0.01983084473213053	3.650247851829137
S15	0.5%	DMSO	uniform_pfba	measured	EX_glc__D_e	-0.006661901266214585	-0.00666192930937618	-0.006661880233849028	3.9012217983803836	0.01983084473213053	3.650247851829137
S15	0.5%	DMSO	uniform_pfba	measured	EX_lac__L_e	0.0	0.0	0.11622101852207631	3.9012217983803836	0.01983084473213053	3.650247851829137
S15	0.5%	DMSO	magnitude_g2.00	fraction	EX_glc__D_e	-10.0	-10.0	-9.999999999658726	583.7445050019496	3.285223066646223	3.650247851829137
S15	0.5%	DMSO	magnitude_g2.00	fraction	EX_lac__L_e	38.79897907561938	38.798979075646486	38.79897934224664	583.7445050019496	3.285223066646223	3.650247851829137
S15	0.5%	DMSO	uniform_pfba	fraction	EX_glc__D_e	-10.0	-10.0	-9.999999994853324	896.0059228921607	3.285223066646223	3.650247851829137
S15	0.5%	DMSO	uniform_pfba	fraction	EX_lac__L_e	0.0	0.0	3.3518741259161793	896.0059228921607	3.285223066646223	3.650247851829137
S16	0.5%	BAY	magnitude_g0.50	fraction	EX_glc__D_e	-10.0	-10.0	-9.999999999547489	496.2242078175565	3.285223066646223	3.650247851829137
S16	0.5%	BAY	magnitude_g0.50	fraction	EX_lac__L_e	33.71521073227591	33.71521072971874	33.715215901033645	496.2242078175565	3.285223066646223	3.650247851829137
S16	0.5%	BAY	magnitude_g0.50	measured	EX_glc__D_e	-0.24668734257312674	-0.24668735734075448	-0.24668734257311767	0.42652768473174163	0.017940953683000735	3.650247851829137
S16	0.5%	BAY	magnitude_g0.50	measured	EX_lac__L_e	0.4712630069310422	0.47126300693105294	0.4712630364662991	0.42652768473174163	0.017940953683000735	3.650247851829137
S15	0.5%	DMSO	ordinal	measured	EX_glc__D_e	-0.27635931965794186	-0.27635933324551204	-0.27635931965783317	0.417911275131641	0.01983084473213053	3.650247851829137
S15	0.5%	DMSO	ordinal	measured	EX_lac__L_e	0.5282777280242972	0.5282777280241582	0.5282777574583825	0.417911275131641	0.01983084473213053	3.650247851829137
S15	0.5%	DMSO	ordinal	fraction	EX_glc__D_e	-10.0	-10.0	-9.999999999846994	517.1809713016702	3.285223066646223	3.650247851829137
S15	0.5%	DMSO	ordinal	fraction	EX_lac__L_e	32.52650200132885	32.526502001298894	32.526502843213564	517.1809713016702	3.285223066646223	3.650247851829137
S16	0.5%	BAY	magnitude_g1.00	measured	EX_glc__D_e	-0.2463166682018217	-0.24631671656270276	-0.24631666679931521	0.5605891692551407	0.017940953683000735	3.650247851829137
S16	0.5%	BAY	magnitude_g1.00	measured	EX_lac__L_e	0.47091585084243665	0.4709158508424475	0.47091594756452987	0.5605891692551407	0.017940953683000735	3.650247851829137
S16	0.5%	BAY	magnitude_g1.00	fraction	EX_glc__D_e	-10.0	-10.0	-9.999999999798028	536.0485687288941	3.285223066646223	3.650247851829137
S16	0.5%	BAY	magnitude_g1.00	fraction	EX_lac__L_e	32.60207460827294	32.6020746082385	32.60207488697718	536.0485687288941	3.285223066646223	3.650247851829137
S16	0.5%	BAY	magnitude_g1.25	fraction	EX_glc__D_e	-10.0	-10.0	-9.999999999942483	549.0323111177677	3.285223066646223	3.650247851829137
S16	0.5%	BAY	magnitude_g1.25	fraction	EX_lac__L_e	34.15535572818857	34.15535572834255	34.15535608903727	549.0323111177677	3.285223066646223	3.650247851829137
S16	0.5%	BAY	magnitude_g0.80	fraction	EX_glc__D_e	-10.0	-10.0	-9.999999999356131	522.8666307494819	3.285223066646223	3.650247851829137
S16	0.5%	BAY	magnitude_g0.80	fraction	EX_lac__L_e	32.60206580931887	32.602065809349085	32.60206617563922	522.8666307494819	3.285223066646223	3.650247851829137
S16	0.5%	BAY	magnitude_g0.80	measured	EX_glc__D_e	-0.24663017941089932	-0.2466302207119001	-0.24663017941083998	0.512055426021857	0.017940953683000735	3.650247851829137
S16	0.5%	BAY	magnitude_g0.80	measured	EX_lac__L_e	0.4711515865295257	0.47115158652945893	0.47115160823966135	0.512055426021857	0.017940953683000735	3.650247851829137
S16	0.5%	BAY	magnitude_g2.00	measured	EX_glc__D_e	-0.245000536934118	-0.24500054283508252	-0.24500053693412632	0.7530991094656981	0.017940953683000735	3.650247851829137
S16	0.5%	BAY	magnitude_g2.00	measured	EX_lac__L_e	0.4682835930023489	0.4682835930023497	0.46828360010897147	0.7530991094656981	0.017940953683000735	3.650247851829137
S16	0.5%	BAY	magnitude_g2.00	fraction	EX_glc__D_e	-10.0	-10.0	-9.999999999444022	572.9417759044088	3.285223066646223	3.650247851829137
S16	0.5%	BAY	magnitude_g2.00	fraction	EX_lac__L_e	40.160347274752695	40.16034727477495	40.16034762367401	572.9417759044088	3.285223066646223	3.650247851829137
S16	0.5%	BAY	ordinal	fraction	EX_glc__D_e	-10.0	-10.0	-9.999999999619682	510.51311717450426	3.285223066646223	3.650247851829137
S16	0.5%	BAY	ordinal	fraction	EX_lac__L_e	40.966569018488315	40.96656901842212	40.96656941955544	510.51311717450426	3.285223066646223	3.650247851829137
S16	0.5%	BAY	magnitude_g1.25	measured	EX_glc__D_e	-0.246048008256264	-0.24604801724339903	-0.2460480082562997	0.6153286242900812	0.017940953683000735	3.650247851829137
S16	0.5%	BAY	magnitude_g1.25	measured	EX_lac__L_e	0.47037853095132237	0.47037853095134446	0.47037854892557657	0.6153286242900812	0.017940953683000735	3.650247851829137
S16	0.5%	BAY	ordinal	measured	EX_glc__D_e	-0.24887064018434582	-0.2488706461656627	-0.24887064018435584	0.3397351201434153	0.017940953683000735	3.650247851829137
S16	0.5%	BAY	ordinal	measured	EX_lac__L_e	0.4780697064115214	0.47806970641154034	0.47806971837415474	0.3397351201434153	0.017940953683000735	3.650247851829137
S16	0.5%	BAY	uniform_pfba	measured	EX_glc__D_e	-0.006027018196770474	-0.006027046108744551	-0.006026997262797702	3.5294330895775046	0.017940953683000735	3.650247851829137
S16	0.5%	BAY	uniform_pfba	measured	EX_lac__L_e	0.0	0.0	0.10514509573101155	3.5294330895775046	0.017940953683000735	3.650247851829137
S16	0.5%	BAY	uniform_pfba	fraction	EX_glc__D_e	-10.0	-10.0	-9.999999994853324	896.0059228921607	3.285223066646223	3.650247851829137
S16	0.5%	BAY	uniform_pfba	fraction	EX_lac__L_e	0.0	0.0	3.3518741259161793	896.0059228921607	3.285223066646223	3.650247851829137
